,日期,最高气温,最低气温,天气,风向
0,2018-01-01,10,2,阴,2
1,2018-01-02,2,-12,阴,2
2,2018-01-03,2,-5,雪,3
3,2018-01-04,-2,-5,多云,1
4,2018-01-05,2,-4,晴,3
5,2018-01-06,3,-8,阴,2
6,2018-01-07,13,6,雨,2
7,2018-01-08,10,1,晴,4
8,2018-01-09,7,-3,晴,3
9,2018-01-10,4,-7,晴,3
10,2018-01-11,15,5,晴,2
11,2018-01-12,0,-9,晴,2
12,2018-01-13,4,-8,阴,2
13,2018-01-14,12,4,晴,3
14,2018-01-15,6,-4,霾,2
15,2018-01-16,10,-12,多云,3
16,2018-01-17,24,19,晴,2
17,2018-01-18,9,3,多云,2
18,2018-01-19,19,16,雨,2
19,2018-01-20,6,3,阴,1
20,2018-01-21,8,5,雨,2
21,2018-01-22,22,15,多云,1
22,2018-01-23,8,2,阴,3
23,2018-01-24,0,-10,多云,2
24,2018-01-25,17,12,阴,1
25,2018-01-26,-2,-10,阴,2
26,2018-01-27,16,9,阴,2
27,2018-01-28,0,-7,霾,3
28,2018-01-29,-5,-18,多云,2
29,2018-01-30,5,-1,阴,4
30,2018-01-31,3,-7,晴,2
31,2018-02-01,4,-8,多云,2
32,2018-02-02,15,10,阴,3
33,2018-02-03,1,-6,晴,3
34,2018-02-04,3,-7,多云,1
35,2018-02-05,0,-14,晴,1
36,2018-02-06,3,-11,晴,2
37,2018-02-07,1,-5,晴,3
38,2018-02-08,1,-8,多云,2
39,2018-02-09,9,0,霾,2
40,2018-02-10,-2,-10,晴,3
41,2018-02-11,8,5,多云,1
42,2018-02-12,5,-7,晴,3
43,2018-02-13,13,-4,晴,3
44,2018-02-14,11,-5,阴,2
45,2018-02-15,5,-6,多云,2
46,2018-02-16,8,-5,晴,2
47,2018-02-17,3,-6,阴,2
48,2018-02-18,8,-4,晴,1
49,2018-02-19,6,-3,霾,2
50,2018-02-20,7,-2,多云,2
51,2018-02-21,19,13,雨,2
52,2018-02-22,9,-4,多云,2
53,2018-02-23,3,-12,多云,3
54,2018-02-24,3,-4,多云,3
55,2018-02-25,5,-6,多云,2
56,2018-02-26,17,3,阴,2
57,2018-02-27,5,-1,阴,2
58,2018-02-28,5,-1,多云,2
59,2018-03-01,19,11,雨,2
60,2018-03-02,9,-3,晴,2
61,2018-03-03,10,-1,霾,1
62,2018-03-04,26,19,雨,3
63,2018-03-05,7,-2,晴,2
64,2018-03-06,4,-4,多云,3
65,2018-03-07,8,5,雨,3
66,2018-03-08,6,-2,晴,2
67,2018-03-09,7,-6,多云,3
68,2018-03-10,12,-1,霾,2
69,2018-03-11,6,-3,多云,2
70,2018-03-12,13,-1,霾,1
71,2018-03-13,21,15,雨,2
72,2018-03-14,21,7,雨,3
73,2018-03-15,19,11,雨,3
74,2018-03-16,29,17,雨,2
75,2018-03-17,15,4,多云,4
76,2018-03-18,12,-1,多云,1
77,2018-03-19,14,1,多云,2
78,2018-03-20,21,14,晴,3
79,2018-03-21,11,-1,晴,2
80,2018-03-22,23,11,晴,2
81,2018-03-23,24,5,多云,3
82,2018-03-24,23,4,晴,2
83,2018-03-25,25,5,晴,2
84,2018-03-26,25,8,多云,2
85,2018-03-27,26,17,多云,2
86,2018-03-28,27,10,多云,1
87,2018-03-29,19,9,晴,3
88,2018-03-30,20,14,晴,3
89,2018-03-31,24,8,多云,2
90,2018-04-01,27,9,霾,2
91,2018-04-02,26,11,霾,2
92,2018-04-03,14,3,雨,3
93,2018-04-04,8,0,雪,2
94,2018-04-05,6,0,多云,2
95,2018-04-06,9,3,多云,4
96,2018-04-07,13,3,晴,3
97,2018-04-08,15,-4,雨,2
98,2018-04-09,18,4,多云,2
99,2018-04-10,23,7,晴,3
100,2018-04-11,24,8,多云,2
101,2018-04-12,21,8,多云,3
102,2018-04-13,14,6,雨,3
103,2018-04-14,15,11,雨,4
104,2018-04-15,21,6,晴,2
105,2018-04-16,21,11,雨,2
106,2018-04-17,25,17,多云,2
107,2018-04-18,25,12,晴,2
108,2018-04-19,27,14,多云,3
109,2018-04-20,30,13,晴,3
110,2018-04-21,17,12,雨,3
111,2018-04-22,15,12,阴,2
112,2018-04-23,19,11,多云,2
113,2018-04-24,24,9,阴,2
114,2018-04-25,21,14,雨,2
115,2018-04-26,28,11,晴,2
116,2018-04-27,26,11,晴,3
117,2018-04-28,28,13,霾,2
118,2018-04-29,28,17,雨,2
119,2018-04-30,24,14,阴,3
120,2018-05-01,24,13,雨,2
121,2018-05-02,23,13,雨,2
122,2018-05-03,24,13,晴,2
123,2018-05-04,27,10,晴,2
124,2018-05-05,25,15,阴,3
125,2018-05-06,27,13,阴,2
126,2018-05-07,26,15,阴,2
127,2018-05-08,26,12,多云,2
128,2018-05-09,26,13,多云,2
129,2018-05-10,26,15,阴,2
130,2018-05-11,23,16,阴,2
131,2018-05-12,25,15,雨,2
132,2018-05-13,27,22,阴,2
133,2018-05-14,32,17,多云,2
134,2018-05-15,30,23,雨,3
135,2018-05-16,29,22,雨,2
136,2018-05-17,24,19,多云,2
137,2018-05-18,28,18,晴,2
138,2018-05-19,28,16,雨,2
139,2018-05-20,18,16,阴,2
140,2018-05-21,18,14,阴,2
141,2018-05-22,25,14,晴,3
142,2018-05-23,31,10,晴,3
143,2018-05-24,31,26,多云,2
144,2018-05-25,31,17,晴,2
145,2018-05-26,30,19,阴转小雨,3
146,2018-05-27,32,17,多云,2
147,2018-05-28,29,19,晴,3
148,2018-05-29,31,15,晴,3
149,2018-05-30,33,16,晴,2
150,2018-05-31,35,18,晴,1
151,2018-06-01,34,19,多云,2
152,2018-06-02,27,15,阴,3
153,2018-06-03,30,21,阴,2
154,2018-06-04,35,18,晴,3
155,2018-06-05,38,21,阴,3
156,2018-06-06,33,25,阴,2
157,2018-06-07,32,25,多云,2
158,2018-06-08,31,20,阴,2
159,2018-06-09,23,18,雨,2
160,2018-06-10,25,17,多云,2
161,2018-06-11,29,17,晴转小雨,2
162,2018-06-12,30,19,小雨,2
163,2018-06-13,27,18,阴,2
164,2018-06-14,32,19,多云,2
165,2018-06-15,30,19,多云,3
166,2018-06-16,29,20,阴,2
167,2018-06-17,28,21,多云,2
168,2018-06-18,31,22,雨,2
169,2018-06-19,28,22,多云,3
170,2018-06-20,36,20,多云,2
171,2018-06-21,35,21,阴,2
172,2018-06-22,30,23,阴,2
173,2018-06-23,36,22,晴,2
174,2018-06-24,34,25,多云,3
175,2018-06-25,30,25,雨,2
176,2018-06-26,32,25,晴,2
177,2018-06-27,36,25,晴,3
178,2018-06-28,36,25,晴,3
179,2018-06-29,35,24,雨,2
180,2018-06-30,35,25,多云,2
181,2018-07-01,32,23,晴,2
182,2018-07-02,31,23,雨,2
183,2018-07-03,32,23,阴,2
184,2018-07-04,35,24,多云,2
185,2018-07-05,34,25,中雨,2
186,2018-07-06,34,24,多云,2
187,2018-07-07,26,23,小雨到中雨,2
188,2018-07-08,30,23,雨,2
189,2018-07-09,28,23,小雨,2
190,2018-07-10,29,22,多云,2
191,2018-07-11,25,21,中雨到暴雨,2
192,2018-07-12,27,21,阴,1
193,2018-07-13,29,24,小雨到中雨,2
194,2018-07-14,32,24,多云,2
195,2018-07-15,34,25,多云,2
196,2018-07-16,29,24,雨,2
197,2018-07-17,27,24,雨,2
198,2018-07-18,30,24,多云,2
199,2018-07-19,30,24,大雨到暴风雨,2
200,2018-07-20,33,27,雨,3
201,2018-07-21,34,26,多云,3
202,2018-07-22,31,25,多云,2
203,2018-07-23,33,25,雨,2
204,2018-07-24,33,25,阴转小雨,1
205,2018-07-25,34,24,晴,2
206,2018-07-26,34,25,晴,2
207,2018-07-27,32,23,多云,2
208,2018-07-28,32,24,晴,2
209,2018-07-29,34,24,晴,2
210,2018-07-30,35,25,晴,2
211,2018-07-31,36,26,晴,2
212,2018-08-01,36,27,晴,2
213,2018-08-02,36,27,晴,2
214,2018-08-03,36,27,晴,2
215,2018-08-04,36,26,晴,2
216,2018-08-05,33,27,雨,3
217,2018-08-06,29,23,多云,2
218,2018-08-07,31,24,小雨到中雨,2
219,2018-08-08,28,24,小雨到暴雨,2
220,2018-08-09,33,24,多云,1
221,2018-08-10,34,24,多云,2
222,2018-08-11,30,25,雨,2
223,2018-08-12,29,26,小雨到暴风雨,3
224,2018-08-13,34,26,多云,2
225,2018-08-14,28,24,小雨,2
226,2018-08-15,32,24,晴,3
227,2018-08-16,32,23,多云,2
228,2018-08-17,31,22,晴,2
229,2018-08-18,27,22,小雨到中雨,2
230,2018-08-19,26,23,小雨转多云,2
231,2018-08-20,33,23,晴,2
232,2018-08-21,33,21,多云,3
233,2018-08-22,29,21,晴,2
234,2018-08-23,32,24,晴,3
235,2018-08-24,32,21,晴,2
236,2018-08-25,31,20,多云,2
237,2018-08-26,31,22,晴,2
238,2018-08-27,30,23,多云,2
239,2018-08-28,30,22,晴,2
240,2018-08-29,32,23,多云,2
241,2018-08-30,28,20,多云,2
242,2018-08-31,29,20,多云,2
243,2018-09-01,28,19,中雨,2
244,2018-09-02,27,21,多云,2
245,2018-09-03,32,20,晴,3
246,2018-09-04,30,20,晴,3
247,2018-09-05,31,18,晴,2
248,2018-09-06,27,20,晴,3
249,2018-09-07,27,18,晴,3
250,2018-09-08,27,16,晴,2
251,2018-09-09,28,15,晴,2
252,2018-09-10,28,16,多云,2
253,2018-09-11,26,18,多云,2
254,2018-09-12,29,19,多云,2
255,2018-09-13,29,18,多云,2
256,2018-09-14,28,20,多云,2
257,2018-09-15,26,20,多云,3
258,2018-09-16,25,16,晴,2
259,2018-09-17,27,14,多云,2
260,2018-09-18,25,16,多云,2
261,2018-09-19,25,17,多云,1
262,2018-09-20,27,15,晴,2
263,2018-09-21,25,15,晴,3
264,2018-09-22,24,14,晴,3
265,2018-09-23,24,13,晴,3
266,2018-09-24,23,12,晴,2
267,2018-09-25,24,11,晴,2
268,2018-09-26,24,12,晴,2
269,2018-09-27,22,14,多云,2
270,2018-09-28,24,13,晴,2
271,2018-09-29,21,10,晴,3
272,2018-09-30,19,8,晴,4
273,2018-10-01,25,13,晴,3
274,2018-10-02,24,12,晴,2
275,2018-10-03,26,11,晴,2
276,2018-10-04,25,10,晴,2
277,2018-10-05,24,12,多云,2
278,2018-10-06,20,12,晴,4
279,2018-10-07,21,8,晴,2
280,2018-10-08,21,5,多云,2
281,2018-10-09,16,8,晴,4
282,2018-10-10,17,3,晴,2
283,2018-10-11,18,4,晴,2
284,2018-10-12,18,13,阴,2
285,2018-10-13,20,7,晴,1
286,2018-10-14,20,8,霾,1
287,2018-10-15,17,10,多云,2
288,2018-10-16,17,7,晴,2
289,2018-10-17,18,7,晴,1
290,2018-10-18,18,4,阴,1
291,2018-10-19,19,5,晴,1
292,2018-10-20,18,5,晴,1
293,2018-10-21,17,7,晴,1
294,2018-10-22,19,6,晴,2
295,2018-10-23,19,5,晴,2
296,2018-10-24,21,4,多云,1
297,2018-10-25,16,6,晴,2
298,2018-10-26,14,8,晴,4
299,2018-10-27,17,3,晴,3
300,2018-10-28,18,5,晴,3
301,2018-10-29,15,4,晴,3
302,2018-10-30,16,3,晴,2
303,2018-10-31,17,1,晴,1
304,2018-11-01,17,3,晴,1
305,2018-11-02,15,3,晴,1
306,2018-11-03,16,4,多云,2
307,2018-11-04,11,5,多云,2
308,2018-11-05,10,2,晴,1
309,2018-11-06,12,2,晴,2
310,2018-11-07,12,0,多云,1
311,2018-11-08,14,2,晴,1
312,2018-11-09,16,2,晴,3
313,2018-11-10,11,1,阴,1
314,2018-11-11,14,2,晴,1
315,2018-11-12,2,-5,阴,3
316,2018-11-13,13,2,霾,1
317,2018-11-14,13,4,霾,1
318,2018-11-15,10,4,多云,2
319,2018-11-16,17,13,多云,3
320,2018-11-17,15,9,小雨,3
321,2018-11-18,24,18,阴,1
322,2018-11-19,10,-3,晴,1
323,2018-11-20,10,-2,多云,2
324,2018-11-21,15,11,阴,3
325,2018-11-22,8,-3,晴,2
326,2018-11-23,7,-3,晴,2
327,2018-11-24,10,0,霾,2
328,2018-11-25,10,-3,晴,1
329,2018-11-26,23,17,阴,2
330,2018-11-27,9,-2,晴,3
331,2018-11-28,13,1,霾,2
332,2018-11-29,23,17,晴,2
333,2018-11-30,17,8,阴,1
334,2018-12-01,7,-3,阴,1
335,2018-12-02,8,1,阴,1
336,2018-12-03,8,1,多云,3
337,2018-12-04,4,-3,晴,2
338,2018-12-05,25,20,阴,2
339,2018-12-06,-2,-7,晴,3
340,2018-12-07,0,-3,阴,3
341,2018-12-08,-2,-10,晴,3
342,2018-12-09,-1,-10,晴,1
343,2018-12-10,0,-10,多云,1
344,2018-12-11,7,5,阴,2
345,2018-12-12,1,-10,晴,2
346,2018-12-13,3,-8,晴,2
347,2018-12-14,4,-8,晴,1
348,2018-12-15,2,-7,多云,1
349,2018-12-16,7,-6,晴,2
350,2018-12-17,8,-4,晴,2
351,2018-12-18,18,4,晴,1
352,2018-12-19,8,-4,晴,1
353,2018-12-20,6,-5,阴,1
354,2018-12-21,28,21,多云,3
355,2018-12-22,8,-2,多云,2
356,2018-12-23,11,5,多云,3
357,2018-12-24,9,5,阴,1
358,2018-12-25,3,-8,晴,3
359,2018-12-26,-2,-9,多云,2
360,2018-12-27,-6,-11,晴,4
361,2018-12-28,-4,-11,晴,3
362,2018-12-29,-3,-12,晴,2
363,2018-12-30,4,1,阴,3
364,2018-12-31,4,0,多云,2
365,2019-01-01,1,-10,晴,2
366,2019-01-02,1,-11,霾,1
367,2019-01-03,2,-9,阴,1
368,2019-01-04,7,5,小雨,2
369,2019-01-05,0,-8,多云,2
370,2019-01-06,3,-8,晴,1
371,2019-01-07,2,-7,晴,2
372,2019-01-08,1,-7,晴,2
373,2019-01-09,2,-10,晴,1
374,2019-01-10,4,-9,多云,1
375,2019-01-11,5,-7,霾,1
376,2019-01-12,5,-6,霾,1
377,2019-01-13,6,-5,霾,2
378,2019-01-14,6,-7,晴,2
379,2019-01-15,-2,-8,晴,3
380,2019-01-16,2,-10,晴,1
381,2019-01-17,5,-8,阴,2
382,2019-01-18,6,-9,多云,1
383,2019-01-19,4,-5,晴,2
384,2019-01-20,5,-5,晴,3
385,2019-01-21,9,-6,晴,2
386,2019-01-22,10,-4,晴,2
387,2019-01-23,10,-3,晴,2
388,2019-01-24,5,-4,多云,2
389,2019-01-25,5,-4,晴,2
390,2019-01-26,5,-6,多云,2
391,2019-01-27,7,-5,晴,2
392,2019-01-28,6,-4,晴,2
393,2019-01-29,7,-4,多云,1
394,2019-01-30,3,-4,多云,3
395,2019-01-31,1,-7,晴,2
396,2019-02-01,6,-8,晴,1
397,2019-02-02,3,-5,霾,1
398,2019-02-03,7,-3,晴,3
399,2019-02-04,4,-7,晴,2
400,2019-02-05,5,-6,多云,2
401,2019-02-06,2,-7,多云,2
402,2019-02-07,-3,-7,多云,3
403,2019-02-08,-1,-7,晴,2
404,2019-02-09,0,-7,多云,2
405,2019-02-10,-1,-8,多云,2
406,2019-02-11,3,-8,多云,2
407,2019-02-12,-3,-6,多云,2
408,2019-02-13,0,-6,阴,2
409,2019-02-14,-2,-6,多云,2
410,2019-02-15,1,-6,晴,3
411,2019-02-16,2,-7,晴,3
412,2019-02-17,5,0,阴,2
413,2019-02-18,3,-3,阴,1
414,2019-02-19,6,-3,晴,1
415,2019-02-20,7,-3,霾,2
416,2019-02-21,10,-4,霾,1
417,2019-02-22,10,-3,多云,1
418,2019-02-23,12,-2,霾,1
419,2019-02-24,12,-1,阴,2
420,2019-02-25,10,-3,多云,2
421,2019-02-26,9,2,多云,2
422,2019-02-27,23,18,多云,3
423,2019-02-28,13,-2,霾,1
424,2019-03-01,14,-1,霾,1
425,2019-03-02,14,1,阴,2
426,2019-03-03,13,2,晴,2
427,2019-03-04,15,2,霾,1
428,2019-03-05,17,3,晴,3
429,2019-03-06,11,4,晴,3
430,2019-03-07,13,-2,晴,2
431,2019-03-08,14,-1,多云,2
432,2019-03-09,12,3,多云,1
433,2019-03-10,13,2,多云,2
434,2019-03-11,16,2,晴,3
435,2019-03-12,12,1,晴,3
436,2019-03-13,16,1,晴,2
437,2019-03-14,16,2,晴,3
438,2019-03-15,14,4,晴,3
439,2019-03-16,19,2,晴,2
440,2019-03-17,20,2,多云,2
441,2019-03-18,21,5,晴,1
442,2019-03-19,25,5,多云,2
443,2019-03-20,20,9,多云,2
444,2019-03-21,13,5,晴,3
445,2019-03-22,15,0,晴,3
446,2019-03-23,12,3,晴,3
447,2019-03-24,19,2,晴,3
448,2019-03-25,22,5,晴,2
449,2019-03-26,19,5,晴,2
450,2019-03-27,21,4,多云,2
451,2019-03-28,11,4,晴,2
452,2019-03-29,12,-3,多云,3
453,2019-03-30,12,4,晴,4
454,2019-03-31,16,0,多云,2
455,2019-04-01,16,2,多云,2
456,2019-04-02,19,4,晴,2
457,2019-04-03,21,3,晴,2
458,2019-04-04,28,9,晴,3
459,2019-04-05,21,9,多云,3
460,2019-04-06,19,8,晴,2
461,2019-04-07,19,6,多云,2
462,2019-04-08,17,6,阴,2
463,2019-04-09,10,5,多云,2
464,2019-04-10,18,3,多云,2
465,2019-04-11,19,8,晴,2
466,2019-04-12,22,6,晴,3
467,2019-04-13,23,9,晴,2
468,2019-04-14,23,7,晴,3
469,2019-04-15,26,8,多云,2
470,2019-04-16,26,12,晴,2
471,2019-04-17,28,14,晴,3
472,2019-04-18,23,13,多云,3
473,2019-04-19,20,10,阴转雨,2
474,2019-04-20,15,10,阴,2
475,2019-04-21,22,8,晴,2
476,2019-04-22,26,8,晴转多云,2
477,2019-04-23,27,14,晴转多云,2
478,2019-04-24,19,5,大雨转雨,3
479,2019-04-25,18,10,小雨到大雨转雨,2
480,2019-04-26,20,8,多云,2
481,2019-04-27,16,8,多云,3
482,2019-04-28,18,5,多云,2
483,2019-04-29,31,22,阴转多云,2
484,2019-04-30,23,10,多云,1
485,2019-05-01,28,12,晴,2
486,2019-05-02,29,12,晴,2
487,2019-05-03,20,8,多云,2
488,2019-05-04,28,16,晴转多云,2
489,2019-05-05,23,16,晴,4
490,2019-05-06,25,10,晴,2
491,2019-05-07,28,10,多云,2
492,2019-05-08,25,14,晴转多云,2
493,2019-05-09,30,14,晴转多云,2
494,2019-05-10,30,14,晴转多云,2
495,2019-05-11,29,14,晴转多云,2
496,2019-05-12,29,9,小雨转雨,3
497,2019-05-13,26,9,晴,3
498,2019-05-14,29,12,多云,2
499,2019-05-15,28,16,晴,2
500,2019-05-16,32,16,晴,2
501,2019-05-17,31,19,阴转雨,2
502,2019-05-18,28,19,晴转雨,2
503,2019-05-19,26,15,晴,4
504,2019-05-20,26,12,晴,4
505,2019-05-21,32,13,晴,2
506,2019-05-22,35,14,晴,2
507,2019-05-23,37,17,多云,2
508,2019-05-24,33,21,多云,3
509,2019-05-25,34,21,阴转雨,2
510,2019-05-26,23,12,阴转雨,2
511,2019-05-27,29,17,晴转多云,3
512,2019-05-28,32,15,晴,2
513,2019-05-29,32,16,多云,2
514,2019-05-30,30,22,晴,3
515,2019-05-31,30,16,阴,3
516,2019-06-01,28,19,多云转雨,2
517,2019-06-02,29,18,小雨转多云,2
518,2019-06-03,33,20,晴转多云,2
519,2019-06-04,26,19,阴转雨,2
520,2019-06-05,31,19,小雨转雨,2
521,2019-06-06,25,19,晴转多云,2
522,2019-06-07,31,17,阴,2
523,2019-06-08,33,20,多云转晴,2
524,2019-06-09,30,21,晴,3
525,2019-06-10,32,17,晴,2
526,2019-06-11,31,18,晴转多云,2
527,2019-06-12,30,20,阴,2
528,2019-06-13,28,23,晴转雨,2
529,2019-06-14,33,19,晴转多云,2
530,2019-06-15,31,20,阴转多云,2
531,2019-06-16,23,19,晴转多云,2
532,2019-06-17,28,17,多云,2
533,2019-06-18,32,20,阴转雨,2
534,2019-06-19,30,22,阴,2
535,2019-06-20,34,22,晴转多云,2
536,2019-06-21,30,24,多云,3
537,2019-06-22,34,20,晴转多云,2
538,2019-06-23,35,22,多云,2
539,2019-06-24,36,23,多云转晴,2
540,2019-06-25,35,23,晴转多云,3
541,2019-06-26,34,25,多云转阴,2
542,2019-06-27,32,23,多云,2
543,2019-06-28,30,24,晴,2
544,2019-06-29,34,22,晴,3
545,2019-06-30,32,23,晴,3
546,2019-07-01,34,21,多云,2
547,2019-07-02,33,22,晴,2
548,2019-07-03,35,22,晴,2
549,2019-07-04,37,24,多云,2
550,2019-07-05,29,20,多云转雨,3
551,2019-07-06,27,19,小雨到中雨,3
552,2019-07-07,28,21,多云,3
553,2019-07-08,30,21,阴,2
554,2019-07-09,28,22,多云转雨,2
555,2019-07-10,21,17,多云转雨,2
556,2019-07-11,29,20,晴转多云,2
557,2019-07-12,32,22,晴,2
558,2019-07-13,33,21,大雨转雨,2
559,2019-07-14,31,24,晴,2
560,2019-07-15,35,23,多云转阴,2
561,2019-07-16,31,24,小雨转雨,2
562,2019-07-17,27,23,小雨转雨,2
563,2019-07-18,31,24,多云,2
564,2019-07-19,29,26,多云,3
565,2019-07-20,30,24,晴,2
566,2019-07-21,36,24,多云转阴,2
567,2019-07-22,35,24,小雨到大雨,2
568,2019-07-23,35,26,晴,2
569,2019-07-24,36,26,阴,2
570,2019-07-25,36,25,多云转晴,3
571,2019-07-26,36,27,晴,2
572,2019-07-27,36,26,多云转晴,3
573,2019-07-28,33,26,小雨到中雨,2
574,2019-07-29,28,24,多云,2
575,2019-07-30,34,22,晴转雨,2
576,2019-07-31,35,25,多云转晴,2
577,2019-08-01,31,25,多云转雨,2
578,2019-08-02,30,25,多云,2
579,2019-08-03,30,24,多云,2
580,2019-08-04,28,24,阴转雨,2
581,2019-08-05,28,24,多云,2
582,2019-08-06,30,24,多云转雨,2
583,2019-08-07,29,24,多云转晴,2
584,2019-08-08,32,24,阴,2
585,2019-08-09,31,24,小雨到暴雨,2
586,2019-08-10,28,24,多云转雨,2
587,2019-08-11,26,21,风转雨,5
588,2019-08-12,30,23,多云转雨,3
589,2019-08-13,28,23,多云转晴,3
590,2019-08-14,31,22,晴,2
591,2019-08-15,32,23,多云转雨,2
592,2019-08-16,31,23,晴,3
593,2019-08-17,29,16,多云,1
594,2019-08-18,32,20,晴转多云,2
595,2019-08-19,31,21,阴,2
596,2019-08-20,27,21,多云,3
597,2019-08-21,30,19,晴转多云,3
598,2019-08-22,32,19,晴转多云,2
599,2019-08-23,30,20,阴,2
600,2019-08-24,30,19,晴,2
601,2019-08-25,30,18,多云转晴,3
602,2019-08-26,27,20,多云,2
603,2019-08-27,33,19,晴,2
604,2019-08-28,31,20,多云转晴,3
605,2019-08-29,29,20,晴,3
606,2019-08-30,30,19,晴,2
607,2019-08-31,31,17,晴,2
608,2019-09-01,32,19,晴,2
609,2019-09-02,33,19,晴,2
610,2019-09-03,32,19,晴,2
611,2019-09-04,31,20,多云,2
612,2019-09-05,32,19,晴,2
613,2019-09-06,32,20,晴,2
614,2019-09-07,33,21,晴转多云,2
615,2019-09-08,34,21,多云,2
616,2019-09-09,31,20,大雨到暴雨,2
617,2019-09-10,24,20,阴,2
618,2019-09-11,25,18,多云,2
619,2019-09-12,26,18,小雨转雨,2
620,2019-09-13,27,18,多云,2
621,2019-09-14,29,17,多云,2
622,2019-09-15,28,17,晴,2
623,2019-09-16,27,17,多云,2
624,2019-09-17,28,16,晴,2
625,2019-09-18,25,15,多云,2
626,2019-09-19,25,17,多云转晴,2
627,2019-09-20,27,16,晴转多云,1
628,2019-09-21,27,16,晴,2
629,2019-09-22,27,16,晴,1
630,2019-09-23,29,17,晴,2
631,2019-09-24,30,18,晴,2
632,2019-09-25,29,15,晴,2
633,2019-09-26,29,15,晴,2
634,2019-09-27,27,15,晴,2
635,2019-09-28,29,16,晴,2
636,2019-09-29,28,17,晴,2
637,2019-09-30,29,19,晴,2
638,2019-10-01,29,19,晴,2
639,2019-10-02,28,18,晴,2
640,2019-10-03,31,17,晴转多云,2
641,2019-10-04,15,12,晴转多云,2
642,2019-10-05,18,9,阴,2
643,2019-10-06,19,9,晴转多云,2
644,2019-10-07,24,10,晴,2
645,2019-10-08,20,11,晴转多云,3
646,2019-10-09,21,9,阴,2
647,2019-10-10,20,12,阴,2
648,2019-10-11,18,12,多云,2
649,2019-10-12,18,13,阴,2
650,2019-10-13,13,6,晴,2
651,2019-10-14,15,6,晴转多云,2
652,2019-10-15,17,3,多云转阴,1
653,2019-10-16,15,6,阴,2
654,2019-10-17,13,9,阴转多云,1
655,2019-10-18,17,6,晴,1
656,2019-10-19,18,8,霾转晴,2
657,2019-10-20,22,11,晴,3
658,2019-10-21,20,8,晴转多云,2
659,2019-10-22,19,6,阴转多云,1
660,2019-10-23,20,8,晴转多云,1
661,2019-10-24,16,9,晴,3
662,2019-10-25,13,4,晴转多云,3
663,2019-10-26,16,1,晴,2
664,2019-10-27,17,4,晴,2
665,2019-10-28,15,4,晴,4
666,2019-10-29,15,4,晴,1
667,2019-10-30,20,4,晴,2
668,2019-10-31,22,8,晴,2
669,2019-11-01,17,7,阴,2
670,2019-11-02,13,9,多云转阴,2
671,2019-11-03,13,8,晴,2
672,2019-11-04,15,5,晴,1
673,2019-11-05,17,7,阴,2
674,2019-11-06,15,6,晴,1
675,2019-11-07,12,6,晴,2
676,2019-11-08,16,1,晴,1
677,2019-11-09,13,4,中雨转雨,1
678,2019-11-10,16,8,晴,4
679,2019-11-11,16,7,晴转多云,2
680,2019-11-12,17,5,多云,2
681,2019-11-13,8,0,晴,4
682,2019-11-14,8,-3,晴转多云,2
683,2019-11-15,8,0,阴,2
684,2019-11-16,8,2,多云转阴,2
685,2019-11-17,10,0,晴,3
686,2019-11-18,3,-3,晴,4
687,2019-11-19,5,-3,晴转多云,2
688,2019-11-20,7,-3,晴转多云,1
689,2019-11-21,6,-2,晴,1
690,2019-11-22,9,-1,霾转多云,1
691,2019-11-23,12,2,多云,2
692,2019-11-24,6,0,晴,4
693,2019-11-25,2,-4,晴转多云,2
694,2019-11-26,4,-4,晴转多云,1
695,2019-11-27,3,-2,晴,2
696,2019-11-28,2,-6,多云转晴,1
697,2019-11-29,1,-5,雪,2
698,2019-11-30,4,-3,阴,2
699,2019-12-01,3,-4,晴,3
700,2019-12-02,3,-4,晴,3
701,2019-12-03,6,-3,晴,2
702,2019-12-04,8,-2,晴,2
703,2019-12-05,1,-4,晴,2
704,2019-12-06,3,-6,晴,1
705,2019-12-07,4,-4,多云,1
706,2019-12-08,1,-6,霾转晴,1
707,2019-12-09,2,-6,霾,1
708,2019-12-10,8,-4,晴,3
709,2019-12-11,21,9,晴,2
710,2019-12-12,5,-6,晴,1
711,2019-12-13,10,-6,晴,2
712,2019-12-14,5,-4,晴,1
713,2019-12-15,3,-4,阴转雪,1
714,2019-12-16,5,-2,晴转多云,1
715,2019-12-17,4,-2,晴,3
716,2019-12-18,2,-7,晴,2
717,2019-12-19,2,-5,晴,3
718,2019-12-20,2,-8,晴,1
719,2019-12-21,2,-6,阴转多云,1
720,2019-12-22,5,-6,晴转多云,2
721,2019-12-23,2,-5,阴,2
722,2019-12-24,1,-3,多云,2
723,2019-12-25,5,-6,阴,2
724,2019-12-26,4,-6,晴,2
725,2019-12-27,4,-7,晴,1
726,2019-12-28,4,-6,多云转晴,2
727,2019-12-29,6,-7,晴转多云,3
728,2019-12-30,24,20,多云,3
729,2019-12-31,-3,-12,晴,2
730,2020-01-01,1,-10,晴转多云,1
731,2020-01-02,3,-9,多云,1
732,2020-01-03,6,-8,晴,1
733,2020-01-04,8,-5,晴转多云,2
734,2020-01-05,3,-5,雪,1
735,2020-01-06,3,-2,阴,1
736,2020-01-07,2,-2,晴转多云,3
737,2020-01-08,5,-5,晴,2
738,2020-01-09,5,-6,晴转多云,1
739,2020-01-10,6,-6,晴,2
740,2020-01-11,1,-5,雪转阴,2
741,2020-01-12,3,-7,晴,1
742,2020-01-13,2,-7,晴,3
743,2020-01-14,1,-8,晴转多云,2
744,2020-01-15,3,-9,阴转多云,1
745,2020-01-16,2,-7,阴,2
746,2020-01-17,3,-7,霾转晴,1
747,2020-01-18,3,-7,晴,1
748,2020-01-19,6,-4,晴,3
749,2020-01-20,5,-4,晴,2
750,2020-01-21,5,-7,晴,1
751,2020-01-22,6,-5,晴,1
752,2020-01-23,8,-3,晴,2
753,2020-01-24,3,-6,晴,2
754,2020-01-25,5,-6,霾,1
755,2020-01-26,5,-5,霾,1
756,2020-01-27,4,-4,霾,1
757,2020-01-28,5,-4,霾,1
758,2020-01-29,7,-4,晴,1
759,2020-01-30,6,-4,晴,1
760,2020-01-31,7,-6,晴,2
761,2020-02-01,5,-5,多云转雪,2
762,2020-02-02,3,-3,晴,2
763,2020-02-03,3,-7,晴转多云,2
764,2020-02-04,1,-6,晴,3
765,2020-02-05,-2,-8,雪,2
766,2020-02-06,-1,-6,多云,2
767,2020-02-07,3,-9,晴,1
768,2020-02-08,6,-6,晴转多云,2
769,2020-02-09,10,-6,霾转晴,1
770,2020-02-10,10,-4,霾,1
771,2020-02-11,11,-4,霾转晴,1
772,2020-02-12,11,-2,霾,1
773,2020-02-13,9,-2,霾转多云,2
774,2020-02-14,0,-2,阴转多云,3
775,2020-02-15,0,-7,晴转多云,4
776,2020-02-16,4,-4,晴,4
777,2020-02-17,8,-5,雪转晴,3
778,2020-02-18,10,-5,晴,2
779,2020-02-19,9,-4,晴,2
780,2020-02-20,6,-4,晴转多云,1
781,2020-02-21,11,-3,晴,2
782,2020-02-22,10,-2,晴,3
783,2020-02-23,11,-3,晴转多云,1
784,2020-02-24,10,0,多云,2
785,2020-02-25,9,3,晴,2
786,2020-02-26,9,-2,多云转阴,2
787,2020-02-27,5,-2,多云,3
788,2020-02-28,9,-3,晴,2
789,2020-02-29,5,0,多云,2
790,2020-03-01,11,0,晴,3
791,2020-03-02,11,-3,阴转雪,2
792,2020-03-03,8,-1,晴,3
793,2020-03-04,7,-3,晴,2
794,2020-03-05,10,-2,晴转多云,3
795,2020-03-06,10,-2,阴转雨,2
796,2020-03-07,14,1,多云,2
797,2020-03-08,10,1,小雨转雨,2
798,2020-03-09,11,5,多云,2
799,2020-03-10,12,-1,晴,3
800,2020-03-11,14,-4,晴,1
801,2020-03-12,14,1,多云,3
802,2020-03-13,10,-2,晴,3
803,2020-03-14,15,-1,晴,3
804,2020-03-15,17,3,晴,2
805,2020-03-16,15,0,晴,2
806,2020-03-17,20,3,晴,2
807,2020-03-18,23,3,晴,3
808,2020-03-19,17,5,晴,3
809,2020-03-20,24,4,晴转多云,2
810,2020-03-21,18,7,晴,2
811,2020-03-22,22,3,晴,2
812,2020-03-23,23,7,晴转多云,2
813,2020-03-24,17,6,多云,2
814,2020-03-25,22,5,多云转雨,2
815,2020-03-26,12,6,阴转多云,4
816,2020-03-27,13,2,晴,3
817,2020-03-28,14,-1,晴,2
818,2020-03-29,17,2,晴,2
819,2020-03-30,18,5,多云转阴,3
820,2020-03-31,20,7,多云,3
821,2020-04-01,15,7,晴,3
822,2020-04-02,20,3,晴,2
823,2020-04-03,24,7,晴,2
824,2020-04-04,18,9,晴,3
825,2020-04-05,19,4,多云,2
826,2020-04-06,23,6,晴转多云,2
827,2020-04-07,18,9,晴,2
828,2020-04-08,17,5,多云,2
829,2020-04-09,12,7,多云,2
830,2020-04-10,17,4,晴,2
831,2020-04-11,22,6,晴,2
832,2020-04-12,23,10,晴,3
833,2020-04-13,26,6,晴转多云,2
834,2020-04-14,26,10,晴转多云,2
835,2020-04-15,26,11,阴转雨,3
836,2020-04-16,21,11,晴转多云,3
837,2020-04-17,22,8,晴转多云,3
838,2020-04-18,23,13,阴,2
839,2020-04-19,22,13,晴转雨,3
840,2020-04-20,17,7,晴,4
841,2020-04-21,14,4,晴,4
842,2020-04-22,16,4,晴,4
843,2020-04-23,19,6,晴,3
844,2020-04-24,28,6,晴,3
845,2020-04-25,22,12,晴转多云,3
846,2020-04-26,22,9,晴转多云,2
847,2020-04-27,24,7,晴,2
848,2020-04-28,29,11,晴,2
849,2020-04-29,31,16,晴转多云,2
850,2020-04-30,33,15,晴,2
851,2020-05-01,35,17,晴,2
852,2020-05-02,33,21,晴,3
853,2020-05-03,31,17,小雨转雨,3
854,2020-05-04,20,13,多云,3
855,2020-05-05,26,10,晴转多云,2
856,2020-05-06,25,13,多云转阴,2
857,2020-05-07,19,13,小雨转雨,2
858,2020-05-08,17,13,多云,2
859,2020-05-09,20,11,晴转多云,2
860,2020-05-10,25,13,多云,3
861,2020-05-11,28,14,霾转多云,4
862,2020-05-12,28,13,晴,3
863,2020-05-13,30,12,多云转阴,2
864,2020-05-14,30,18,晴转多云,3
865,2020-05-15,25,15,阴转雨,2
866,2020-05-16,28,15,晴转多云,2
867,2020-05-17,23,13,晴转多云,2
868,2020-05-18,27,14,晴,3
869,2020-05-19,29,15,晴转多云,2
870,2020-05-20,29,15,阴,2
871,2020-05-21,23,16,多云转雨,2
872,2020-05-22,30,15,多云,3
873,2020-05-23,27,16,晴,3
874,2020-05-24,29,16,晴转多云,2
875,2020-05-25,25,17,多云,2
876,2020-05-26,28,13,多云,2
877,2020-05-27,29,16,晴,3
878,2020-05-28,32,16,多云,3
879,2020-05-29,33,17,多云,2
880,2020-05-30,30,19,阴转雨,3
881,2020-05-31,28,17,晴转多云,3
882,2020-06-01,30,16,多云转雨,3
883,2020-06-02,32,16,晴,2
884,2020-06-03,33,21,晴,3
885,2020-06-04,29,20,多云,3
886,2020-06-05,29,18,晴,2
887,2020-06-06,28,18,多云,2
888,2020-06-07,35,20,晴,2
889,2020-06-08,38,25,多云,3
890,2020-06-09,30,23,多云,2
891,2020-06-10,33,21,晴,2
892,2020-06-11,29,21,多云,2
893,2020-06-12,32,22,多云,2
894,2020-06-13,34,24,晴,2
895,2020-06-14,35,23,晴,3
896,2020-06-15,37,22,多云,2
897,2020-06-16,35,22,多云,3
898,2020-06-17,30,24,多云,4
899,2020-06-18,33,20,多云,2
900,2020-06-19,34,22,晴转多云,3
901,2020-06-20,34,24,多云,3
902,2020-06-21,35,25,晴,3
903,2020-06-22,34,25,多云,3
904,2020-06-23,33,23,多云,3
905,2020-06-24,31,21,多云,2
906,2020-06-25,25,20,晴,2
907,2020-06-26,27,20,晴,2
908,2020-06-27,30,21,晴,2
909,2020-06-28,29,22,阴,2
910,2020-06-29,29,23,多云,2
911,2020-06-30,30,23,晴,2
912,2020-07-01,30,23,阴,2
913,2020-07-02,26,23,小雨到大雨,3
914,2020-07-03,23,22,多云,2
915,2020-07-04,29,21,多云,2
916,2020-07-05,30,22,多云,2
917,2020-07-06,30,22,多云,2
918,2020-07-07,33,22,晴,2
919,2020-07-08,32,22,阴,2
920,2020-07-09,26,19,多云,2
921,2020-07-10,28,21,多云,2
922,2020-07-11,26,21,多云,2
923,2020-07-12,26,22,多云,2
924,2020-07-13,29,23,晴,2
925,2020-07-14,30,22,晴,2
926,2020-07-15,32,22,晴,2
927,2020-07-16,33,23,阴,3
928,2020-07-17,31,22,小雨,3
929,2020-07-18,29,23,多云,2
930,2020-07-19,32,23,晴,2
931,2020-07-20,34,21,晴,2
932,2020-07-21,33,24,多云,3
933,2020-07-22,33,22,多云,2
934,2020-07-23,33,22,晴,2
935,2020-07-24,36,22,晴,2
936,2020-07-25,34,24,阴,2
937,2020-07-26,29,22,小雨,2
938,2020-07-27,24,21,多云,2
939,2020-07-28,29,22,多云,2
940,2020-07-29,30,22,多云,2
941,2020-07-30,32,25,多云,3
942,2020-07-31,32,23,晴,2
943,2020-08-01,31,25,阴,2
944,2020-08-02,31,24,晴,2
945,2020-08-03,33,22,晴,2
946,2020-08-04,35,24,多云,2
947,2020-08-05,30,25,阴转多云,2
948,2020-08-06,31,24,多云,2
949,2020-08-07,30,24,晴,2
950,2020-08-08,31,23,多云,2
951,2020-08-09,32,21,晴,2
952,2020-08-10,30,23,晴,2
953,2020-08-11,33,23,多云,2
954,2020-08-12,30,22,小雨到中雨,3
955,2020-08-13,33,24,晴,2
956,2020-08-14,33,23,阴,2
957,2020-08-15,31,24,多云,2
958,2020-08-16,26,22,多云,2
959,2020-08-17,28,21,多云,2
960,2020-08-18,29,22,阴,3
961,2020-08-19,26,21,多云,2
962,2020-08-20,27,19,晴,2
963,2020-08-21,28,17,晴,2
964,2020-08-22,28,17,多云,2
965,2020-08-23,28,19,小雨到中雨,2
966,2020-08-24,31,22,晴,3
967,2020-08-25,33,20,晴,2
968,2020-08-26,29,22,多云,2
969,2020-08-27,32,22,晴,2
970,2020-08-28,30,19,晴,2
971,2020-08-29,30,22,阴,2
972,2020-08-30,30,23,多云,2
973,2020-08-31,26,20,晴,2
974,2020-09-01,32,18,多云,2
975,2020-09-02,29,20,晴,3
976,2020-09-03,28,17,晴,3
977,2020-09-04,31,20,多云,2
978,2020-09-05,29,19,晴,2
979,2020-09-06,30,19,多云转雨,2
980,2020-09-07,30,20,晴,2
981,2020-09-08,31,20,晴,2
982,2020-09-09,30,18,晴,2
983,2020-09-10,26,18,阴,3
984,2020-09-11,22,20,多云,2
985,2020-09-12,25,18,多云,2
986,2020-09-13,26,20,阴,2
987,2020-09-14,26,20,阴,2
988,2020-09-15,23,17,晴,2
989,2020-09-16,25,17,晴,4
990,2020-09-17,27,16,晴,3
991,2020-09-18,27,17,晴,2
992,2020-09-19,30,17,晴,2
993,2020-09-20,27,18,多云,2
994,2020-09-21,28,17,多云,2
995,2020-09-22,26,17,阴,2
996,2020-09-23,17,16,阴,2
997,2020-09-24,22,14,晴,2
998,2020-09-25,26,17,晴,2
999,2020-09-26,27,17,晴,2
1000,2020-09-27,27,17,晴,2
1001,2020-09-28,24,16,小雨,2
1002,2020-09-29,20,14,晴,3
1003,2020-09-30,22,13,阴,2
1004,2020-10-01,20,13,晴,2
1005,2020-10-02,21,12,晴,3
1006,2020-10-03,23,13,晴,3
1007,2020-10-04,18,10,晴,4
1008,2020-10-05,20,10,晴,2
1009,2020-10-06,21,11,多云,2
1010,2020-10-07,21,9,晴,2
1011,2020-10-08,22,13,阴,2
1012,2020-10-09,22,11,晴,2
1013,2020-10-10,22,13,阴,2
1014,2020-10-11,18,6,晴,3
1015,2020-10-12,19,10,晴,2
1016,2020-10-13,20,7,阴,3
1017,2020-10-14,13,6,阴,2
1018,2020-10-15,14,11,阴,2
1019,2020-10-16,19,4,晴,3
1020,2020-10-17,22,10,晴,2
1021,2020-10-18,21,5,阴,2
1022,2020-10-19,21,7,阴,2
1023,2020-10-20,17,8,霾,2
1024,2020-10-21,17,2,晴,4
1025,2020-10-22,15,6,晴,3
1026,2020-10-23,17,4,晴,2
1027,2020-10-24,19,8,多云,1
1028,2020-10-25,19,6,多云,1
1029,2020-10-26,22,8,晴,2
1030,2020-10-27,16,6,晴,2
1031,2020-10-28,19,6,晴,2
1032,2020-10-29,18,4,晴,1
1033,2020-10-30,18,9,阴,2
1034,2020-10-31,19,6,晴,3
1035,2020-11-01,17,6,晴,3
1036,2020-11-02,12,1,晴,3
1037,2020-11-03,14,0,晴,2
1038,2020-11-04,14,4,晴,1
1039,2020-11-05,16,4,霾,1
1040,2020-11-06,17,6,晴,2
1041,2020-11-07,18,2,晴,3
1042,2020-11-08,13,2,晴,2
1043,2020-11-09,16,3,晴,2
1044,2020-11-10,17,2,晴,1
1045,2020-11-11,14,5,霾,1
1046,2020-11-12,19,4,晴,2
1047,2020-11-13,15,4,晴,2
1048,2020-11-14,11,4,晴,1
1049,2020-11-15,14,5,晴,1
1050,2020-11-16,11,9,阴,1
1051,2020-11-17,10,8,阴,2
1052,2020-11-18,11,6,阴,3
1053,2020-11-19,9,-2,晴,3
1054,2020-11-20,8,-1,阴,2
1055,2020-11-21,3,-1,多云,1
1056,2020-11-22,3,-3,晴,3
1057,2020-11-23,5,-2,多云,2
1058,2020-11-24,8,-3,晴,1
1059,2020-11-25,7,-3,多云,2
1060,2020-11-26,5,-3,晴,1
1061,2020-11-27,5,-3,晴,3
1062,2020-11-28,3,-4,晴,2
1063,2020-11-29,5,-3,晴,2
1064,2020-11-30,4,-5,晴,2
1065,2020-12-01,3,-3,阴,1
1066,2020-12-02,3,-4,晴,3
1067,2020-12-03,4,-3,晴,3
1068,2020-12-04,1,-2,晴,3
1069,2020-12-05,5,-4,晴,1
1070,2020-12-06,6,-3,晴,3
1071,2020-12-07,1,-7,晴,3
1072,2020-12-08,3,-5,多云,1
1073,2020-12-09,2,-5,晴,1
1074,2020-12-10,8,-4,晴,1
1075,2020-12-11,6,-4,晴,2
1076,2020-12-12,3,-4,晴,2
1077,2020-12-13,-2,-7,晴,4
1078,2020-12-14,0,-8,晴,3
1079,2020-12-15,0,-8,晴,1
1080,2020-12-16,2,-7,晴,2
1081,2020-12-17,2,-4,晴,2
1082,2020-12-18,0,-9,晴,3
1083,2020-12-19,3,-6,晴,1
1084,2020-12-20,5,-6,晴,2
1085,2020-12-21,6,-6,晴,1
1086,2020-12-22,1,-4,多云,1
1087,2020-12-23,4,-1,晴,3
1088,2020-12-24,2,-4,晴,3
1089,2020-12-25,3,-4,晴,1
1090,2020-12-26,1,-3,晴,1
1091,2020-12-27,2,-2,晴,1
1092,2020-12-28,2,-10,多云,2
1093,2020-12-29,-8,-12,晴,4
1094,2020-12-30,-6,-11,晴,4
1095,2020-12-31,1,-10,晴,2
1096,2021-01-01,0,-11,晴,2
1097,2021-01-02,0,-9,晴,2
1098,2021-01-03,0,-7,多云,2
1099,2021-01-04,-1,-11,晴,3
1100,2021-01-05,-2,-11,晴,3
1101,2021-01-06,0,-19,多云,4
1102,2021-01-07,-7,-14,晴,3
1103,2021-01-08,-2,-10,晴,3
1104,2021-01-09,1,-8,晴,2
1105,2021-01-10,1,-7,多云,2
1106,2021-01-11,2,-8,多云,2
1107,2021-01-12,4,-6,晴,1
1108,2021-01-13,9,-6,晴,2
1109,2021-01-14,2,-4,阴,2
1110,2021-01-15,3,-8,晴,3
1111,2021-01-16,0,-8,晴,3
1112,2021-01-17,3,-7,晴,2
1113,2021-01-18,4,-6,晴,2
1114,2021-01-19,-3,-8,阴,2
1115,2021-01-20,1,-5,晴,1
1116,2021-01-21,5,-5,阴,1
1117,2021-01-22,5,-7,晴,1
1118,2021-01-23,3,-6,多云,1
1119,2021-01-24,5,-5,晴,1
1120,2021-01-25,1,-6,雨夹雪,1
1121,2021-01-26,6,-7,阴,2
1122,2021-01-27,3,-6,阴,2
1123,2021-01-28,-1,-9,晴,4
1124,2021-01-29,0,-8,晴,1
1125,2021-01-30,7,-7,晴,3
1126,2021-01-31,0,-5,多云,1
1127,2021-02-01,3,-8,晴,3
1128,2021-02-02,0,-9,晴,3
1129,2021-02-03,7,-6,晴,3
1130,2021-02-04,10,-5,晴,2
1131,2021-02-05,15,-1,晴,1
1132,2021-02-06,16,-1,多云,2
1133,2021-02-07,7,-4,晴,2
1134,2021-02-08,8,-5,晴,1
1135,2021-02-09,10,-3,晴,1
1136,2021-02-10,15,-3,晴,1
1137,2021-02-11,10,0,霾,1
1138,2021-02-12,14,1,霾,2
1139,2021-02-13,8,2,霾,1
1140,2021-02-14,4,-4,晴,2
1141,2021-02-15,5,-2,晴,3
1142,2021-02-16,0,-6,晴,4
1143,2021-02-17,2,-6,晴,3
1144,2021-02-18,6,-4,晴,1
1145,2021-02-19,16,-2,晴,1
1146,2021-02-20,20,4,多云,1
1147,2021-02-21,25,4,晴,2
1148,2021-02-22,12,1,多云,3
1149,2021-02-23,3,-2,阴,3
1150,2021-02-24,4,-2,多云,1
1151,2021-02-25,7,-2,晴,1
1152,2021-02-26,11,-2,晴,1
1153,2021-02-27,11,2,阴,2
1154,2021-02-28,5,1,小雪,2
1155,2021-03-01,5,-6,小雪,2
1156,2021-03-02,4,-2,多云,2
1157,2021-03-03,6,2,多云,1
1158,2021-03-04,11,2,阴,1
1159,2021-03-05,9,-2,雾,3
1160,2021-03-06,4,-5,阴,2
1161,2021-03-07,8,-2,多云,2
1162,2021-03-08,10,1,多云,1
1163,2021-03-09,15,3,多云,1
1164,2021-03-10,16,8,雾,2
1165,2021-03-11,17,7,阴,2
1166,2021-03-12,10,6,小雨,2
1167,2021-03-13,14,8,多云,1
1168,2021-03-14,13,9,阴,2
1169,2021-03-15,12,2,扬沙,3
1170,2021-03-16,15,3,浮尘,2
1171,2021-03-17,13,6,小雨,2
1172,2021-03-18,8,3,阴,2
1173,2021-03-19,10,5,阴,2
1174,2021-03-20,13,3,浮尘,3
1175,2021-03-21,12,1,晴,3
1176,2021-03-22,19,5,晴,2
1177,2021-03-23,23,8,晴,2
1178,2021-03-24,21,6,阴,2
1179,2021-03-25,21,11,多云,2
1180,2021-03-26,14,10,小雨,2
1181,2021-03-27,18,10,雾,2
1182,2021-03-28,18,8,扬沙,4
1183,2021-03-29,19,6,多云,2
1184,2021-03-30,21,9,多云,2
1185,2021-03-31,24,10,多云,2
1186,2021-04-01,18,13,阴,2
1187,2021-04-02,16,10,阴,2
1188,2021-04-03,18,7,阴,3
1189,2021-04-04,20,7,晴,2
1190,2021-04-05,18,7,多云,3
1191,2021-04-06,21,10,晴,2
1192,2021-04-07,19,5,晴,3
1193,2021-04-08,19,10,晴,2
1194,2021-04-09,17,6,晴,2
1195,2021-04-10,19,13,多云,2
1196,2021-04-11,20,8,阴,3
1197,2021-04-12,17,8,晴,3
1198,2021-04-13,16,8,晴,3
1199,2021-04-14,21,10,晴,2
1200,2021-04-15,20,9,晴,3
1201,2021-04-16,16,9,晴,3
1202,2021-04-17,20,5,晴,3
1203,2021-04-18,24,10,晴,2
1204,2021-04-19,28,15,多云,2
1205,2021-04-20,26,13,多云,3
1206,2021-04-21,21,12,阴,3
1207,2021-04-22,16,9,晴,2
1208,2021-04-23,21,13,多云,2
1209,2021-04-24,19,14,多云,2
1210,2021-04-25,20,10,多云,2
1211,2021-04-26,21,9,阴,3
1212,2021-04-27,21,11,晴,3
1213,2021-04-28,22,11,多云,3
1214,2021-04-29,13,8,晴,3
1215,2021-04-30,14,7,晴,2
1216,2021-05-01,20,8,晴,3
1217,2021-05-02,20,12,晴,3
1218,2021-05-03,24,12,多云,3
1219,2021-05-04,21,10,晴,3
1220,2021-05-05,27,15,多云,3
1221,2021-05-06,19,14,霾,4
1222,2021-05-07,25,16,多云,4
1223,2021-05-08,25,12,多云,3
1224,2021-05-09,25,13,多云,2
1225,2021-05-10,23,14,多云,3
1226,2021-05-11,24,13,阴,3
1227,2021-05-12,26,16,晴,2
1228,2021-05-13,22,17,多云,2
1229,2021-05-14,20,18,阴,3
1230,2021-05-15,21,16,阴,3
1231,2021-05-16,25,14,多云,3
1232,2021-05-17,30,16,多云,2
1233,2021-05-18,32,19,多云,2
1234,2021-05-19,30,20,阴,3
1235,2021-05-20,27,16,多云,2
1236,2021-05-21,30,19,小雨,2
1237,2021-05-22,32,18,小雨转阴,3
1238,2021-05-23,26,15,多云,4
1239,2021-05-24,24,13,多云转小雨,3
1240,2021-05-25,27,16,多云,3
1241,2021-05-26,26,15,多云转小雨,2
1242,2021-05-27,28,17,多云转小雨,3
1243,2021-05-28,27,17,多云,3
1244,2021-05-29,27,16,多云,3
1245,2021-05-30,27,15,多云,2
1246,2021-05-31,20,16,小雨,2
1247,2021-06-01,28,17,多云,3
1248,2021-06-02,26,15,多云,2
1249,2021-06-03,29,14,晴,3
1250,2021-06-04,29,17,晴,3
1251,2021-06-05,33,17,晴,2
1252,2021-06-06,33,20,阴,2
1253,2021-06-07,28,20,阴,3
1254,2021-06-08,28,21,多云,2
1255,2021-06-09,25,19,阴,3
1256,2021-06-10,32,18,晴,2
1257,2021-06-11,35,19,阴,2
1258,2021-06-12,35,23,阴,2
1259,2021-06-13,34,23,阴,2
1260,2021-06-14,28,22,多云,2
1261,2021-06-15,32,20,阴,2
1262,2021-06-16,20,20,小雨,2
1263,2021-06-17,32,19,晴,3
1264,2021-06-18,34,19,晴,3
1265,2021-06-19,35,20,晴,3
1266,2021-06-20,34,23,多云,2
1267,2021-06-21,35,22,晴,3
1268,2021-06-22,32,21,多云,2
1269,2021-06-23,23,22,阴,2
1270,2021-06-24,27,20,小雨转阴,2
1271,2021-06-25,28,22,小雨,2
1272,2021-06-26,27,22,晴,2
1273,2021-06-27,33,22,晴,2
1274,2021-06-28,30,22,多云,2
1275,2021-06-29,27,22,小雨到中雨,2
1276,2021-06-30,29,23,晴,1
1277,2021-07-01,29,19,阴,2
1278,2021-07-02,30,19,阴,2
1279,2021-07-03,25,17,多云,2
1280,2021-07-04,35,23,多云,2
1281,2021-07-05,31,20,小雨到中雨,2
1282,2021-07-06,29,22,阴,2
1283,2021-07-07,32,23,晴,2
1284,2021-07-08,34,22,晴,2
1285,2021-07-09,32,23,晴,2
1286,2021-07-10,31,23,阴,2
1287,2021-07-11,26,23,小雨到中雨,2
1288,2021-07-12,25,22,阴,3
1289,2021-07-13,31,24,多云,2
1290,2021-07-14,30,24,多云,2
1291,2021-07-15,32,24,多云,2
1292,2021-07-16,30,24,阴,2
1293,2021-07-17,29,23,阴,2
1294,2021-07-18,29,22,晴,3
1295,2021-07-19,30,24,阴,2
1296,2021-07-20,30,23,多云,2
1297,2021-07-21,28,23,阴,2
1298,2021-07-22,28,23,阴,1
1299,2021-07-23,32,27,多云转小雨,4
1300,2021-07-24,32,24,晴,2
1301,2021-07-25,33,24,多云,3
1302,2021-07-26,31,25,阴,2
1303,2021-07-27,36,23,晴,3
1304,2021-07-28,32,23,晴,3
1305,2021-07-29,26,22,小雨,2
1306,2021-07-30,30,22,多云,2
1307,2021-07-31,34,23,多云转小雨,2
1308,2021-08-01,32,22,晴,3
1309,2021-08-02,32,23,多云,2
1310,2021-08-03,31,24,阴,2
1311,2021-08-04,34,26,多云,2
1312,2021-08-05,32,23,多云,2
1313,2021-08-06,33,22,多云,2
1314,2021-08-07,33,23,晴,2
1315,2021-08-08,32,23,多云,2
1316,2021-08-09,30,22,晴,2
1317,2021-08-10,33,23,晴,2
1318,2021-08-11,30,23,阴,2
1319,2021-08-12,29,22,多云,2
1320,2021-08-13,29,22,多云,2
1321,2021-08-14,27,18,小雨,3
1322,2021-08-15,28,22,小雨,2
1323,2021-08-16,28,22,小雨转多云,1
1324,2021-08-17,30,21,多云,2
1325,2021-08-18,28,23,多云,2
1326,2021-08-19,24,20,阴,2
1327,2021-08-20,28,21,多云,2
1328,2021-08-21,31,22,晴,2
1329,2021-08-22,30,23,多云,2
1330,2021-08-23,30,20,中雨,2
1331,2021-08-24,28,19,晴,2
1332,2021-08-25,28,18,晴,2
1333,2021-08-26,26,17,晴,3
1334,2021-08-27,33,22,晴,2
1335,2021-08-28,28,18,多云,2
1336,2021-08-29,29,19,多云,2
1337,2021-08-30,28,20,多云,2
1338,2021-08-31,27,17,晴,2
1339,2021-09-01,29,18,晴,2
1340,2021-09-02,29,18,阴,1
1341,2021-09-03,30,22,多云,1
1342,2021-09-04,23,20,阴到小雨,1
1343,2021-09-05,24,20,小雨,1
1344,2021-09-06,23,14,晴,1
1345,2021-09-07,27,17,晴,2
1346,2021-09-08,29,19,多云,2
1347,2021-09-09,26,18,阴,1
1348,2021-09-10,24,16,多云,1
1349,2021-09-11,31,22,多云,1
1350,2021-09-12,23,20,多云,2
1351,2021-09-13,29,20,多云,1
1352,2021-09-14,25,17,多云,1
1353,2021-09-15,25,19,多云,1
1354,2021-09-16,24,17,多云,1
1355,2021-09-17,27,17,晴,1
1356,2021-09-18,24,18,阴,1
1357,2021-09-19,19,16,小雨,2
1358,2021-09-20,33,26,多云,2
1359,2021-09-21,27,11,晴,1
1360,2021-09-22,29,17,多云,1
1361,2021-09-23,27,17,多云,2
1362,2021-09-24,19,18,阴,1
1363,2021-09-25,24,19,小雨到中雨,1
1364,2021-09-26,19,17,多云,1
1365,2021-09-27,28,17,多云,1
1366,2021-09-28,23,17,多云,1
1367,2021-09-29,23,15,阴,3
1368,2021-09-30,22,16,晴,1
1369,2021-10-01,23,16,多云,2
1370,2021-10-02,27,18,多云,1
1371,2021-10-03,21,16,多云,2
1372,2021-10-04,18,12,小雨,1
1373,2021-10-05,15,12,小雨,1
1374,2021-10-06,12,7,多云,1
1375,2021-10-07,19,7,晴,2
1376,2021-10-08,20,9,多云,1
1377,2021-10-09,14,12,阴,1
1378,2021-10-10,19,5,晴,0
1379,2021-10-11,19,5,晴,0
1380,2021-10-12,19,8,晴,1
1381,2021-10-13,18,12,多云,0
1382,2021-10-14,19,11,多云,1
1383,2021-10-15,20,5,多云,2
1384,2021-10-16,12,1,晴,1
1385,2021-10-17,15,2,晴,1
1386,2021-10-18,8,-5,晴,3
1387,2021-10-19,14,1,晴,1
1388,2021-10-20,14,3,晴,0
1389,2021-10-21,19,5,晴,0
1390,2021-10-22,18,3,晴,1
1391,2021-10-23,17,4,晴,0
1392,2021-10-24,17,5,晴,1
1393,2021-10-25,18,6,阴,2
1394,2021-10-26,22,5,晴,1
1395,2021-10-27,21,7,多云,2
1396,2021-10-28,19,7,晴,1
1397,2021-10-29,19,6,晴,1
1398,2021-10-30,20,8,阴,1
1399,2021-10-31,18,5,晴,1
1400,2021-11-01,13,6,多云,2
1401,2021-11-02,12,4,晴,1
1402,2021-11-03,11,5,晴,1
1403,2021-11-04,13,7,晴,2
1404,2021-11-05,12,10,霾,1
1405,2021-11-06,13,2,小雨到中雨,3
1406,2021-11-07,1,-4,多云,3
1407,2021-11-08,6,0,晴,2
1408,2021-11-09,10,2,多云,2
1409,2021-11-10,13,3,晴,3
1410,2021-11-11,13,0,晴,1
1411,2021-11-12,9,6,小雨,1
1412,2021-11-13,18,1,晴,2
1413,2021-11-14,16,2,晴,2
1414,2021-11-15,10,0,晴,2
1415,2021-11-16,11,2,晴,1
1416,2021-11-17,13,2,晴,1
1417,2021-11-18,9,2,阴,2
1418,2021-11-19,9,3,多云,1
1419,2021-11-20,8,0,多云,1
1420,2021-11-21,6,-1,晴,4
1421,2021-11-22,3,-5,晴,1
1422,2021-11-23,-7,-14,多云,3
1423,2021-11-24,12,-2,晴,1
1424,2021-11-25,13,-2,多云,1
1425,2021-11-26,14,-2,晴,1
1426,2021-11-27,8,0,多云,1
1427,2021-11-28,9,1,晴,1
1428,2021-11-29,7,-1,多云,1
1429,2021-11-30,6,-5,晴,3
1430,2021-12-01,9,-5,多云,2
1431,2021-12-02,13,0,多云,2
1432,2021-12-03,2,-8,多云,1
1433,2021-12-04,13,-2,晴,1
1434,2021-12-05,10,1,多云,1
1435,2021-12-06,12,-3,多云,1
1436,2021-12-07,9,0,多云,2
1437,2021-12-08,6,1,小雨,2
1438,2021-12-09,3,1,晴,1
1439,2021-12-10,9,-1,多云,1
1440,2021-12-11,10,-2,多云,2
1441,2021-12-12,3,-6,晴,1
1442,2021-12-13,4,-5,晴,0
1443,2021-12-14,2,-14,晴,1
1444,2021-12-15,3,-4,多云,1
1445,2021-12-16,4,-7,晴,3
1446,2021-12-17,0,-8,晴,2
1447,2021-12-18,3,0,阴,0
1448,2021-12-19,8,-5,晴,1
1449,2021-12-20,14,-2,晴,1
1450,2021-12-21,8,-2,多云,3
1451,2021-12-22,13,0,晴,2
1452,2021-12-23,-1,-5,多云,2
1453,2021-12-24,-3,-9,晴,2
1454,2021-12-25,-4,-11,晴,2
1455,2021-12-26,-1,-8,晴,3
1456,2021-12-27,6,-8,晴,1
1457,2021-12-28,6,-5,多云,1
1458,2021-12-29,5,-5,晴,2
1459,2021-12-30,5,-7,晴,3
1460,2021-12-31,4,-6,晴,2
1461,2022-01-01,6,-7,晴,1
1462,2022-01-02,2,-7,多云,1
1463,2022-01-03,6,-7,晴,2
1464,2022-01-04,3,-6,晴,1
1465,2022-01-05,2,-6,晴,1
1466,2022-01-06,6,-7,晴,1
1467,2022-01-07,3,-10,晴,1
1468,2022-01-08,8,-5,多云,1
1469,2022-01-09,0,-13,阴,1
1470,2022-01-10,14,6,多云,1
1471,2022-01-11,0,-7,多云,1
1472,2022-01-12,2,-7,晴,2
1473,2022-01-13,3,-6,晴,2
1474,2022-01-14,2,-6,多云,1
1475,2022-01-15,3,-8,晴,2
1476,2022-01-16,0,-9,晴,1
1477,2022-01-17,6,-8,多云,2
1478,2022-01-18,3,-9,多云,2
1479,2022-01-19,-2,-7,多云,2
1480,2022-01-20,-2,-5,多云,1
1481,2022-01-21,0,-4,小雪,2
1482,2022-01-22,1,-4,多云,1
1483,2022-01-23,1,-4,阴,2
1484,2022-01-24,7,-5,阴,1
1485,2022-01-25,5,-4,晴,4
1486,2022-01-26,3,-5,多云,1
1487,2022-01-27,3,-5,多云,3
1488,2022-01-28,4,-2,阴,1
1489,2022-01-29,-1,-9,晴,1
1490,2022-01-30,3,-3,霾,2
1491,2022-01-31,3,-5,晴,4
1492,2022-02-01,2,-7,晴,2
1493,2022-02-02,4,-7,晴,2
1494,2022-02-03,3,-6,多云,3
1495,2022-02-04,0,-6,晴,1
1496,2022-02-05,3,-5,晴,2
1497,2022-02-06,6,-5,多云,1
1498,2022-02-07,6,-5,多云,1
1499,2022-02-08,8,-5,晴,1
1500,2022-02-09,7,-5,多云,2
1501,2022-02-10,10,-3,阴,1
1502,2022-02-11,8,-3,多云,2
1503,2022-02-12,1,-2,多云,2
1504,2022-02-13,-3,-6,中雪,1
1505,2022-02-14,-1,-10,多云,2
1506,2022-02-15,-2,-10,多云,2
1507,2022-02-16,0,-9,晴,2
1508,2022-02-17,0,-7,多云,1
1509,2022-02-18,4,-6,多云,3
1510,2022-02-19,1,-9,晴,3
1511,2022-02-20,4,-7,晴,2
1512,2022-02-21,4,-8,多云,3
1513,2022-02-22,4,-7,晴,3
1514,2022-02-23,7,-6,晴,1
1515,2022-02-24,11,-5,晴,1
1516,2022-02-25,14,0,多云,2
1517,2022-02-26,12,-2,晴,2
1518,2022-02-27,16,-2,晴,1
1519,2022-02-28,12,-1,阴,3
1520,2022-03-01,11,-1,晴,2
1521,2022-03-02,16,0,晴,1
1522,2022-03-03,11,0,多云,1
1523,2022-03-04,11,-1,扬沙,1
1524,2022-03-05,10,-2,晴,1
1525,2022-03-06,11,-1,多云,2
1526,2022-03-07,18,2,晴,2
1527,2022-03-08,16,2,晴,1
1528,2022-03-09,17,4,多云,2
1529,2022-03-10,19,7,晴,1
1530,2022-03-11,12,5,多云,1
1531,2022-03-12,13,5,多云,1
1532,2022-03-13,11,4,多云,2
1533,2022-03-14,20,5,多云,2
1534,2022-03-15,15,6,多云,1
1535,2022-03-16,12,2,多云,2
1536,2022-03-17,3,-2,小雪,2
1537,2022-03-18,2,-2,大雪,1
1538,2022-03-19,6,-1,雨夹雪,2
1539,2022-03-20,10,1,多云,2
1540,2022-03-21,12,1,多云,2
1541,2022-03-22,9,1,多云,1
1542,2022-03-23,12,3,多云,1
1543,2022-03-24,9,7,多云,1
1544,2022-03-25,14,6,多云,1
1545,2022-03-26,20,3,多云,4
1546,2022-03-27,16,6,晴,1
1547,2022-03-28,18,9,多云,1
1548,2022-03-29,12,6,小雨,1
1549,2022-03-30,10,3,多云,2
1550,2022-03-31,15,2,多云,1
1551,2022-04-01,15,4,多云,2
1552,2022-04-02,19,4,晴,2
1553,2022-04-03,20,9,多云,3
1554,2022-04-04,22,10,多云,2
1555,2022-04-05,24,7,多云,2
1556,2022-04-06,14,4,晴,3
1557,2022-04-07,24,9,晴,1
1558,2022-04-08,25,12,晴,1
1559,2022-04-09,26,11,多云,1
1560,2022-04-10,26,14,多云,2
1561,2022-04-11,28,14,多云,2
1562,2022-04-12,23,14,阴,1
1563,2022-04-13,16,3,晴,1
1564,2022-04-14,21,8,晴,2
1565,2022-04-15,19,6,晴,2
1566,2022-04-16,23,11,晴,2
1567,2022-04-17,21,9,多云,2
1568,2022-04-18,23,10,晴,2
1569,2022-04-19,24,8,晴,1
1570,2022-04-20,29,17,多云,3
1571,2022-04-21,31,16,多云,2
1572,2022-04-22,25,10,多云,1
1573,2022-04-23,29,15,晴,1
1574,2022-04-24,27,14,多云,2
1575,2022-04-25,29,18,晴,2
1576,2022-04-26,15,2,晴,2
1577,2022-04-27,13,8,小雨,1
1578,2022-04-28,14,8,晴,2
1579,2022-04-29,20,11,阴,1
1580,2022-04-30,22,9,晴,3
1581,2022-05-01,26,11,多云,1
1582,2022-05-02,26,12,多云,2
1583,2022-05-03,31,16,晴,1
1584,2022-05-04,33,19,多云,3
1585,2022-05-05,30,15,多云,1
1586,2022-05-06,21,9,多云,1
1587,2022-05-07,19,9,多云,1
1588,2022-05-08,13,8,多云,1
1589,2022-05-09,18,8,晴,2
1590,2022-05-10,25,13,小雨,2
1591,2022-05-11,21,12,多云,2
1592,2022-05-12,19,14,阴,2
1593,2022-05-13,24,8,晴,1
1594,2022-05-14,25,9,晴,1
1595,2022-05-15,27,11,多云,2
1596,2022-05-16,29,13,多云,2
1597,2022-05-17,26,14,多云,1
1598,2022-05-18,29,14,多云,2
1599,2022-05-19,30,17,多云,1
1600,2022-05-20,25,13,多云,2
1601,2022-05-21,35,19,多云,2
1602,2022-05-22,23,14,多云,2
1603,2022-05-23,33,17,晴,1
1604,2022-05-24,35,22,晴,4
1605,2022-05-25,26,19,多云,1
1606,2022-05-26,32,26,晴,1
1607,2022-05-27,36,18,多云,3
1608,2022-05-28,24,15,多云,2
1609,2022-05-29,26,15,多云,1
1610,2022-05-30,31,16,晴,2
1611,2022-05-31,32,17,晴,1
1612,2022-06-01,21,11,多云,2
1613,2022-06-02,35,20,多云,2
1614,2022-06-03,35,20,小雨,1
1615,2022-06-04,31,20,晴,3
1616,2022-06-05,33,20,多云,3
1617,2022-06-06,28,16,晴,2
1618,2022-06-07,27,17,多云,1
1619,2022-06-08,26,15,多云,2
1620,2022-06-09,25,18,多云,1
1621,2022-06-10,27,18,阴,2
1622,2022-06-11,27,19,阴,2
1623,2022-06-12,26,19,多云,1
1624,2022-06-13,27,18,多云,1
1625,2022-06-14,10,4,阴,4
1626,2022-06-15,27,18,多云,2
1627,2022-06-16,29,20,多云,1
1628,2022-06-17,9,3,阴,4
1629,2022-06-18,28,9,晴,2
1630,2022-06-19,22,12,小雨到中雨,1
1631,2022-06-20,35,24,多云,2
1632,2022-06-21,35,24,多云,2
1633,2022-06-22,28,18,多云,4
1634,2022-06-23,36,23,晴,2
1635,2022-06-24,35,22,晴,2
1636,2022-06-25,22,11,晴,2
1637,2022-06-26,33,22,小雨,2
1638,2022-06-27,31,21,多云,2
1639,2022-06-28,30,17,多云,1
1640,2022-06-29,22,10,多云,2
1641,2022-06-30,30,22,多云,1
1642,2022-07-01,30,22,多云,2
1643,2022-07-02,31,23,多云,1
1644,2022-07-03,25,22,大雨,2
1645,2022-07-04,29,23,多云,2
1646,2022-07-05,32,23,小雨,2
1647,2022-07-06,30,22,多云,3
1648,2022-07-07,36,24,晴,2
1649,2022-07-08,34,24,多云,1
1650,2022-07-09,35,22,多云,1
1651,2022-07-10,27,20,小雨,3
1652,2022-07-11,27,23,多云,1
1653,2022-07-12,25,22,中雨,4
1654,2022-07-13,33,23,晴,2
1655,2022-07-14,35,21,晴,2
1656,2022-07-15,36,24,多云,1
1657,2022-07-16,33,23,多云,2
1658,2022-07-17,36,23,多云,2
1659,2022-07-18,35,22,晴,2
1660,2022-07-19,32,24,多云,2
1661,2022-07-20,32,22,多云,2
1662,2022-07-21,33,24,多云,2
1663,2022-07-22,31,23,多云,1
1664,2022-07-23,33,23,多云,3
1665,2022-07-24,33,25,多云,2
1666,2022-07-25,32,24,多云,2
1667,2022-07-26,33,23,阴,3
1668,2022-07-27,26,21,暴雨,2
1669,2022-07-28,29,21,多云,5
1670,2022-07-29,31,23,多云,4
1671,2022-07-30,31,24,多云,2
1672,2022-07-31,33,25,多云,2
1673,2022-08-01,34,25,多云,1
1674,2022-08-02,34,26,多云,2
1675,2022-08-03,35,26,多云,2
1676,2022-08-04,35,26,多云,1
1677,2022-08-05,36,27,晴,2
1678,2022-08-06,33,25,雾,1
1679,2022-08-07,32,25,雾,4
1680,2022-08-08,27,22,多云,1
1681,2022-08-09,24,20,小雨,2
1682,2022-08-10,30,20,晴,3
1683,2022-08-11,31,24,雾,2
1684,2022-08-12,31,25,多云,2
1685,2022-08-13,32,24,多云,1
1686,2022-08-14,24,23,中雨,1
1687,2022-08-15,35,21,雾,3
1688,2022-08-16,31,22,多云,1
1689,2022-08-17,30,24,多云,3
1690,2022-08-18,25,24,中雨,1
1691,2022-08-19,31,21,多云,2
1692,2022-08-20,30,23,多云,2
1693,2022-08-21,31,24,多云,2
1694,2022-08-22,33,19,雾,1
1695,2022-08-23,28,21,多云,2
1696,2022-08-24,27,19,多云,1
1697,2022-08-25,32,19,晴,1
1698,2022-08-26,27,14,多云,1
1699,2022-08-27,27,18,多云,1
1700,2022-08-28,23,16,多云,2
1701,2022-08-29,22,18,多云,1
1702,2022-08-30,27,18,多云,1
1703,2022-08-31,31,18,晴,2
1704,2022-09-01,28,15,晴,2
1705,2022-09-02,28,18,晴,1
1706,2022-09-03,27,19,多云,1
1707,2022-09-04,28,20,多云,2
1708,2022-09-05,28,14,晴,3
1709,2022-09-06,29,15,晴,1
1710,2022-09-07,32,17,晴,2
1711,2022-09-08,32,19,晴,1
1712,2022-09-09,31,20,多云,1
1713,2022-09-10,31,19,多云,2
1714,2022-09-11,28,20,多云,1
1715,2022-09-12,30,20,多云,1
1716,2022-09-13,30,20,多云,4
1717,2022-09-14,30,20,多云,2
1718,2022-09-15,30,19,多云,2
1719,2022-09-16,30,20,多云,1
1720,2022-09-17,30,20,多云,2
1721,2022-09-18,29,17,晴,1
1722,2022-09-19,26,13,多云,2
1723,2022-09-20,26,14,晴,1
1724,2022-09-21,26,16,多云,3
1725,2022-09-22,27,13,多云,4
1726,2022-09-23,25,10,晴,2
1727,2022-09-24,26,11,多云,3
1728,2022-09-25,26,13,多云,1
1729,2022-09-26,28,15,多云,1
1730,2022-09-27,29,16,多云,2
1731,2022-09-28,28,16,多云,1
1732,2022-09-29,29,18,多云,2
1733,2022-09-30,29,19,多云,1
1734,2022-10-01,24,19,多云,1
1735,2022-10-02,19,17,小雨,1
1736,2022-10-03,20,8,小雨,3
1737,2022-10-04,16,4,晴,1
1738,2022-10-05,15,6,多云,2
1739,2022-10-06,18,4,多云,2
1740,2022-10-07,19,9,多云,2
1741,2022-10-08,12,9,多云,2
1742,2022-10-09,15,6,晴,3
1743,2022-10-10,18,3,晴,1
1744,2022-10-11,20,5,晴,3
1745,2022-10-12,20,8,多云,1
1746,2022-10-13,19,12,多云,1
1747,2022-10-14,22,10,多云,1
1748,2022-10-15,24,11,多云,1
1749,2022-10-16,19,5,晴,1
1750,2022-10-17,17,2,晴,2
1751,2022-10-18,19,2,晴,1
1752,2022-10-19,21,7,晴,3
1753,2022-10-20,18,7,多云,3
1754,2022-10-21,22,10,多云,1
1755,2022-10-22,21,5,晴,1
1756,2022-10-23,22,4,晴,1
1757,2022-10-24,20,6,晴,1
1758,2022-10-25,19,10,多云,1
1759,2022-10-26,18,10,多云,3
1760,2022-10-27,12,9,多云,0
1761,2022-10-28,13,9,多云,2
1762,2022-10-29,14,8,多云,1
1763,2022-10-30,15,8,多云,1
1764,2022-10-31,17,2,晴,2
1765,2022-11-01,15,4,晴,1
1766,2022-11-02,16,3,多云,2
1767,2022-11-03,13,0,多云,1
1768,2022-11-04,14,-1,晴,2
1769,2022-11-05,16,4,晴,2
1770,2022-11-06,12,4,多云,1
1771,2022-11-07,16,1,晴,1
1772,2022-11-08,16,3,多云,2
1773,2022-11-09,13,5,多云,1
1774,2022-11-10,16,8,多云,1
1775,2022-11-11,12,10,小雨,1
1776,2022-11-12,11,0,多云,3
1777,2022-11-13,9,-1,晴,2
1778,2022-11-14,12,0,晴,1
1779,2022-11-15,17,0,雾,2
1780,2022-11-16,15,0,多云,1
1781,2022-11-17,15,4,多云,1
1782,2022-11-18,11,4,多云,5
1783,2022-11-19,14,5,多云,2
1784,2022-11-20,9,4,多云,2
1785,2022-11-21,13,2,多云,2
1786,2022-11-22,11,0,多云,1
1787,2022-11-23,13,2,多云,1
1788,2022-11-24,8,4,多云,1
1789,2022-11-25,13,-2,雾,2
1790,2022-11-26,4,-2,多云,3
1791,2022-11-27,7,1,多云,1
1792,2022-11-28,13,-5,多云,3
1793,2022-11-29,-5,-9,多云,4
1794,2022-11-30,-1,-9,晴,4
1795,2022-12-01,0,-8,晴,1
1796,2022-12-02,0,-6,多云,2
1797,2022-12-03,2,-9,多云,1
1798,2022-12-04,2,-8,晴,1
1799,2022-12-05,5,-8,多云,2
1800,2022-12-06,6,-6,晴,1
1801,2022-12-07,8,-5,多云,1
1802,2022-12-08,9,-5,多云,1
1803,2022-12-09,7,-3,多云,2
1804,2022-12-10,3,-5,晴,1
1805,2022-12-11,4,-4,多云,2
1806,2022-12-12,3,-6,多云,1
1807,2022-12-13,-3,-10,多云,1
1808,2022-12-14,0,-7,多云,1
1809,2022-12-15,-1,-9,多云,2
1810,2022-12-16,-1,-12,多云,4
1811,2022-12-17,-2,-11,多云,1
1812,2022-12-18,0,-10,多云,2
1813,2022-12-19,2,-9,晴,1
1814,2022-12-20,2,-7,多云,4
1815,2022-12-21,0,-7,多云,4
1816,2022-12-22,-1,-8,多云,2
1817,2022-12-23,0,-7,晴,3
1818,2022-12-24,4,-7,晴,3
1819,2022-12-25,1,-7,多云,1
1820,2022-12-26,3,-7,晴,1
1821,2022-12-27,1,-8,晴,2
1822,2022-12-28,3,-8,晴,5
1823,2022-12-29,3,-9,晴,1
1824,2022-12-30,4,-8,晴,1
1825,2022-12-31,6,-7,晴,1
1826,2023-01-01,4,-7,多云,1
1827,2023-01-02,3,-8,多云,1
1828,2023-01-03,3,-8,多云,1
1829,2023-01-04,5,-8,晴,1
1830,2023-01-05,4,-6,多云,1
1831,2023-01-06,9,-7,多云,1
1832,2023-01-07,7,-6,多云,1
1833,2023-01-08,12,-5,晴,3
1834,2023-01-09,8,-6,多云,5
1835,2023-01-10,7,-6,晴,4
1836,2023-01-11,2,-4,多云,1
1837,2023-01-12,3,0,多云,1
1838,2023-01-13,7,-4,多云,2
1839,2023-01-14,-2,-10,阴,4
1840,2023-01-15,0,-10,晴,2
1841,2023-01-16,1,-8,晴,3
1842,2023-01-17,3,-9,晴,2
1843,2023-01-18,3,-6,晴,1
1844,2023-01-19,4,-9,晴,1
1845,2023-01-20,-1,-9,晴,1
1846,2023-01-21,1,-9,晴,1
1847,2023-01-22,4,-8,多云,2
1848,2023-01-23,-3,-14,多云,3
1849,2023-01-24,-6,-13,晴,1
1850,2023-01-25,-4,-10,多云,2
1851,2023-01-26,1,-9,多云,2
1852,2023-01-27,2,-9,晴,3
1853,2023-01-28,6,-5,晴,1
1854,2023-01-29,10,-6,晴,1
1855,2023-01-30,8,-5,晴,2
1856,2023-01-31,14,-3,晴,3
1857,2023-02-01,4,-8,多云,2
1858,2023-02-02,2,-7,多云,1
1859,2023-02-03,5,-5,多云,1
1860,2023-02-04,9,-6,晴,2
1861,2023-02-05,6,-4,多云,1
1862,2023-02-06,8,-5,多云,2
1863,2023-02-07,6,-5,晴,1
1864,2023-02-08,7,-2,多云,2
1865,2023-02-09,1,-5,多云,2
1866,2023-02-10,3,-3,多云,2
1867,2023-02-11,3,0,多云,2
1868,2023-02-12,2,-4,大雪,1
1869,2023-02-13,6,-2,多云,3
1870,2023-02-14,4,-5,多云,1
1871,2023-02-15,4,-6,多云,2
1872,2023-02-16,6,-4,多云,1
1873,2023-02-17,5,-1,多云,1
1874,2023-02-18,4,-5,多云,3
1875,2023-02-19,11,-3,晴,2
1876,2023-02-20,6,-5,晴,2
1877,2023-02-21,5,-3,多云,1
1878,2023-02-22,9,-2,多云,2
1879,2023-02-23,10,0,多云,2
1880,2023-02-24,7,-5,多云,2
1881,2023-02-25,10,-4,晴,2
1882,2023-02-26,11,-1,晴,1
1883,2023-02-27,12,1,多云,1
1884,2023-02-28,14,-1,多云,2
1885,2023-03-01,10,-3,晴,2
1886,2023-03-02,14,0,晴,2
1887,2023-03-03,20,0,晴,1
1888,2023-03-04,16,0,多云~晴,1
1889,2023-03-05,11,2,多云~晴,1
1890,2023-03-06,23,3,多云~晴,1
1891,2023-03-07,21,7,多云,1
1892,2023-03-08,19,2,多云~晴,2
1893,2023-03-09,19,6,多云~晴,1
1894,2023-03-10,27,8,多云,3
1895,2023-03-11,14,1,多云~小雨,4
1896,2023-03-12,11,-1,多云,2
1897,2023-03-13,15,3,多云,1
1898,2023-03-14,21,1,扬沙~晴,3
1899,2023-03-15,11,-1,多云~晴,1
1900,2023-03-16,11,1,多云,1
1901,2023-03-17,10,1,多云,1
1902,2023-03-18,17,1,多云~晴,2
1903,2023-03-19,14,5,多云,1
1904,2023-03-20,16,7,多云,1
1905,2023-03-21,18,10,多云,1
1906,2023-03-22,15,4,多云,2
1907,2023-03-23,12,4,多云,2
1908,2023-03-24,13,3,多云~阴,1
1909,2023-03-25,15,-1,多云~晴,1
1910,2023-03-26,16,3,多云~晴,3
1911,2023-03-27,20,5,多云~晴,3
1912,2023-03-28,21,7,多云,4
1913,2023-03-29,25,10,多云~晴,4
1914,2023-03-30,25,11,多云~晴,1
1915,2023-03-31,23,10,多云,2
1916,2023-04-01,22,12,多云,3
1917,2023-04-02,20,13,多云~阴,4
1918,2023-04-03,18,9,多云~小雨,2
1919,2023-04-04,12,6,小雨,2
1920,2023-04-05,17,9,多云~小雨,0
1921,2023-04-06,18,5,多云~晴,3
1922,2023-04-07,16,4,晴,3
1923,2023-04-08,22,8,晴~多云,4
1924,2023-04-09,22,10,多云,2
1925,2023-04-10,28,11,多云,1
1926,2023-04-11,18,5,多云~晴,5
1927,2023-04-12,22,11,多云~晴,2
1928,2023-04-13,22,13,多云,5
1929,2023-04-14,20,8,多云~晴,3
1930,2023-04-15,20,7,多云~晴,3
1931,2023-04-16,21,10,多云,3
1932,2023-04-17,21,10,多云,2
1933,2023-04-18,27,9,多云~晴,3
1934,2023-04-19,26,16,多云~扬沙,1
1935,2023-04-20,18,12,多云~阴,2
1936,2023-04-21,14,8,多云~小雨,3
1937,2023-04-22,14,7,多云,1
1938,2023-04-23,16,6,多云,4
1939,2023-04-24,17,8,多云~阴,3
1940,2023-04-25,20,5,多云~晴,3
1941,2023-04-26,19,10,多云,1
1942,2023-04-27,20,12,多云~小雨,3
1943,2023-04-28,21,11,雾~多云,2
1944,2023-04-29,24,9,多云~晴,3
1945,2023-04-30,24,11,多云~晴,2
1946,2023-05-01,25,16,多云~小雨,3
1947,2023-05-02,28,16,多云~晴,3
1948,2023-05-03,27,15,多云,2
1949,2023-05-04,20,15,多云~小雨,2
1950,2023-05-05,19,14,多云,2
1951,2023-05-06,24,12,多云~晴,1
1952,2023-05-07,26,11,晴,1
1953,2023-05-08,28,13,多云,2
1954,2023-05-09,27,14,多云,3
1955,2023-05-10,27,14,多云,6
1956,2023-05-11,27,13,多云,2
1957,2023-05-12,25,15,小雨~晴,2
1958,2023-05-13,28,16,多云~晴,4
1959,2023-05-14,30,16,晴,2
1960,2023-05-15,34,22,多云~晴,3
1961,2023-05-16,19,9,多云,1
1962,2023-05-17,8,3,阴,3
1963,2023-05-18,23,14,多云,2
1964,2023-05-19,18,17,晴,5
1965,2023-05-20,18,13,阴,2
1966,2023-05-21,22,16,多云,3
1967,2023-05-22,15,9,小雨到大雨,1
1968,2023-05-23,21,16,晴,2
1969,2023-05-24,22,16,晴,2
1970,2023-05-25,19,13,多云,2
1971,2023-05-26,24,12,多云,2
1972,2023-05-27,22,11,多云,2
1973,2023-05-28,27,25,多云,4
