,日期,人数,页数,week
2664,2023-07-08,,3545,6
0,2023-05-28,662.11,2,7
1,2023-05-27,640.15,4,6
3,2023-05-26,1129.95,7,5
4,2023-05-25,1034.95,9,4
5,2023-05-24,1054.17,10,3
6,2023-05-23,1054.17,12,2
7,2023-05-22,1056.39,14,1
8,2023-05-21,660.18,16,7
10,2023-05-19,1134.92,23,5
11,2023-05-18,1066.37,25,4
12,2023-05-17,1064.50,27,3
13,2023-05-16,1053.45,29,2
14,2023-05-15,1070.88,30,1
15,2023-05-14,672.43,33,7
16,2023-05-13,772.16,35,6
17,2023-05-12,1155.80,40,5
18,2023-05-11,1081.65,42,4
20,2023-05-10,1092.35,45,3
21,2023-05-09,1078.69,48,2
22,2023-05-08,1074.33,51,1
23,2023-05-07,637.12,53,7
24,2023-05-06,1045.64,56,6
25,2023-05-05,1048.85,56,5
27,2023-05-04,1036.22,59,4
29,2023-05-03,682.5,63,3
30,2023-05-02,731.88,66,2
31,2023-05-01,781.65,70,1
32,2023-04-30,844.27,77,7
66,2023-04-29,872.19,87,6
67,2023-04-28,1236.33,99,5
71,2023-04-27,1131.97,114,4
72,2023-04-26,1130.22,117,3
74,2023-04-25,1111.91,122,2
75,2023-04-24,1084.21,125,1
76,2023-04-23,1052.39,127,7
77,2023-04-22,711.06,129,6
78,2023-04-21,1171.96,130,5
80,2023-04-20,1096.68,137,4
81,2023-04-19,1108.06,139,3
82,2023-04-18,1112.46,141,2
83,2023-04-17,1096.87,142,1
85,2023-04-16,751.19,144,7
86,2023-04-15,826.74,146,6
87,2023-04-14,1198.97,154,5
88,2023-04-13,1106.71,158,4
89,2023-04-12,1117.09,160,3
90,2023-04-11,1079.83,161,2
92,2023-04-10,1100.77,164,1
93,2023-04-09,721.17,166,7
94,2023-04-08,807.71,169,6
95,2023-04-07,1187.59,175,5
96,2023-04-06,1090.20,181,4
97,2023-04-05,639.26,183,3
98,2023-04-04,1078.84,186,2
99,2023-04-03,1060.12,190,1
100,2023-04-02,688.26,192,7
102,2023-04-01,822.27,197,6
103,2023-03-31,1187.77,204,5
104,2023-03-30,1086.06,212,4
105,2023-03-29,1088.82,213,3
106,2023-03-28,1084.03,216,2
108,2023-03-27,1084.71,220,1
109,2023-03-26,719.10,222,7
110,2023-03-25,761.41,227,6
111,2023-03-24,1152.63,230,5
113,2023-03-23,1062.67,236,4
114,2023-03-22,1036.96,239,3
115,2023-03-21,1059.52,241,2
116,2023-03-20,1062.92,242,1
118,2023-03-19,679.77,245,7
119,2023-03-18,774.25,250,6
120,2023-03-17,1124.75,251,5
122,2023-03-16,1045.78,262,4
123,2023-03-15,1039.56,264,3
124,2023-03-14,1031.88,266,2
125,2023-03-13,1024.28,268,1
126,2023-03-12,605.02,270,7
127,2023-03-11,650.70,274,6
128,2023-03-10,1093.70,276,5
129,2023-03-09,1016.48,280,4
130,2023-03-08,1071.84,284,3
131,2023-03-07,1031.28,287,2
132,2023-03-06,1033.05,289,1
133,2023-03-05,624.37,292,7
134,2023-03-04,712.65,294,6
135,2023-03-03,1121.76,299,5
137,2023-03-02,1045.69,310,4
138,2023-03-01,1058.78,313,3
139,2023-02-28,1059.66,316,2
140,2023-02-27,1059.37,318,1
141,2023-02-26,679.86,320,7
142,2023-02-25,777.16,324,6
143,2023-02-24,1178.10,332,5
144,2023-02-23,1085.26,346,4
145,2023-02-22,1082.41,350,3
146,2023-02-21,1076.31,353,2
147,2023-02-20,1078.1,356,1
148,2023-02-19,683.51,359,7
149,2023-02-18,666.42,363,6
150,2023-02-17,167.03,366,5
155,2023-02-16,1082.14,382,4
157,2023-02-15,1084.96,388,3
158,2023-02-14,1120.61,391,2
160,2023-02-13,1079.13,398,1
161,2023-02-12,543.27,402,7
162,2023-02-11,682.72,410,6
163,2023-02-10,1087.18,414,5
165,2023-02-09,1008.15,422,4
166,2023-02-08,1013.75,426,3
167,2023-02-07,997.20,430,2
169,2023-02-06,970.71,433,1
171,2023-02-05,551.63,436,7
172,2023-02-04,574.67,443,6
174,2023-02-03,963.53,449,5
175,2023-02-02,916.39,455,4
176,2023-02-01,903.30,460,3
177,2023-01-31,883.51,463,2
179,2023-01-30,820.83,465,1
180,2023-01-29,697.74,470,7
181,2023-01-28,634.71,478,6
182,2023-01-27,396.06,480,5
183,2023-01-26,352.38,487,4
184,2023-01-25,313.09,490,3
185,2023-01-24,256.95,494,2
186,2023-01-23,228.20,497,1
187,2023-01-22,195.48,499,7
188,2023-01-21,124.41,503,6
189,2023-01-20,329.86,507,5
190,2023-01-19,469.81,510,4
191,2023-01-18,602.8,513,3
192,2023-01-17,685.16,517,2
193,2023-01-16,714.72,520,1
194,2023-01-15,382.8,522,7
195,2023-01-14,426.72,525,6
196,2023-01-13,818.37,528,5
197,2023-01-12,795.93,530,4
198,2023-01-11,796.71,534,3
200,2023-01-10,799.49,538,2
201,2023-01-09,790.45,541,1
202,2023-01-08,383.17,544,7
203,2023-01-07,414.71,548,6
204,2023-01-06,769.14,551,5
205,2023-01-05,736.05,553,4
206,2023-01-04,727.48,555,3
207,2023-01-03,718.60,559,2
208,2023-01-02,334.75,562,1
209,2023-01-01,340.48,566,7
210,2022-12-31,372.37,567,6
211,2022-12-30,641.28,575,5
212,2022-12-29,603.15,577,4
213,2022-12-28,592.35,580,3
214,2022-12-27,577.30,583,2
215,2022-12-26,566.02,585,1
216,2022-12-25,240.44,587,7
217,2022-12-24,261.07,590,6
218,2022-12-23,409.21,591,5
219,2022-12-22,372.54,592,4
220,2022-12-21,349.06,595,3
221,2022-12-20,309.11,597,2
222,2022-12-19,278.62,598,1
223,2022-12-17,110.65,602,6
225,2022-12-09,301.94,617,5
226,2022-12-08,329.04,620,4
227,2022-12-07,330.27,623,3
228,2022-12-06,287.15,627,2
229,2022-12-05,285.65,630,1
230,2022-12-04,113.88,632,7
231,2022-12-03,124.38,637,6
232,2022-12-01,202.74,643,4
233,2022-11-30,197.05,647,3
234,2022-11-29,187.05,651,2
235,2022-11-28,174.18,653,1
236,2022-11-25,138.74,663,5
237,2022-11-24,177.31,667,4
240,2022-11-23,241.30,670,3
241,2022-11-22,310.96,672,2
242,2022-11-21,408.89,674,1
243,2022-11-20,189.06,677,7
244,2022-11-19,252.14,681,6
245,2022-11-18,690.04,683,5
246,2022-11-17,697.28,687,4
247,2022-11-16,719.69,690,3
248,2022-11-15,722.94,692,2
249,2022-11-14,736.63,695,1
250,2022-11-13,265.78,698,7
251,2022-11-12,280.58,701,6
252,2022-11-11,711.10,703,5
254,2022-11-10,722.16,708,4
255,2022-11-09,744.52,710,3
256,2022-11-08,762.21,713,2
257,2022-11-07,789.12,717,1
258,2022-11-06,339.12,719,7
259,2022-11-05,415.30,721,6
260,2022-11-04,859.91,725,5
261,2022-11-03,829.24,728,4
263,2022-11-02,829.24,729,3
265,2022-11-01,832.77,732,2
266,2022-10-31,829.20,734,1
267,2022-10-30,365.71,736,7
268,2022-10-29,433.56,738,6
270,2022-10-28,882.59,741,5
271,2022-10-27,841.00,745,4
272,2022-10-26,853.66,748,3
274,2022-10-25,858.73,751,2
275,2022-10-24,852.93,753,1
276,2022-10-23,395.11,755,7
277,2022-10-22,438.80,758,6
278,2022-10-21,855.92,761,5
279,2022-10-20,822.08,764,4
280,2022-10-19,822.08,767,3
282,2022-10-18,825.03,769,2
283,2022-10-17,823.34,771,1
284,2022-10-16,373.98,774,7
285,2022-10-15,419.80,776,6
286,2022-10-14,857.45,778,5
288,2022-10-13,826.64,781,4
289,2022-10-12,844.06,783,3
290,2022-10-11,844.61,785,2
291,2022-10-10,843.68,787,1
292,2022-10-09,795.43,789,7
293,2022-10-08,816.03,791,6
294,2022-10-07,426.98,794,5
295,2022-10-06,461.97,797,4
296,2022-10-05,466.78,800,3
297,2022-10-04,493.82,801,2
298,2022-10-03,397.02,804,1
299,2022-10-02,492.43,806,7
300,2022-10-01,557.11,809,6
301,2022-09-30,979.97,813,5
302,2022-09-29,937.24,822,4
305,2022-09-28,947.50,828,3
306,2022-09-27,952.48,831,2
307,2022-09-26,941.21,834,1
308,2022-09-25,489.29,836,7
310,2022-09-24,553.79,839,6
311,2022-09-23,983.44,841,5
312,2022-09-22,930.30,845,4
313,2022-09-21,930.48,847,3
314,2022-09-20,929.37,850,2
315,2022-09-19,907.81,852,1
316,2022-09-18,438.74,855,7
317,2022-09-17,502.49,858,6
318,2022-09-16,939.20,861,5
319,2022-09-15,900.57,864,4
320,2022-09-14,902.62,866,3
321,2022-09-13,887.77,869,2
322,2022-09-12,445.78,872,1
323,2022-09-11,465.02,875,7
324,2022-09-10,495.58,878,6
325,2022-09-09,995.55,881,5
326,2022-09-08,920.97,887,4
327,2022-09-07,922.48,890,3
328,2022-09-06,922.48,893,2
329,2022-09-05,917.44,895,1
330,2022-09-04,448.12,897,7
331,2022-09-03,503.35,901,6
332,2022-09-02,940.65,903,5
334,2022-09-01,916.63,906,4
335,2022-08-31,915.72,909,3
336,2022-08-30,926.33,913,2
337,2022-08-29,916.71,915,1
338,2022-08-28,474.27,918,7
339,2022-08-27,565.71,923,6
340,2022-08-26,958.12,926,5
341,2022-08-25,933.26,930,4
342,2022-08-24,934.45,933,3
343,2022-08-23,941.11,936,2
344,2022-08-22,928.36,939,1
345,2022-08-21,482.28,943,7
346,2022-08-20,559.56,946,6
347,2022-08-19,973.09,948,5
348,2022-08-18,904.62,952,4
349,2022-08-17,950.77,956,3
350,2022-08-16,958.75,959,2
351,2022-08-15,945.41,962,1
352,2022-08-14,443.03,965,7
353,2022-08-13,557.46,969,6
354,2022-08-12,953.43,972,5
355,2022-08-11,938.27,976,4
356,2022-08-10,943.55,979,3
357,2022-08-09,942.68,982,2
358,2022-08-08,914.07,985,1
359,2022-08-07,465.06,989,7
360,2022-08-06,496.92,993,6
361,2022-08-05,944.03,996,5
362,2022-08-04,943.10,1001,4
363,2022-08-03,919.89,1006,3
364,2022-08-02,927.68,1010,2
365,2022-08-01,925.52,1013,1
366,2022-07-31,501.31,1017,7
367,2022-07-30,547.55,1022,6
368,2022-07-29,961.25,1026,5
369,2022-07-28,921.91,1032,4
370,2022-07-27,908.01,1035,3
372,2022-07-26,913.73,1038,2
373,2022-07-25,899.69,1041,1
374,2022-07-24,455.84,1044,7
376,2022-07-23,506.13,1048,6
377,2022-07-22,928.97,1050,5
380,2022-07-21,896.68,1056,4
381,2022-07-20,899.69,1059,3
382,2022-07-19,901.05,1062,2
383,2022-07-18,891.29,1065,1
384,2022-07-17,437.81,1069,7
385,2022-07-16,487.85,1073,6
386,2022-07-15,917.56,1076,5
387,2022-07-14,894.03,1079,4
388,2022-07-13,898.10,1084,3
389,2022-07-12,887.56,1087,2
391,2022-07-11,876.52,1089,1
394,2022-07-10,405.23,1094,7
395,2022-07-09,445.96,1098,6
396,2022-07-08,890.72,1100,5
398,2022-07-07,859.04,1106,4
401,2022-07-06,853.75,1110,3
402,2022-07-05,850.73,1114,2
403,2022-07-04,844.46,1116,1
406,2022-07-03,311.02,1121,7
409,2022-07-02,391.50,1127,6
408,2022-07-01,841.79,1125,5
411,2022-06-30,795.24,1136,4
412,2022-06-29,787.15,1140,3
413,2022-06-28,765.86,1146,2
414,2022-06-27,745.62,1150,1
415,2022-06-25,295.99,1158,6
416,2022-06-24,690.75,1159,5
418,2022-06-23,673.92,1167,4
419,2022-06-22,675.94,1171,3
420,2022-06-21,676.58,1176,2
421,2022-06-20,673.59,1178,1
422,2022-06-17,607.86,1191,5
423,2022-06-16,593.66,1195,4
424,2022-06-15,588.82,1200,3
425,2022-06-14,577.35,1203,2
426,2022-06-13,582.96,1205,1
427,2022-06-10,610.14,1215,5
428,2022-06-09,609.45,1218,4
429,2022-06-08,531.68,1220,3
430,2022-06-07,507.95,1223,2
431,2022-06-06,451.31,1227,1
433,2022-05-12,303.90,1304,4
434,2022-05-11,332.16,1306,3
437,2022-05-10,338.58,1309,2
438,2022-05-09,368.98,1312,1
439,2022-05-07,349.17,1318,6
440,2022-05-06,364.49,1321,5
441,2022-05-05,386.71,1324,4
442,2022-05-04,160.69,1326,3
443,2022-05-03,184.16,1330,2
444,2022-05-02,191.13,1334,1
224,2022-05-01,196.30,603,7
446,2022-04-30,235.12,1341,6
447,2022-04-29,632.72,1345,5
449,2022-04-28,671.99,1352,4
450,2022-04-27,719.86,1356,3
451,2022-04-26,741.20,1359,2
452,2022-04-25,801.45,1362,1
453,2022-04-24,800.51,1364,7
454,2022-04-23,410.57,1366,6
455,2022-04-22,970.13,1369,5
457,2022-04-21,919.21,1374,4
458,2022-04-20,940.49,1377,3
459,2022-04-19,930.31,1381,2
460,2022-04-18,928.89,1383,1
461,2022-04-17,416.61,1386,7
462,2022-04-16,497.26,1390,6
463,2022-04-15,942.67,1392,5
465,2022-04-14,906.97,1395,4
466,2022-04-13,905.96,1399,3
467,2022-04-12,894.17,1403,2
468,2022-04-11,892.25,1407,1
469,2022-04-10,373.40,1409,7
470,2022-04-09,439.06,1413,6
471,2022-04-08,926.00,1415,5
474,2022-04-07,906.70,1418,4
475,2022-04-06,907.87,1421,3
476,2022-04-05,402.84,1423,2
477,2022-04-04,508.54,1428,1
478,2022-04-03,535.11,1430,7
479,2022-04-02,898.92,1434,6
481,2022-04-01,907.00,1439,5
482,2022-03-31,905.80,1442,4
483,2022-03-30,898.45,1446,3
484,2022-03-29,876.81,1450,2
486,2022-03-28,887.57,1454,1
487,2022-03-27,393.35,1458,7
489,2022-03-26,440.58,1461,6
490,2022-03-25,877.07,1463,5
491,2022-03-24,851.90,1467,4
492,2022-03-23,863.69,1470,3
493,2022-03-22,856.68,1472,2
495,2022-03-21,863.20,1474,1
497,2022-03-20,350.60,1477,7
498,2022-03-19,387.45,1482,6
499,2022-03-18,879.22,1484,5
500,2022-03-17,845.45,1488,4
501,2022-03-16,871.10,1492,3
502,2022-03-15,877.08,1496,2
503,2022-03-14,898.44,1500,1
504,2022-03-13,406.41,1504,7
506,2022-03-12,473.25,1509,6
507,2022-03-11,979.98,1512,5
510,2022-03-10,974.15,1517,4
511,2022-03-09,974.15,1520,3
513,2022-03-08,1029.40,1522,2
516,2022-03-07,1000.09,1526,1
518,2022-03-06,485.59,1529,7
520,2022-03-05,555.45,1533,6
522,2022-03-04,1019.96,1536,5
525,2022-03-03,983.32,1542,4
527,2022-03-02,987.06,1546,3
528,2022-03-01,983.57,1548,2
529,2022-02-28,971.82,1550,1
531,2022-02-27,466.69,1555,7
532,2022-02-26,528.16,1558,6
533,2022-02-25,1003.44,1560,5
537,2022-02-24,962.32,1565,4
538,2022-02-23,978.63,1568,3
539,2022-02-22,996.16,1572,2
540,2022-02-21,993.69,1576,1
541,2022-02-20,451.15,1579,7
542,2022-02-19,508.70,1582,6
543,2022-02-18,980.52,1584,5
549,2022-02-17,943.17,1587,4
550,2022-02-16,949.26,1591,3
551,2022-02-15,925.40,1594,2
552,2022-02-14,947.52,1600,1
554,2022-02-13,423.22,1603,7
555,2022-02-12,431.48,1608,6
556,2022-02-11,869.09,1610,5
557,2022-02-10,839.30,1613,4
558,2022-02-09,807.33,1616,3
559,2022-02-08,763.27,1618,2
560,2022-02-07,683.97,1620,1
561,2022-02-06,331.47,1623,7
563,2022-02-05,284.93,1626,6
564,2022-02-04,246.18,1629,5
565,2022-02-03,258.68,1632,4
566,2022-02-02,242.05,1634,3
567,2022-02-01,192.33,1636,2
568,2022-01-31,159.25,1638,1
570,2022-01-30,373.74,1642,7
572,2022-01-29,488.18,1646,6
573,2022-01-28,622.68,1648,5
575,2022-01-27,680.32,1651,4
576,2022-01-26,724.13,1653,3
578,2022-01-25,759.55,1656,2
579,2022-01-24,777.04,1659,1
580,2022-01-23,325.10,1664,7
581,2022-01-22,421.82,1666,6
583,2022-01-21,892.62,1670,5
584,2022-01-20,889.33,1672,4
586,2022-01-19,885.64,1678,3
587,2022-01-18,908.33,1681,2
588,2022-01-17,909.59,1683,1
589,2022-01-16,392.47,1687,7
590,2022-01-15,530.25,1691,6
591,2022-01-14,1008.49,1694,5
592,2022-01-13,975.41,1696,4
593,2022-01-12,977.14,1700,3
594,2022-01-11,981.45,1702,2
595,2022-01-10,987.21,1705,1
596,2022-01-09,452.22,1708,7
597,2022-01-08,540.10,1712,6
598,2022-01-07,1045.00,1714,5
599,2022-01-06,1007.41,1719,4
600,2022-01-05,1009.04,1722,3
601,2022-01-04,1014.02,1724,2
602,2022-01-03,513.88,1727,1
604,2022-01-02,516.33,1729,7
435,2022-01-01,694.20,1307,6
606,2021-12-31,1130.13,1734,5
610,2021-12-30,1009.09,1740,4
611,2021-12-29,1006.81,1751,3
612,2021-12-28,1004.83,1757,2
614,2021-12-27,1001.65,1761,1
615,2021-12-26,468.97,1766,7
617,2021-12-25,544.16,1769,6
616,2021-12-24,1071.54,1767,5
620,2021-12-23,987.35,1781,4
621,2021-12-22,996.58,1784,3
623,2021-12-21,999.14,1788,2
624,2021-12-20,996.90,1790,1
625,2021-12-19,483.42,1793,7
626,2021-12-18,532.08,1794,6
628,2021-12-17,1036.17,1798,5
629,2021-12-16,984.93,1802,4
630,2021-12-15,990.24,1805,3
632,2021-12-14,988.89,1809,2
633,2021-12-13,989.70,1811,1
634,2021-12-12,474.78,1813,7
636,2021-12-11,540.75,1817,6
637,2021-12-10,1030.59,1820,5
638,2021-12-09,971.28,1824,4
639,2021-12-08,977.50,1827,3
640,2021-12-07,981.00,1830,2
641,2021-12-06,982.05,1832,1
642,2021-12-05,467.95,1835,7
644,2021-12-04,525.96,1839,6
646,2021-12-03,1022.72,1843,5
648,2021-12-02,977.98,1847,4
647,2021-12-01,979.37,1846,3
650,2021-11-30,970.86,1853,2
651,2021-11-29,970.07,1855,1
652,2021-11-28,459.05,1857,7
654,2021-11-27,514.51,1861,6
655,2021-11-26,1010.96,1865,5
656,2021-11-25,959.14,1870,4
657,2021-11-24,958.75,1871,3
659,2021-11-23,953.62,1876,2
660,2021-11-22,941.80,1878,1
663,2021-11-21,394.28,1881,7
662,2021-11-20,463.57,1881,6
666,2021-11-19,969.54,1885,5
668,2021-11-18,925.03,1889,4
670,2021-11-17,918.27,1893,3
673,2021-11-16,922.10,1897,2
676,2021-11-15,919.73,1899,1
677,2021-11-14,382.15,1902,7
678,2021-11-13,425.63,1904,6
679,2021-11-12,936.71,1905,5
681,2021-11-11,921.22,1909,4
682,2021-11-10,939.89,1912,3
683,2021-11-09,939.38,1914,2
685,2021-11-08,946.03,1917,1
687,2021-11-07,383.10,1920,7
689,2021-11-06,363.02,1924,6
691,2021-11-05,940.60,1927,5
693,2021-11-04,899.52,1932,4
694,2021-11-03,902.52,1934,3
696,2021-11-02,903.54,1936,2
698,2021-11-01,922.96,1941,1
699,2021-10-31,413.91,1945,7
700,2021-10-30,457.43,1948,6
702,2021-10-29,953.61,1950,5
704,2021-10-28,927.76,1956,4
705,2021-10-27,939.42,1958,3
707,2021-10-26,944.16,1962,2
708,2021-10-25,960.40,1963,1
710,2021-10-24,482.81,1966,7
712,2021-10-23,550.22,1970,6
713,2021-10-22,1081.44,1974,5
716,2021-10-21,1038.58,1978,4
717,2021-10-20,1052.75,1980,3
718,2021-10-19,1073.16,1983,2
719,2021-10-18,1083.45,1986,1
721,2021-10-17,622.50,1989,7
722,2021-10-16,661.65,1992,6
723,2021-10-15,1134.80,1995,5
725,2021-10-14,1056.55,1998,4
726,2021-10-13,1057.46,2000,3
727,2021-10-12,1066.00,2002,2
729,2021-10-11,1070.88,2006,1
730,2021-10-10,573.63,2007,7
732,2021-10-09,995.31,2010,6
733,2021-10-08,1008.43,2011,5
736,2021-10-07,614.72,2015,4
738,2021-10-06,477.03,2017,3
739,2021-10-05,498.16,2020,2
741,2021-10-04,470.42,2024,1
742,2021-10-03,494.69,2025,7
744,2021-10-02,573.42,2029,6
745,2021-10-01,689.87,2029,5
747,2021-09-30,1115.19,2035,4
751,2021-09-29,1057.30,2047,3
752,2021-09-28,1044.21,2051,2
754,2021-09-27,1036.96,2052,1
756,2021-09-26,981.64,2058,7
758,2021-09-25,553.14,2061,6
759,2021-09-24,1062.40,2063,5
760,2021-09-23,1025.23,2064,4
763,2021-09-22,1049.48,2068,3
764,2021-09-21,665.57,2070,2
767,2021-09-20,489.77,2075,1
769,2021-09-19,559.02,2079,7
771,2021-09-18,1087.88,2083,6
773,2021-09-17,1046.15,2089,5
774,2021-09-16,1025.04,2092,4
775,2021-09-15,1024.63,2095,3
776,2021-09-14,1016.21,2098,2
777,2021-09-13,1023.35,2100,1
778,2021-09-12,535.09,2103,7
779,2021-09-11,626.36,2106,6
780,2021-09-10,1084.34,2108,5
783,2021-09-09,1000.95,2111,4
784,2021-09-08,1013.92,2113,3
785,2021-09-07,1017.22,2115,2
787,2021-09-06,1016.47,2117,1
789,2021-09-05,510.82,2119,7
790,2021-09-04,501.62,2121,6
792,2021-09-03,1042.92,2124,5
793,2021-09-02,976.70,2126,4
795,2021-09-01,976.80,2128,3
796,2021-08-31,959.64,2131,2
798,2021-08-30,957.53,2134,1
799,2021-08-29,476.66,2136,7
801,2021-08-28,533.67,2139,6
802,2021-08-27,991.21,2141,5
804,2021-08-26,953.55,2145,4
805,2021-08-25,953.54,2148,3
806,2021-08-24,946.14,2151,2
807,2021-08-23,930.74,2154,1
809,2021-08-22,416.39,2157,7
810,2021-08-21,498.72,2159,6
811,2021-08-20,944.49,2160,5
812,2021-08-19,857.13,2164,4
813,2021-08-18,903.93,2167,3
814,2021-08-17,904.80,2169,2
815,2021-08-16,894.00,2171,1
817,2021-08-15,374.24,2173,7
818,2021-08-14,462.21,2175,6
819,2021-08-13,884.90,2177,5
820,2021-08-12,848.01,2178,4
822,2021-08-11,855.27,2180,3
823,2021-08-10,854.65,2183,2
824,2021-08-09,846.11,2185,1
825,2021-08-08,348.53,2188,7
826,2021-08-07,393.93,2190,6
827,2021-08-06,852.37,2193,5
828,2021-08-05,844.30,2196,4
829,2021-08-04,880.60,2199,3
830,2021-08-03,903.70,2201,2
833,2021-08-02,940.43,2206,1
836,2021-08-01,474.85,2209,7
837,2021-07-31,540.76,2212,6
838,2021-07-30,1004.73,2215,5
839,2021-07-29,1008.22,2218,4
841,2021-07-28,1098.30,2222,3
843,2021-07-27,1090.03,2226,2
844,2021-07-26,1099.40,2230,1
845,2021-07-25,639.05,2233,7
846,2021-07-24,718.57,2236,6
847,2021-07-23,1165.83,2241,5
848,2021-07-22,1103.19,2243,4
850,2021-07-21,1122.68,2247,3
851,2021-07-20,1147.97,2250,2
853,2021-07-19,1139.60,2254,1
854,2021-07-18,615.98,2257,7
855,2021-07-17,702.84,2260,6
856,2021-07-16,1202.41,2263,5
857,2021-07-15,1162.63,2267,4
858,2021-07-14,1180.05,2270,3
859,2021-07-13,1168.53,2272,2
861,2021-07-12,882.68,2276,1
862,2021-07-11,631.63,2279,7
863,2021-07-10,770.14,2283,6
864,2021-07-09,1218.00,2284,5
866,2021-07-08,1148.47,2289,4
867,2021-07-07,1146.68,2292,3
870,2021-07-06,1143.41,2296,2
871,2021-07-05,1122.82,2297,1
873,2021-07-04,643.82,2299,7
875,2021-07-03,661.39,2304,6
876,2021-07-02,1152.83,2307,5
877,2021-07-01,948.48,2311,4
878,2021-06-30,1044.12,2314,3
880,2021-06-29,1054.45,2320,2
882,2021-06-28,1077.31,2323,1
883,2021-06-27,580.10,2326,7
884,2021-06-26,622.16,2329,6
886,2021-06-25,1128.51,2331,5
888,2021-06-24,1062.42,2336,4
889,2021-06-23,1076.95,2340,3
890,2021-06-22,1066.80,2343,2
891,2021-06-21,1072.83,2345,1
892,2021-06-20,571.80,2348,7
893,2021-06-19,637.98,2351,6
894,2021-06-18,1124.69,2354,5
895,2021-06-17,1069.80,2358,4
896,2021-06-16,1069.49,2361,3
897,2021-06-15,1073.18,2363,2
898,2021-06-14,555.54,2365,1
899,2021-06-13,557.01,2368,7
900,2021-06-12,642.32,2370,6
432,2021-06-11,1163.26,1242,5
905,2021-06-10,1073.9,2379,4
906,2021-06-09,1031.69,2382,3
907,2021-06-08,1046.18,2384,2
908,2021-06-07,1051.98,2386,1
909,2021-06-06,576.31,2389,7
910,2021-06-05,643.63,2391,6
913,2021-06-03,1049.27,2396,4
915,2021-06-02,1043.89,2399,3
916,2021-06-01,1061.21,2402,2
920,2021-05-31,1046.41,2404,1
921,2021-05-30,602.30,2407,7
922,2021-05-29,662.78,2411,6
923,2021-05-28,170.83,2412,5
926,2021-05-27,1049.11,2416,4
927,2021-05-26,1051.46,2418,3
928,2021-05-25,1058.73,2421,2
929,2021-05-24,1059.73,2423,1
930,2021-05-23,602.55,2425,7
931,2021-05-22,648.91,2428,6
932,2021-05-21,1128.70,2431,5
933,2021-05-20,1076.49,2434,4
934,2021-05-19,1058.33,2437,3
935,2021-05-18,1062.37,2439,2
936,2021-05-17,1070.25,2442,1
937,2021-05-16,629.59,2444,7
938,2021-05-15,619.80,2446,6
939,2021-05-14,171.15,2447,5
942,2021-05-13,1067.45,2453,4
943,2021-05-12,1076.92,2456,3
944,2021-05-11,1075.72,2457,2
945,2021-05-10,1076.59,2458,1
946,2021-05-09,603.44,2460,7
947,2021-05-08,1033.8,2461,6
948,2021-05-07,1043.95,2464,5
949,2021-05-06,1018.78,2466,4
951,2021-05-05,632.61,2468,3
952,2021-05-04,633.88,2473,2
953,2021-05-03,678.06,2476,1
954,2021-05-02,744.34,2480,7
950,2021-05-01,756.19,2468,6
448,2021-04-30,1177.19,1348,5
958,2021-04-29,1095.33,2499,4
959,2021-04-28,1089.27,2503,3
960,2021-04-27,1063.68,2507,2
961,2021-04-26,1063.84,2510,1
962,2021-04-25,1008.50,2512,7
963,2021-04-24,664.71,2515,6
964,2021-04-23,1129.68,2517,5
965,2021-04-22,1072.21,2520,4
966,2021-04-21,1060.38,2521,3
967,2021-04-20,1077.07,2523,2
968,2021-04-19,1077.07,2524,1
969,2021-04-18,645.76,2526,7
970,2021-04-17,693.84,2528,6
971,2021-04-16,1138.70,2528,5
977,2021-04-15,1058.07,2537,4
978,2021-04-14,1077.56,2540,3
979,2021-04-13,1079.21,2542,2
980,2021-04-12,1065.11,2542,1
982,2021-04-11,605.65,2548,7
983,2021-04-10,672.19,2550,6
984,2021-04-09,171.15,2551,5
987,2021-04-08,1068.27,2558,4
988,2021-04-07,1063.97,2561,3
989,2021-04-06,1064.07,2563,2
990,2021-04-05,646.42,2566,1
991,2021-04-04,689.28,2570,7
992,2021-04-03,738.63,2575,6
993,2021-04-02,170.20,2581,5
995,2021-04-01,1061.49,2589,4
996,2021-03-31,1071.86,2592,3
997,2021-03-30,1059.92,2594,2
998,2021-03-29,1057.90,2596,1
1000,2021-03-28,514.87,2599,7
1001,2021-03-27,668.97,2602,6
1003,2021-03-26,166.24,2608,5
1005,2021-03-25,1054.69,2612,4
1006,2021-03-24,1051.47,2615,3
1007,2021-03-23,1043.10,2617,2
1009,2021-03-22,1043.97,2619,1
1008,2021-03-21,573.62,2619,7
1011,2021-03-20,615.50,2625,6
1012,2021-03-19,1093.34,2628,5
1013,2021-03-18,1016.07,2633,4
1014,2021-03-17,1016.60,2635,3
1015,2021-03-16,1010.99,2637,2
1016,2021-03-15,929.71,2641,1
1017,2021-03-14,464.85,2643,7
1018,2021-03-13,544.39,2648,6
1019,2021-03-12,977.19,2652,5
1021,2021-03-11,957.57,2659,4
1022,2021-03-10,964.03,2661,3
1023,2021-03-09,959.24,2664,2
1024,2021-03-08,994.26,2667,1
1025,2021-03-07,463.20,2670,7
1026,2021-03-06,507.30,2673,6
1027,2021-03-05,982.37,2675,5
1029,2021-03-04,947.83,2678,4
1030,2021-03-03,945.66,2680,3
1031,2021-03-02,934.66,2683,2
1032,2021-03-01,946.19,2684,1
1033,2021-02-28,376.22,2687,7
1034,2021-02-27,481.54,2689,6
1035,2021-02-26,902.27,2691,5
1036,2021-02-25,869.29,2695,4
1037,2021-02-24,860.00,2697,3
1038,2021-02-23,845.49,2699,2
1039,2021-02-22,846.35,2700,1
1040,2021-02-21,397.79,2702,7
1041,2021-02-20,695.04,2704,6
1042,2021-02-19,700.76,2707,5
1043,2021-02-18,645.64,2709,4
1044,2021-02-17,316.21,2710,3
1046,2021-02-16,263.96,2714,2
1047,2021-02-15,313.46,2717,1
1048,2021-02-14,256.39,2720,7
1050,2021-02-13,250.29,2723,6
1051,2021-02-12,221.91,2725,5
1052,2021-02-11,180.21,2727,4
1053,2021-02-10,444.11,2732,3
1054,2021-02-09,557.06,2734,2
1055,2021-02-08,627.41,2735,1
1056,2021-02-07,618.17,2737,7
1057,2021-02-06,347.91,2739,6
1058,2021-02-05,738.56,2740,5
1059,2021-02-04,732.81,2743,4
1060,2021-02-03,738.83,2745,3
1061,2021-02-02,739.93,2747,2
1062,2021-02-01,739.98,2750,1
1063,2021-01-31,282.80,2752,7
1064,2021-01-30,334.51,2754,6
1065,2021-01-29,746.43,2755,5
1067,2021-01-28,718.90,2757,4
1069,2021-01-27,738.84,2760,3
1070,2021-01-26,735.6,2762,2
1071,2021-01-25,738.16,2764,1
1072,2021-01-24,256.70,2766,7
1073,2021-01-23,310.43,2768,6
1074,2021-01-22,771.26,2770,5
1075,2021-01-21,760.68,2772,4
1076,2021-01-20,791.65,2774,3
1077,2021-01-19,808.34,2776,2
1078,2021-01-18,819.36,2779,1
1079,2021-01-17,318.60,2782,7
1080,2021-01-16,377.66,2784,6
1081,2021-01-15,842.77,2786,5
1082,2021-01-14,815.81,2789,4
1084,2021-01-13,823.44,2792,3
1085,2021-01-12,836.13,2794,2
1086,2021-01-11,857.37,2796,1
1087,2021-01-10,333.58,2798,7
1088,2021-01-09,380.93,2799,6
1089,2021-01-08,873.11,2801,5
1092,2021-01-07,841.41,2803,4
1093,2021-01-06,842.79,2805,3
1094,2021-01-05,896.25,2806,2
1095,2021-01-04,907.54,2809,1
1097,2021-01-03,376.01,2811,7
1100,2021-01-02,353.02,2814,6
1101,2021-01-01,355.75,2816,5
1102,2020-12-31,,2818,4
1106,2020-12-30,878.05,2826,3
1107,2020-12-29,883.09,2829,2
1108,2020-12-28,911.29,2831,1
1112,2020-12-27,2.4661,2835,7
1115,2020-12-26,2.1739,2837,6
1117,2020-12-25,2.9127,2839,5
1125,2020-12-24,2.7119,2843,4
1127,2020-12-23,1018.27,2847,3
1129,2020-12-22,2.5418,2849,2
1131,2020-12-21,2.7919,2851,1
1134,2020-12-20,534.92,2853,7
1136,2020-12-19,2.8833,2855,6
1138,2020-12-18,3.5055,2856,5
1141,2020-12-17,2.7423,2858,4
1144,2020-12-16,2.7240,2862,3
1146,2020-12-15,2.6388,2863,2
1148,2020-12-14,2.7968,2867,1
1152,2020-12-13,541.68,2869,7
1151,2020-12-12,2.6532,2868,6
1154,2020-12-11,3.5183,2871,5
1157,2020-12-10,1037.52,2875,4
1159,2020-12-09,1047.87,2877,3
1161,2020-12-08,2.6967,2879,2
1163,2020-12-07,1049.93,2881,1
1165,2020-12-06,3.3946,2883,7
1167,2020-12-05,2.7677,2885,6
1171,2020-12-04,1113.30,2887,5
1178,2020-12-03,2.8630,2889,4
1182,2020-12-02,2.7513,2892,3
1185,2020-12-01,1045.40,2894,2
1187,2020-11-30,3.1654,2895,1
1191,2020-11-29,3.3989,2899,7
1192,2020-11-28,639.32,2899,6
1198,2020-11-27,1117.33,2903,5
1202,2020-11-26,1044.79,2906,4
1205,2020-11-25,3.1229,2909,3
1207,2020-11-24,1050.24,2910,2
1210,2020-11-23,3.3748,2912,1
1212,2020-11-22,3.7645,2914,7
1215,2020-11-21,592.35,2917,6
1219,2020-11-20,1126.96,2918,5
1225,2020-11-19,3.3396,2923,4
1229,2020-11-18,3.3238,2925,3
672,2020-11-17,1041.25,1897,2
1235,2020-11-16,1038.91,2930,1
1237,2020-11-15,3.8089,2931,7
1240,2020-11-14,655.44,2933,6
1246,2020-11-13,1116.74,2934,5
1253,2020-11-12,3.4152,2936,4
1256,2020-11-11,3.278,2937,3
1259,2020-11-10,1048.41,2939,2
1261,2020-11-09,3.6161,2940,1
1263,2020-11-08,3.8644,2941,7
1265,2020-11-07,674.20,2942,6
1269,2020-11-06,3.9545,2945,5
1277,2020-11-05,3.3409,2948,4
1279,2020-11-04,1049.48,2950,3
1280,2020-11-03,3.0032,2950,2
1282,2020-11-02,3.3259,2952,1
1284,2020-11-01,3.7277,2953,7
1287,2020-10-31,705.97,2956,6
1286,2020-10-30,3.9362,2955,5
1295,2020-10-29,3.3356,2962,4
1300,2020-10-28,3.2636,2963,3
1303,2020-10-27,3.1196,2966,2
1305,2020-10-26,1043.99,2968,1
1307,2020-10-25,3.6515,2969,7
1309,2020-10-24,680.42,2971,6
1311,2020-10-23,3.2296,2972,5
1324,2020-10-22,2.8458,2977,4
1327,2020-10-21,2.7122,2979,3
1330,2020-10-20,2.6967,2980,2
1333,2020-10-19,1034.2,2982,1
1336,2020-10-18,2.9576,2984,7
1339,2020-10-17,660.24,2985,6
1349,2020-10-16,1095.24,2987,5
1355,2020-10-15,2.8939,2989,4
1358,2020-10-14,2.8741,2991,3
1361,2020-10-13,1024.79,2993,2
1363,2020-10-12,3.0362,2996,1
1365,2020-10-11,3.1214,2997,7
1368,2020-10-10,972.08,2999,6
1373,2020-10-09,3.1575,3001,5
1375,2020-10-08,560.62,3003,4
1380,2020-10-07,546.43,3004,3
1386,2020-10-06,517.92,3008,2
1390,2020-10-05,3.3269,3009,1
1391,2020-10-04,3.3554,3009,7
1392,2020-10-03,3.2606,3009,6
1393,2020-10-02,3.1317,3009,5
1406,2020-10-01,3.7143,3015,4
1394,2020-09-30,3.8077,3010,3
1428,2020-09-29,1007.6,3028,2
1430,2020-09-28,997.56,3030,1
1432,2020-09-27,945.33,3032,7
1435,2020-09-26,586.00,3034,6
1436,2020-09-25,155.97,3035,5
1447,2020-09-24,995.65,3038,4
1448,2020-09-23,2.5717,3039,3
1452,2020-09-22,993.16,3042,2
1456,2020-09-21,991.22,3043,1
1460,2020-09-20,571.79,3045,7
1465,2020-09-19,2.7004,3047,6
1471,2020-09-18,3.0113,3050,5
1486,2020-09-17,990.55,3054,4
1489,2020-09-16,999.78,3055,3
1493,2020-09-15,967.96,3056,2
1495,2020-09-14,985.33,3057,1
1499,2020-09-13,546.25,3059,7
1502,2020-09-12,2.7676,3060,6
1508,2020-09-11,1015.64,3062,5
1511,2020-09-10,2.7617,3063,4
1526,2020-09-09,974.38,3067,3
1530,2020-09-08,2.6207,3069,2
1536,2020-09-07,967.48,3071,1
1534,2020-09-06,2.8312,3070,7
1539,2020-09-05,575.08,3073,6
1541,2020-09-04,3.0426,3074,5
1548,2020-09-03,934.65,3078,4
1550,2020-09-02,2.502,3079,3
1553,2020-09-01,922.99,3080,2
1558,2020-08-31,914.14,3082,1
1560,2020-08-30,2.6243,3084,7
1564,2020-08-29,538.51,3086,6
1567,2020-08-28,927.23,3087,5
1572,2020-08-27,2.2839,3089,4
1574,2020-08-26,903.36,3091,3
1575,2020-08-25,944.98,3092,2
1582,2020-08-24,903.68,3095,1
1580,2020-08-23,2.0328,3094,7
1586,2020-08-22,522.84,3097,6
1583,2020-08-21,900.88,3095,5
1597,2020-08-20,872.58,3102,4
1600,2020-08-19,869.05,3103,3
1604,2020-08-18,850.05,3105,2
1602,2020-08-17,1.9371,3104,1
1609,2020-08-16,430.95,3110,7
1611,2020-08-15,1.7817,3111,6
1616,2020-08-14,2.008,3113,5
1625,2020-08-13,1.8143,3115,4
1628,2020-08-12,1.1896,3116,3
1629,2020-08-11,1.6628,3116,2
1635,2020-08-10,838.08,3119,1
1640,2020-08-09,410.45,3121,7
1642,2020-08-08,1.6924,3122,6
1647,2020-08-07,1.8599,3123,5
1653,2020-08-06,807.08,3125,4
1656,2020-08-05,803.94,3126,3
1661,2020-08-04,813.41,3128,2
831,2020-08-03,819.16,2205,1
834,2020-08-02,385.38,2209,7
1670,2020-08-01,423.10,3132,6
1675,2020-07-31,1.6551,3133,5
1680,2020-07-30,1.3893,3135,4
1684,2020-07-29,1.3256,3136,3
1689,2020-07-28,1.2966,3137,2
1693,2020-07-27,1.3555,3138,1
1698,2020-07-26,362.77,3140,7
1699,2020-07-25,400.05,3141,6
1704,2020-07-24,778.44,3142,5
1709,2020-07-23,760.91,3144,4
1713,2020-07-22,760.18,3146,3
1714,2020-07-21,755.20,3147,2
1716,2020-07-20,748.57,3148,1
1721,2020-07-19,326.56,3150,7
1723,2020-07-18,354.18,3151,6
1724,2020-07-17,714.07,3151,5
1732,2020-07-16,697.81,3154,4
1735,2020-07-15,698.47,3155,3
1738,2020-07-14,691.91,3156,2
1739,2020-07-13,690.01,3157,1
1742,2020-07-12,265.02,3158,7
1743,2020-07-11,308.86,3159,6
1745,2020-07-10,648.95,3160,5
1752,2020-07-09,618.19,3162,4
1756,2020-07-08,626.29,3164,3
1758,2020-07-07,620.47,3166,2
1759,2020-07-06,616.49,3166,1
1760,2020-07-05,216.44,3167,7
1761,2020-07-04,253.23,3168,6
1764,2020-07-03,567.51,3169,5
1767,2020-07-02,560.83,3171,4
1769,2020-07-01,562.32,3172,3
1770,2020-06-30,549.48,3173,2
1771,2020-06-29,540.06,3174,1
1773,2020-06-28,498.64,3175,7
1774,2020-06-27,197.83,3176,6
1777,2020-06-26,202.18,3178,5
1782,2020-06-25,182.76,3178,4
1786,2020-06-24,513.50,3180,3
1791,2020-06-23,505.27,3182,2
1793,2020-06-22,507.88,3184,1
1795,2020-06-21,167.81,3185,7
1797,2020-06-20,200.49,3186,6
1799,2020-06-19,501.33,3187,5
1804,2020-06-18,502.03,3188,4
1806,2020-06-17,545.12,3190,3
1808,2020-06-16,595.72,3191,2
1810,2020-06-15,651.75,3192,1
1813,2020-06-14,1.3938,3193,7
1816,2020-06-13,1.544,3194,6
1666,2020-06-12,2020.6,3130,5
1825,2020-06-11,861.47,3196,4
1828,2020-06-10,1.881,3197,3
1830,2020-06-09,1.7185,3198,2
1832,2020-06-08,859.77,3199,1
1835,2020-06-07,401.93,3200,7
1837,2020-06-06,462.91,3201,6
1840,2020-06-05,1.7835,3202,5
1843,2020-06-04,1.5168,3204,4
1846,2020-06-03,834.67,3205,3
1849,2020-06-02,831.26,3207,2
1850,2020-06-01,1.4162,3208,1
1852,2020-05-31,0.9563,3209,7
1855,2020-05-30,419.09,3210,6
1854,2020-05-29,1.0716,3210,5
1857,2020-05-28,0.9653,3212,4
1859,2020-05-27,0.9488,3214,3
1861,2020-05-26,0.9331,3215,2
1863,2020-05-25,762.73,3216,1
1865,2020-05-24,370.04,3216,7
1866,2020-05-23,399.01,3217,6
1868,2020-05-22,0.9703,3218,5
1870,2020-05-21,731.24,3220,4
1871,2020-05-20,765.23,3222,3
1873,2020-05-19,747.87,3223,2
1874,2020-05-18,748.52,3224,1
1875,2020-05-17,336.24,3225,7
1876,2020-05-16,385.35,3226,6
1878,2020-05-15,0.8535,3226,5
1880,2020-05-14,0.8864,3228,4
1882,2020-05-13,712.11,3229,3
1884,2020-05-12,0.8144,3230,2
1886,2020-05-11,705.42,3231,1
1891,2020-05-10,318.09,3232,7
1892,2020-05-09,0.6871,3233,6
1896,2020-05-08,0.6995,3234,5
1898,2020-05-07,648.98,3235,4
1899,2020-05-06,643.18,3236,3
1900,2020-05-05,308.15,3237,2
1901,2020-05-04,293.92,3238,1
1902,2020-05-03,278.13,3239,7
1903,2020-05-02,281.70,3240,6
1904,2020-05-01,303.91,3240,5
1906,2020-04-30,567.75,3242,4
1907,2020-04-29,535.71,3244,3
1908,2020-04-28,529.61,3246,2
1909,2020-04-27,525.48,3247,1
1910,2020-04-26,467.43,3248,7
1911,2020-04-25,225.74,3249,6
1913,2020-04-24,499.40,3251,5
1914,2020-04-23,489.28,3252,4
1915,2020-04-22,485.85,3254,3
1916,2020-04-21,480.03,3255,2
1917,2020-04-20,482.46,3257,1
1919,2020-04-19,193.00,3258,7
1920,2020-04-18,235.62,3259,6
1921,2020-04-17,456.97,3260,5
1922,2020-04-16,448.95,3261,4
1923,2020-04-15,448.61,3262,3
1924,2020-04-14,445.27,3264,2
1925,2020-04-13,445.12,3265,1
1926,2020-04-12,183.36,3267,7
1927,2020-04-11,210.41,3269,6
1928,2020-04-10,418.95,3269,5
1930,2020-04-09,406.97,3272,4
1931,2020-04-08,413.19,3273,3
1932,2020-04-07,413.41,3274,2
1933,2020-04-06,178.97,3276,1
1934,2020-04-05,181.61,3278,7
1935,2020-04-04,173.83,3279,6
1936,2020-04-03,377.8,3281,5
1937,2020-04-02,369.97,3282,4
1938,2020-04-01,368.06,3284,3
1939,2020-03-31,355.15,3285,2
1940,2020-03-30,355.53,3286,1
1941,2020-03-29,138.40,3288,7
1942,2020-03-28,157.69,3289,6
1943,2020-03-27,319.83,3291,5
1944,2020-03-26,303.90,3293,4
1945,2020-03-25,313.82,3294,3
1946,2020-03-24,307.30,3295,2
1947,2020-03-23,310.55,3297,1
1948,2020-03-22,116.19,3298,7
1949,2020-03-21,130.36,3299,6
1950,2020-03-20,273.83,3300,5
1951,2020-03-19,265.44,3301,4
1952,2020-03-18,264.05,3302,3
1953,2020-03-17,264.06,3303,2
1954,2020-03-16,267.61,3304,1
1955,2020-03-15,95.59,3306,7
1957,2020-03-14,104.26,3307,6
1959,2020-03-13,232.24,3308,5
1960,2020-03-12,228.11,3310,4
1962,2020-03-11,227.88,3311,3
1964,2020-03-10,222.34,3312,2
1965,2020-03-09,221.45,3313,1
1966,2020-03-08,73.40,3315,7
1968,2020-03-07,83.84,3316,6
1970,2020-03-06,188.71,3317,5
1972,2020-03-05,186.62,3319,4
1974,2020-03-04,187.06,3320,3
1975,2020-03-03,185.16,3321,2
1977,2020-03-02,190.85,3322,1
1978,2020-03-01,67.58,3323,7
1980,2020-02-29,66.02,3324,6
1981,2020-02-28,147.99,3325,5
1983,2020-02-27,146.68,3327,4
1984,2020-02-26,0.3607,3327,3
1986,2020-02-25,146.96,3329,2
1987,2020-02-24,0.325,3329,1
1989,2020-02-23,0.3358,3331,7
1991,2020-02-22,57.39,3332,6
1993,2020-02-21,0.2528,3333,5
1995,2020-02-20,114.06,3335,4
1998,2020-02-19,114.38,3336,3
2000,2020-02-18,0.209,3336,2
2002,2020-02-17,0.2228,3338,1
2004,2020-02-16,51.50,3339,7
2006,2020-02-15,0.2094,3340,6
2008,2020-02-14,0.1769,3342,5
2010,2020-02-13,82.70,3344,4
2012,2020-02-12,82.52,3344,3
2015,2020-02-11,0.2184,3346,2
2017,2020-02-10,100.14,3347,1
2019,2020-02-09,0.3558,3348,7
2021,2020-02-08,51.99,3350,6
2024,2020-02-07,65.19,3351,5
2026,2020-02-06,0.3074,3352,4
2028,2020-02-05,0.3167,3354,3
2031,2020-02-04,65.87,3355,2
2030,2020-02-03,0.3596,3354,1
2034,2020-02-02,0.5842,3356,7
2036,2020-02-01,68.54,3359,6
2038,2020-01-31,69.50,3360,5
2040,2020-01-30,68.03,3361,4
2042,2020-01-29,66.18,3363,3
2043,2020-01-28,68.14,3364,2
2044,2020-01-27,75.49,3366,1
2046,2020-01-26,85.45,3368,7
2048,2020-01-25,97.02,3369,6
2050,2020-01-24,1.7156,3369,5
2052,2020-01-23,2.3805,3371,4
2054,2020-01-22,559.91,3372,3
2056,2020-01-21,805.8,3373,2
2058,2020-01-20,969.78,3374,1
2060,2020-01-19,993.29,3374,7
2062,2020-01-18,739.41,3375,6
2064,2020-01-17,1210.56,3376,5
2066,2020-01-16,3.528,3377,4
1083,2020-01-15,1228.25,2792,3
2070,2020-01-14,1240.58,3379,2
2072,2020-01-13,1246.98,3379,1
2074,2020-01-12,771.36,3380,7
2076,2020-01-11,845.75,3380,6
1066,2020-01-10,1309.66,2757,5
1068,2020-01-09,1246.47,2760,4
2082,2020-01-08,3.7825,3382,3
2085,2020-01-07,1217.43,3383,2
2087,2020-01-06,1259.21,3383,1
2084,2020-01-05,675.18,3383,7
2091,2020-01-04,734.62,3385,6
2094,2020-01-03,1221.68,3385,5
2096,2020-01-02,1177.05,3386,4
2099,2020-01-01,696.76,3387,3
1104,2019-12-31,1264.62,2819,2
2103,2019-12-30,1168.6,3390,1
2106,2019-12-29,696.21,3391,7
2105,2019-12-28,3.6305,3391,6
1133,2019-12-27,1263.33,2851,5
2111,2019-12-26,1211.51,3395,4
2113,2019-12-25,1232.62,3395,3
2115,2019-12-24,1234.73,3396,2
2117,2019-12-23,1211.86,3397,1
2119,2019-12-22,3.3474,3398,7
2121,2019-12-21,782.49,3398,6
2123,2019-12-20,3.985,3399,5
2125,2019-12-19,1202.81,3400,4
2127,2019-12-18,3.6652,3400,3
2129,2019-12-17,1204.86,3400,2
1149,2019-12-16,1236.59,2867,1
2133,2019-12-15,712.36,3402,7
2134,2019-12-14,785.96,3402,6
2136,2019-12-13,3.8146,3402,5
2138,2019-12-12,3.4721,3403,4
2140,2019-12-11,1199.28,3404,3
2142,2019-12-10,1199.31,3404,2
2144,2019-12-09,1204.33,3405,1
2146,2019-12-08,717.5,3405,7
2148,2019-12-07,794.08,3405,6
2150,2019-12-06,1282.81,3406,5
1179,2019-12-05,1202.59,2889,4
1183,2019-12-04,1206.07,2892,3
2157,2019-12-03,1179.92,3407,2
2160,2019-12-02,1200.65,3408,1
2159,2019-12-01,3.2534,3408,7
2162,2019-11-30,816.19,3408,6
2164,2019-11-29,1290.05,3409,5
2166,2019-11-28,1212.55,3409,4
2168,2019-11-27,1214.06,3409,3
2170,2019-11-26,1210.79,3410,2
2172,2019-11-25,1211.84,3410,1
1213,2019-11-24,723.86,2915,7
2176,2019-11-23,806.2,3411,6
2177,2019-11-22,1282.82,3411,5
1226,2019-11-21,1210.1,2923,4
2181,2019-11-20,1222.72,3412,3
2182,2019-11-19,1209.1,3412,2
1234,2019-11-18,1200.41,2930,1
1238,2019-11-17,735.08,2932,7
1243,2019-11-16,823.83,2933,6
2190,2019-11-15,13.56,3414,5
2193,2019-11-14,1208.73,3415,4
2195,2019-11-13,1195.57,3415,3
2197,2019-11-12,1212.21,3416,2
2199,2019-11-11,1225.2,3416,1
2200,2019-11-10,773.39,3417,7
2202,2019-11-09,889.91,3418,6
2204,2019-11-08,1330.04,3418,5
1276,2019-11-07,1235.63,2948,4
2208,2019-11-06,1235.24,3419,3
2210,2019-11-05,1231.14,3419,2
2212,2019-11-04,1236.66,3419,1
2214,2019-11-03,792.87,3420,7
2216,2019-11-02,833.95,3420,6
2218,2019-11-01,1320.41,3421,5
2220,2019-10-31,1242.93,3421,4
2222,2019-10-30,1235.9,3422,3
2224,2019-10-29,1226.01,3422,2
2226,2019-10-28,1210.25,3423,1
2228,2019-10-27,814.31,3423,7
2230,2019-10-26,897.42,3424,6
1319,2019-10-25,1340.5,2974,5
2234,2019-10-24,1221.14,3425,4
2237,2019-10-23,1258.74,3425,3
2239,2019-10-22,1252.60,3426,2
2242,2019-10-21,1257.45,3426,1
2244,2019-10-20,848.02,3427,7
2246,2019-10-19,920.75,3427,6
2248,2019-10-18,1340.04,3428,5
2251,2019-10-17,1240.69,3429,4
2253,2019-10-16,1252.33,3430,3
2255,2019-10-15,1253.77,3430,2
2257,2019-10-14,1243.12,3430,1
2259,2019-10-13,720.33,3431,7
2261,2019-10-12,1187.1,3431,6
2263,2019-10-11,1215.04,3432,5
2265,2019-10-10,1206.7,3432,4
2267,2019-10-09,1196.85,3433,3
2269,2019-10-08,4.0844,3433,2
1382,2019-10-07,746.3,3006,1
2276,2019-10-06,733.32,3434,7
1397,2019-10-05,757.37,3010,6
2281,2019-10-04,611.95,3436,5
2283,2019-10-03,750.28,3436,4
2284,2019-10-02,734.64,3436,3
2287,2019-10-01,426.59,3437,2
1442,2019-09-30,981.49,3036,1
1431,2019-09-29,1079.66,3031,7
1434,2019-09-28,778.56,3033,6
1443,2019-09-27,1214.02,3036,5
1446,2019-09-26,1184.0,3038,4
1450,2019-09-25,1186.64,3039,3
1454,2019-09-24,1189.55,3042,2
1457,2019-09-23,1189.65,3044,1
2301,2019-09-22,721.1,3442,7
1469,2019-09-21,798.06,3048,6
1482,2019-09-20,1258.6,3052,5
1485,2019-09-19,1194.31,3054,4
2306,2019-09-18,1206.73,3443,3
1492,2019-09-17,1207.37,3056,2
1496,2019-09-16,1199.14,3058,1
2309,2019-09-15,748.27,3444,7
2310,2019-09-14,740.93,3444,6
2312,2019-09-13,796.45,3444,5
2313,2019-09-12,1323.4,3445,4
2314,2019-09-11,1223.68,3445,3
1532,2019-09-10,1196.69,3069,2
1535,2019-09-09,1208.71,3071,1
1537,2019-09-08,744.56,3072,7
1540,2019-09-07,812.38,3074,6
1517,2019-09-06,1270.85,3064,5
1547,2019-09-05,1201.06,3078,4
1551,2019-09-04,1203.05,3079,3
1555,2019-09-03,1204.36,3080,2
1557,2019-09-02,1200.63,3082,1
1562,2019-09-01,735.61,3085,7
2326,2019-08-31,831.56,3449,6
1568,2019-08-30,1290.44,3087,5
2328,2019-08-29,1266.64,3450,4
2329,2019-08-28,1275.74,3450,3
2330,2019-08-27,1285.26,3451,2
1581,2019-08-26,1279.44,3095,1
1584,2019-08-25,845.19,3096,7
1587,2019-08-24,940.08,3098,6
1594,2019-08-23,1369.96,3100,5
1596,2019-08-22,1336.28,3101,4
1599,2019-08-21,1354.65,3103,3
1603,2019-08-20,1285.84,3105,2
1606,2019-08-19,1310.19,3108,1
1608,2019-08-18,843.61,3110,7
2341,2019-08-17,933.98,3454,6
1622,2019-08-16,1358.63,3114,5
1626,2019-08-15,1294.52,3115,4
1630,2019-08-14,1320.32,3117,3
1632,2019-08-13,1329.25,3118,2
1637,2019-08-12,1291.5,3120,1
2348,2019-08-11,790.83,3456,7
1644,2019-08-10,873.56,3122,6
1650,2019-08-09,1309.96,3123,5
1654,2019-08-08,1298.09,3125,4
1578,2019-08-07,1346.2,3092,3
1660,2019-08-06,1312.95,3128,2
832,2019-08-05,1280.61,2205,1
835,2019-08-04,788.49,2209,7
1671,2019-08-03,858.63,3132,6
1676,2019-08-02,1303.35,3133,5
1681,2019-08-01,1280.93,3135,4
1686,2019-07-31,1286.25,3136,3
1691,2019-07-30,1298.49,3137,2
1695,2019-07-29,1223.79,3139,1
1697,2019-07-28,760.92,3140,7
1701,2019-07-27,819.76,3141,6
1707,2019-07-26,1308.16,3143,5
1710,2019-07-25,1276.03,3145,4
1712,2019-07-24,1280.9,3146,3
2367,2019-07-23,1298.40,3461,2
1718,2019-07-22,1283.7,3149,1
2369,2019-07-21,795.66,3461,7
2370,2019-07-20,872.197,3462,6
2371,2019-07-19,1339.49,3462,5
2372,2019-07-18,1308.93,3462,4
2373,2019-07-17,1310.91,3462,3
2374,2019-07-16,1323.22,3462,2
2375,2019-07-15,1314.88,3463,1
2377,2019-07-14,824.33,3463,7
2378,2019-07-13,899.07,3463,6
173,2019-07-12,1373.88,447,5
2381,2019-07-11,1331.35,3463,4
2382,2019-07-10,1319.46,3463,3
2383,2019-07-09,1313.94,3464,2
2385,2019-07-08,1316.74,3464,1
2386,2019-07-07,807.17,3464,7
2387,2019-07-06,843.81,3465,6
2388,2019-07-05,1314.88,3465,5
2390,2019-07-04,1262.78,3465,4
2391,2019-07-03,1276.22,3465,3
2392,2019-07-02,1268.34,3466,2
2393,2019-07-01,1279.18,3466,1
2394,2019-06-30,777.77,3466,7
2395,2019-06-29,839.26,3466,6
2396,2019-06-28,1314.08,3466,5
2397,2019-06-27,1256.6,3466,4
2399,2019-06-26,1223.1,3466,3
2400,2019-06-25,1237.29,3467,2
2401,2019-06-24,1240.21,3467,1
2402,2019-06-23,749.14,3467,7
2403,2019-06-22,828.31,3468,6
2404,2019-06-21,1293.37,3468,5
2405,2019-06-20,1239.49,3468,4
2406,2019-06-19,1243.86,3468,3
2407,2019-06-18,1245.06,3468,2
2408,2019-06-17,1251.33,3469,1
2409,2019-06-16,713.45,3469,7
2410,2019-06-15,821.4,3469,6
2411,2019-06-14,1279.85,3469,5
2412,2019-06-13,1221.74,3469,4
2413,2019-06-12,1217.13,3469,3
2415,2019-06-11,1223.79,3470,2
2416,2019-06-10,1219.67,3470,1
2417,2019-06-09,747.48,3471,7
2418,2019-06-08,720.25,3471,6
2419,2019-06-07,789.15,3471,5
2421,2019-06-06,1291.58,3471,4
2422,2019-06-05,1229.20,3471,3
2425,2019-06-03,1215.41,3472,1
2426,2019-06-02,727.14,3473,7
2427,2019-06-01,819.2,3473,6
2428,2019-05-31,1265.06,3473,5
2429,2019-05-29,1223.18,3474,3
2431,2019-05-28,1226.24,3474,2
2432,2019-05-27,1235.21,3474,1
2433,2019-05-26,663.38,3474,7
2434,2019-05-25,841.06,3475,6
2435,2019-05-24,1290.59,3475,5
2436,2019-05-23,1228.43,3475,4
2437,2019-05-22,1237.9,3475,3
2439,2019-05-21,1245.54,3475,2
2440,2019-05-20,1252.41,3476,1
2441,2019-05-19,762.31,3476,7
2442,2019-05-18,818.64,3476,6
2443,2019-05-17,1300.31,3476,5
2444,2019-05-16,1239.99,3476,4
2445,2019-05-15,1222.03,3476,3
2446,2019-05-14,1225.02,3476,2
2447,2019-05-13,1235.48,3477,1
2448,2019-05-12,724.39,3477,7
2449,2019-05-11,860.45,3477,6
2450,2019-05-10,1297.78,3477,5
2451,2019-05-09,1210.49,3477,4
2452,2019-05-08,1229.72,3477,3
2453,2019-05-07,1232.73,3477,2
2454,2019-05-06,1222.29,3478,1
2455,2019-05-05,1153.35,3478,7
2456,2019-05-04,777.01,3478,6
2457,2019-05-03,821.81,3478,5
2458,2019-05-02,894.38,3479,4
2459,2019-05-01,943.23,3479,3
2461,2019-04-30,1332.88,3479,2
2464,2019-04-29,1255.9,3480,1
2465,2019-04-28,1193.29,3480,7
2466,2019-04-27,772.9,3480,6
2467,2019-04-26,1335.01,3480,5
2468,2019-04-25,1278.15,3481,4
2469,2019-04-24,1220.32,3481,3
2470,2019-04-23,1251.98,3481,2
2471,2019-04-22,1255.35,3481,1
2473,2019-04-21,816.51,3482,7
2474,2019-04-20,817.02,3482,6
2475,2019-04-19,1324.22,3482,5
2476,2019-04-18,1264.99,3482,4
2477,2019-04-17,1263.21,3483,3
2478,2019-04-16,1266.83,3483,2
2479,2019-04-15,1260.52,3483,1
2481,2019-04-14,823.9,3483,7
2482,2019-04-13,877.62,3483,6
2483,2019-04-12,1307.24,3483,5
2485,2019-04-11,1244.9,3484,4
2486,2019-04-10,1241.28,3484,3
2487,2019-04-09,1178.05,3484,2
2488,2019-04-08,1225.57,3484,1
2489,2019-04-07,812.79,3485,7
2490,2019-04-06,866.83,3485,6
2491,2019-04-05,921.51,3485,5
2494,2019-04-04,1325.28,3486,4
2495,2019-04-03,1242.85,3486,3
2496,2019-04-02,1235.58,3486,2
2497,2019-04-01,1236.85,3486,1
2499,2019-03-31,788.81,3487,7
2500,2019-03-30,829.45,3487,6
2501,2019-03-29,1306.7,3487,5
2503,2019-03-28,1229.15,3487,4
2504,2019-03-27,1260.00,3487,3
2505,2019-03-26,1254.84,3488,2
2507,2019-03-25,1247.56,3488,1
2508,2019-03-24,833.56,3488,7
2506,2019-03-23,895.27,3488,6
2511,2019-03-22,1324.9,3488,5
2513,2019-03-21,1233.84,3488,4
2515,2019-03-20,1217.78,3489,3
2517,2019-03-19,1234.43,3489,2
2518,2019-03-18,1230.21,3489,1
2519,2019-03-17,802.82,3489,7
2521,2019-03-16,890.05,3490,6
2523,2019-03-15,1306.99,3490,5
2526,2019-03-14,1213.76,3490,4
2528,2019-03-13,1231.2,3491,3
2529,2019-03-12,1228.14,3491,2
2530,2019-03-11,1226.4,3491,1
2522,2019-03-10,750.18,3490,7
2532,2019-03-09,833.82,3492,6
2533,2019-03-08,1346.08,3492,5
2538,2019-03-07,1227.15,3493,4
2539,2019-03-06,1220.59,3494,3
2540,2019-03-05,1229.91,3494,2
2542,2019-03-04,1229.93,3494,1
2543,2019-03-03,763.7,3494,7
2545,2019-03-02,845.88,3495,6
2546,2019-03-01,1303.68,3495,5
2548,2019-02-28,1221.49,3496,4
2549,2019-02-27,1226.35,3496,3
2550,2019-02-26,1215.83,3496,2
2551,2019-02-25,1215.92,3497,1
2552,2019-02-24,746.5,3497,7
2553,2019-02-23,832.48,3498,6
2554,2019-02-22,1253.10,3498,5
2555,2019-02-21,1192.54,3499,4
2557,2019-02-20,1201.48,3499,3
2558,2019-02-19,1185.28,3499,2
2560,2019-02-18,1143.21,3500,1
2561,2019-02-17,656.91,3500,7
2562,2019-02-16,671.43,3501,6
2563,2019-02-15,1068.85,3501,5
2564,2019-02-14,1067.44,3501,4
2566,2019-02-13,984.17,3502,3
2567,2019-02-12,,3502,2
2568,2019-02-04,,3505,1
2569,2019-01-22,1200.78,3510,2
2571,2019-01-06,61.6,3515,7
2572,2019-01-04,1217.85,3515,5
2574,2018-12-30,,3517,7
2575,2018-12-25,,3519,2
2576,2018-12-24,,3520,1
2577,2018-12-22,,3521,6
2578,2018-12-21,,3521,5
2579,2018-12-15,,3523,6
2580,2018-12-03,1180.18,3525,1
2581,2018-12-01,786.3,3526,6
2582,2018-11-25,740.71,3527,7
2583,2018-11-23,1272.41,3528,5
2585,2018-11-10,845.69,3532,6
2586,2018-11-09,1292.6,3532,5
2587,2018-11-08,1208.43,3532,4
2588,2018-11-07,1208.53,3533,3
2589,2018-11-06,1210.78,3533,2
2590,2018-11-05,1213.95,3533,1
2591,2018-11-04,682.82,3533,7
2592,2018-11-03,828.58,3533,6
2593,2018-11-02,1303.49,3533,5
2594,2018-11-01,1226.04,3534,4
2595,2018-10-31,1227.66,3534,3
2596,2018-10-30,1229.86,3534,2
2597,2018-10-29,1228.82,3534,1
2598,2018-10-28,773.48,3534,7
2599,2018-10-27,878.46,3534,6
2600,2018-10-26,1311.9,3535,5
2601,2018-10-25,1236.66,3535,4
2602,2018-10-24,1248.41,3535,3
2604,2018-10-23,1249.56,3536,2
2605,2018-10-22,,3536,1
2606,2018-10-21,802.03,3536,7
2608,2018-10-20,889.75,3536,6
2607,2018-10-19,1320.73,3536,5
2610,2018-10-18,1251.77,3536,4
2611,2018-10-17,1249.68,3537,3
2612,2018-10-16,1235.34,3537,2
2613,2018-10-15,1228.88,3537,1
2614,2018-10-14,789.68,3537,7
2615,2018-10-13,868.06,3537,6
2616,2018-10-12,1294.11,3537,5
2617,2018-10-11,1223.64,3537,4
2620,2018-10-10,1200.64,3538,3
2621,2018-10-09,1180.69,3538,2
2622,2018-10-08,1144.8,3538,1
2623,2018-10-07,747.72,3538,7
2624,2018-10-06,724.91,3538,6
2625,2018-10-05,712.7,3539,5
2626,2018-10-04,741.39,3539,4
2627,2018-10-03,778.45,3539,3
2628,2018-10-02,806.93,3539,2
2631,2018-10-01,823.84,3540,1
2290,2018-09-30,1195.62,3439,7
2633,2018-09-29,1171.47,3540,6
2634,2018-09-28,1210.76,3540,5
2635,2018-09-27,1195.23,3540,4
2636,2018-09-26,1192.5,3540,3
2637,2018-09-25,1192.95,3541,2
2638,2018-09-24,782.6,3541,1
2311,2018-09-23,805.2,3444,7
2640,2018-09-22,864.09,3541,6
2641,2018-09-20,1216.1,3542,4
2642,2018-09-19,1213.96,3542,3
2643,2018-09-18,1200.01,3542,2
2644,2018-09-17,1202.76,3542,1
2645,2018-09-16,817.14,3542,7
2647,2018-09-15,852.11,3543,6
2648,2018-09-14,1257.38,3543,5
2649,2018-09-13,1193.12,3543,4
2650,2018-09-12,1206.52,3543,3
2651,2018-09-11,1202.3,3544,2
2652,2018-09-10,,3544,1
2653,2018-09-09,782.94,3544,7
2655,2018-09-08,842.86,3544,6
2657,2018-09-07,1268.6,3544,5
2658,2018-09-06,1202.43,3544,4
2659,2018-09-05,1212.59,3544,3
2660,2018-09-04,1194.6,3544,2
2322,2018-09-03,1191.75,3448,1
2662,2018-09-02,,3545,7
2663,2018-09-01,782.17,3545,6
2665,2018-08-31,1252.36,3545,5
2666,2018-08-30,1204.74,3545,4
2667,2018-08-29,1231.16,3545,3
2668,2018-08-28,1229.59,3545,2
2670,2018-08-27,1235.33,3545,1
2671,2018-08-26,782.01,3546,7
2672,2018-08-25,851.09,3546,6
2673,2018-08-24,1297.55,3546,5
2674,2018-08-23,1265.79,3546,4
2675,2018-08-22,1263.74,3546,3
2676,2018-08-21,1300.85,3547,2
2677,2018-08-20,1291.31,3547,1
2678,2018-08-19,797.1,3547,7
2679,2018-08-18,876.7,3547,6
2681,2018-08-17,1380.78,3547,5
2683,2018-08-16,1313.58,3547,4
2684,2018-08-15,1308.49,3548,3
2685,2018-08-14,1286.21,3548,2
2686,2018-08-13,1279.01,3548,1
2687,2018-08-12,782.71,3548,7
2688,2018-08-11,831.06,3548,6
2689,2018-08-10,1305.24,3548,5
2690,2018-08-09,1279.95,3549,4
2691,2018-08-08,1236.02,3549,3
2692,2018-08-07,1261.53,3549,2
2693,2018-08-06,1255.05,3549,1
2694,2018-08-05,725.65,3549,7
2696,2018-08-04,783.01,3550,6
2697,2018-08-03,1263.92,3550,5
2698,2018-08-02,1243.52,3550,4
2700,2018-08-01,1256.96,3550,3
2701,2018-07-31,1262.96,3550,2
2463,2018-04-28,1278.14,3479,6
