2023-05-28 00:00:00,662.11,2
2023-05-27 00:00:00,640.15,4
2023-05-27 00:00:00,640.15,5
2023-05-26 00:00:00,1129.95,7
2023-05-25 00:00:00,1034.95,9
2023-05-24 00:00:00,1054.17,10
2023-05-23 00:00:00,1054.17,12
2023-05-22 00:00:00,1056.39,14
2023-05-21 00:00:00,660.18,16
2023-05-21 00:00:00,660.18,16
2023-05-19 00:00:00,1134.92,23
2023-05-18 00:00:00,1066.37,25
2023-05-17 00:00:00,1064.50,27
2023-05-16 00:00:00,1053.45,29
2023-05-15 00:00:00,1070.88,30
2023-05-14 00:00:00,672.43,33
2023-05-13 00:00:00,772.16,35
2023-05-12 00:00:00,1155.80,40
2023-05-11 00:00:00,1081.65,42
2023-05-11 00:00:00,1081.65,42
2023-05-10 00:00:00,1092.35,45
2023-05-09 00:00:00,1078.69,48
2023-05-08 00:00:00,1074.33,51
2023-05-07 00:00:00,637.12,53
2023-05-06 00:00:00,1045.64,56
2023-05-05 00:00:00,1048.85,56
2023-05-05 00:00:00,1048.85,58
2023-05-04 00:00:00,1036.22,59
2023-05-04 00:00:00,1036.22,60
2023-05-03 00:00:00,682.5.,63
2023-05-02 00:00:00,731.88,66
2023-05-01 00:00:00,781.65,70
2023-04-30 00:00:00,844.27,77
2023-05-28 00:00:00,662.11,2
2023-05-27 00:00:00,640.15,4
2023-05-27 00:00:00,640.15,5
2023-05-26 00:00:00,1129.95,7
2023-05-25 00:00:00,1034.95,9
2023-05-24 00:00:00,1054.17,10
2023-05-23 00:00:00,1054.17,12
2023-05-22 00:00:00,1056.39,14
2023-05-21 00:00:00,660.18,16
2023-05-21 00:00:00,660.18,16
2023-05-19 00:00:00,1134.92,23
2023-05-18 00:00:00,1066.37,25
2023-05-17 00:00:00,1064.50,27
2023-05-16 00:00:00,1053.45,29
2023-05-15 00:00:00,1070.88,30
2023-05-14 00:00:00,672.43,33
2023-05-13 00:00:00,772.16,35
2023-05-12 00:00:00,1155.80,40
2023-05-11 00:00:00,1081.65,42
2023-05-11 00:00:00,1081.65,42
2023-05-10 00:00:00,1092.35,45
2023-05-09 00:00:00,1078.69,48
2023-05-08 00:00:00,1074.33,51
2023-05-07 00:00:00,637.12,53
2023-05-06 00:00:00,1045.64,56
2023-05-05 00:00:00,1048.85,57
2023-05-05 00:00:00,1048.85,58
2023-05-04 00:00:00,1036.22,59
2023-05-04 00:00:00,1036.22,60
2023-05-03 00:00:00,682.5.,63
2023-05-02 00:00:00,731.88,66
2023-05-01 00:00:00,781.65,70
2023-04-30 00:00:00,844.27,77
2023-04-29 00:00:00,872.19,87
2023-04-28 00:00:00,1236.33,99
2023-04-28 00:00:00,1236.33,99
2023-04-28 00:00:00,1236.33,104
2023-04-28 00:00:00,1236.33,104
2023-04-27 00:00:00,1131.97,114
2023-04-26 00:00:00,1130.22,117
2023-04-26 00:00:00,1130.22,120
2023-04-25 00:00:00,1111.91,122
2023-04-24 00:00:00,1084.21,125
2023-04-23 00:00:00,1052.39,127
2023-04-22 00:00:00,711.06,129
2023-04-21 00:00:00,1171.96,130
2023-04-21 00:00:00,1171.96,131
2023-04-20 00:00:00,1096.68,137
2023-04-19 00:00:00,1108.06,139
2023-04-18 00:00:00,1112.46,141
2023-04-17 00:00:00,1096.87,142
2023-04-17 00:00:00,1096.87,142
2023-04-16 00:00:00,751.19,144
2023-04-15 00:00:00,826.74,146
2023-04-14 00:00:00,1198.97,154
2023-04-13 00:00:00,1106.71,158
2023-04-12 00:00:00,1117.09,160
2023-04-11 00:00:00,1079.83,161
2023-04-11 00:00:00,1079.83,162
2023-04-10 00:00:00,1100.77,164
2023-04-09 00:00:00,721.17,166
2023-04-08 00:00:00,807.71,169
2023-04-07 00:00:00,1187.59,175
2023-04-06 00:00:00,1090.20,181
2023-04-05 00:00:00,639.26,183
2023-04-04 00:00:00,1078.84,186
2023-04-03 00:00:00,1060.12,190
2023-04-02 00:00:00,688.26,192
2023-04-02 00:00:00,688.26,193
2023-04-01 00:00:00,822.27,197
2023-03-31 00:00:00,1187.77,204
2023-03-30 00:00:00,1086.06,212
2023-03-29 00:00:00,1088.82,213
2023-03-28 00:00:00,1084.03,216
2023-03-28 00:00:00,1084.03,217
2023-03-27 00:00:00,1084.71,220
2023-03-26 00:00:00,719.10,222
2023-03-25 00:00:00,761.41,227
2023-03-24 00:00:00,1152.63,230
2023-03-24 00:00:00,1152.63,233
2023-03-23 00:00:00,1062.67,236
2023-03-22 00:00:00,1036.96,239
2023-03-21 00:00:00,1059.52,241
2023-03-20 00:00:00,1062.92,242
2023-03-20 00:00:00,1062.92,243
2023-03-19 00:00:00,679.77,245
2023-03-18 00:00:00,774.25,250
2023-03-17 00:00:00,1124.75,251
2023-03-17 00:00:00,1124.75,254
2023-03-16 00:00:00,1045.78,262
2023-03-15 00:00:00,1039.56,264
2023-03-14 00:00:00,1031.88,266
2023-03-13 00:00:00,1024.28,268
2023-03-12 00:00:00,605.02,270
2023-03-11 00:00:00,650.70,274
2023-03-10 00:00:00,1093.70,276
2023-03-09 00:00:00,1016.48,280
2023-03-08 00:00:00,1071.84,284
2023-03-07 00:00:00,1031.28,287
2023-03-06 00:00:00,1033.05,289
2023-03-05 00:00:00,624.37,292
2023-03-04 00:00:00,712.65,294
2023-03-03 00:00:00,1121.76,299
2023-03-03 00:00:00,1121.76,299
2023-03-02 00:00:00,1045.69,310
2023-03-01 00:00:00,1058.78,313
2023-02-28 00:00:00,1059.66,316
2023-02-27 00:00:00,1059.37,318
2023-02-26 00:00:00,679.86,320
2023-02-25 00:00:00,777.16,324
2023-02-24 00:00:00,1178.10,332
2023-02-23 00:00:00,1085.26,346
2023-02-22 00:00:00,1082.41,350
2023-02-21 00:00:00,1076.31,353
2023-02-20 00:00:00,1078.1,356
2023-02-19 00:00:00,683.51,359
2023-02-18 00:00:00,666.42,363
2023-02-17 00:00:00,10号线 167.03,366
2023-02-17 00:00:00,1142.14,370
2023-02-17 00:00:00,1142.14,371
2023-02-17 00:00:00,1142.14,373
2023-02-17 00:00:00,地铁##北京轨道交通# 猜猜今日周五（2023.2.17日）北京市地铁客运量。——昨日周四1082.14,375
2023-02-16 00:00:00,1082.14,382
2023-02-17 00:00:00,地铁##北京轨道交通# 猜猜今日周五（2023.2.17日）北京市地铁客运量。——昨日周四1082.14,383
2023-02-15 00:00:00,1084.96,388
2023-02-14 00:00:00,1120.61,391
2023-02-14 00:00:00,1120.61,391
2023-02-13 00:00:00,1079.13,398
2023-02-12 00:00:00,543.27,402
2023-02-11 00:00:00,682.72,410
2023-02-10 00:00:00,1087.18,414
2023-02-10 00:00:00,1087.18,416
2023-02-09 00:00:00,1008.15,422
2023-02-08 00:00:00,1013.75,426
2023-02-07 00:00:00,997.20,430
2023-02-07 00:00:00,997.20,430
2023-02-06 00:00:00,970.71,433
2023-02-06 00:00:00,970.71,433
2023-02-05 00:00:00,551.63,436
2023-02-04 00:00:00,574.67,443
2019-07-12 00:00:00,1373.88,447
2023-02-03 00:00:00,963.53,449
2023-02-02 00:00:00,916.39,455
2023-02-01 00:00:00,903.30,460
2023-01-31 00:00:00,883.51,463
2023-01-31 00:00:00,883.51,463
2023-01-30 00:00:00,820.83,465
2023-01-29 00:00:00,697.74,470
2023-01-28 00:00:00,634.71,478
2023-01-27 00:00:00,396.06,480
2023-01-26 00:00:00,352.38,487
2023-01-25 00:00:00,313.09,490
2023-01-24 00:00:00,256.95,494
2023-01-23 00:00:00,228.20,497
2023-01-22 00:00:00,195.48,499
2023-01-21 00:00:00,124.41,503
2023-01-20 00:00:00,329.86,507
2023-01-19 00:00:00,469.81,510
2023-01-18 00:00:00,602.8,513
2023-01-17 00:00:00,685.16,517
2023-01-16 00:00:00,714.72,520
2023-01-15 00:00:00,382.8,522
2023-01-14 00:00:00,426.72,525
2023-01-13 00:00:00,818.37 ,528
2023-01-12 00:00:00,795.93,530
2023-01-11 00:00:00,796.71,534
2023-01-11 00:00:00,796.71,535
2023-01-10 00:00:00,799.49,538
2023-01-09 00:00:00,790.45,541
2023-01-08 00:00:00,383.17,544
2023-01-07 00:00:00,414.71,548
2023-01-06 00:00:00,769.14,551
2023-01-05 00:00:00,736.05,553
2023-01-04 00:00:00,727.48,555
2023-01-03 00:00:00,718.60,559
2023-01-02 00:00:00,334.75,562
2023-01-01 00:00:00,340.48,566
2022-12-31 00:00:00,372.37,567
2022-12-30 00:00:00,641.28,575
2022-12-29 00:00:00,603.15,577
2022-12-28 00:00:00,592.35,580
2022-12-27 00:00:00,577.30,583
2022-12-26 00:00:00,566.02,585
2022-12-25 00:00:00,240.44,587
2022-12-24 00:00:00,261.07,590
2022-12-23 00:00:00,409.21,591
2022-12-22 00:00:00,372.54,592
2022-12-21 00:00:00,349.06,595
2022-12-20 00:00:00,309.11,597
2022-12-19 00:00:00,278.62,598
2022-12-17 00:00:00,110.65,602
2022-05-01 00:00:00,196.30,603
2022-12-09 00:00:00,301.94,617
2022-12-08 00:00:00,329.04,620
2022-12-07 00:00:00,330.27,623
2022-12-06 00:00:00,287.15,627
2022-12-05 00:00:00,285.65,630
2022-12-04 00:00:00,113.88,632
2022-12-03 00:00:00,124.38,637
2022-12-01 00:00:00,202.74,643
2022-11-30 00:00:00,197.05,647
2022-11-29 00:00:00,187.05,651
2022-11-28 00:00:00,174.18,653
2022-11-25 00:00:00,138.74,663
2022-11-24 00:00:00,177.31,667
2022-11-24 00:00:00,177.31,667
2023-05-11 00:00:00,、上海三城，前者与后面的相差值分别为7088.86,667
2022-11-23 00:00:00,241.30,670
2022-11-22 00:00:00,310.96,672
2022-11-21 00:00:00,408.89,674
2022-11-20 00:00:00,189.06,677
2022-11-19 00:00:00,252.14,681
2022-11-18 00:00:00,690.04,683
2022-11-17 00:00:00,697.28,687
2022-11-16 00:00:00,719.69,690
2022-11-15 00:00:00,722.94,692
2022-11-14 00:00:00,736.63,695
2022-11-13 00:00:00,265.78,698
2022-11-12 00:00:00,280.58,701
2022-11-11 00:00:00,711.10,703
2022-11-11 00:00:00,711.10,704
2022-11-10 00:00:00,722.16,708
2022-11-09 00:00:00,744.52,710
2022-11-08 00:00:00,762.21,713
2022-11-07 00:00:00,789.12,717
2022-11-06 00:00:00,339.12,719
2022-11-05 00:00:00,415.30,721
2022-11-04 00:00:00,859.91,725
2022-11-03 00:00:00,829.24,728
2022-11-03 00:00:00,829.24,728
2022-11-02 00:00:00,829.24,729
2022-11-02 00:00:00,829.24,730
2022-11-01 00:00:00,832.77,732
2022-10-31 00:00:00,829.20,734
2022-10-30 00:00:00,365.71,736
2022-10-29 00:00:00,433.56,738
2022-10-29 00:00:00,433.56,738
2022-10-28 00:00:00,882.59,741
2022-10-27 00:00:00,841.00,745
2022-10-26 00:00:00,853.66,748
2022-10-26 00:00:00,853.66,748
2022-10-25 00:00:00,858.73,751
2022-10-24 00:00:00,852.93,753
2022-10-23 00:00:00,395.11,755
2022-10-22 00:00:00,438.80,758
2022-10-21 00:00:00,855.92,761
2022-10-20 00:00:00,822.08,764
2022-10-19 00:00:00,822.08,767
2023-05-10 00:00:00,地铁# #深圳地铁# 广州暂时保持“双”领先，其客运量拉开第二名的北京1亿4205,768
2022-10-18 00:00:00,825.03,769
2022-10-17 00:00:00,823.34,771
2022-10-16 00:00:00,373.98,774
2022-10-15 00:00:00,419.80,776
2022-10-14 00:00:00,857.45,778
2022-10-14 00:00:00,857.45,779
2022-10-13 00:00:00,826.64,781
2022-10-12 00:00:00,844.06,783
2022-10-11 00:00:00,844.61,785
2022-10-10 00:00:00,843.68,787
2022-10-09 00:00:00,795.43,789
2022-10-08 00:00:00,816.03,791
2022-10-07 00:00:00,426.98,794
2022-10-06 00:00:00,461.97,797
2022-10-05 00:00:00,466.78,800
2022-10-04 00:00:00,493.82,801
2022-10-03 00:00:00,397.02,804
2022-10-02 00:00:00,492.43,806
2022-10-01 00:00:00,557.11,809
2022-09-30 00:00:00,979.97,813
2022-09-29 00:00:00,937.24,822
2022-09-29 00:00:00,937.24,823
2023-05-09 00:00:00,破1100,826
2022-09-28 00:00:00,947.50,828
2022-09-27 00:00:00,952.48,831
2022-09-26 00:00:00,941.21,834
2022-09-25 00:00:00,489.29,836
2022-09-25 00:00:00,489.29,837
2022-09-24 00:00:00,553.79,839
2022-09-23 00:00:00,983.44,841
2022-09-22 00:00:00,930.30,845
2022-09-21 00:00:00,930.48,847
2022-09-20 00:00:00,929.37,850
2022-09-19 00:00:00,907.81,852
2022-09-18 00:00:00,438.74,855
2022-09-17 00:00:00,502.49,858
2022-09-16 00:00:00,939.20,861
2022-09-15 00:00:00,900.57,864
2022-09-14 00:00:00,902.62,866
2022-09-13 00:00:00,887.77,869
2022-09-12 00:00:00,445.78,872
2022-09-11 00:00:00,465.02,875
2022-09-10 00:00:00,495.58,878
2022-09-09 00:00:00,995.55,881
2022-09-08 00:00:00,920.97,887
2022-09-07 00:00:00,922.48,890
2022-09-06 00:00:00,922.48,893
2022-09-05 00:00:00,917.44,895
2022-09-04 00:00:00,448.12,897
2022-09-03 00:00:00,503.35,901
2022-09-02 00:00:00,940.65,903
2022-09-02 00:00:00,940.65,904
2022-09-01 00:00:00,916.63,906
2022-08-31 00:00:00,915.72,909
2022-08-30 00:00:00,926.33,913
2022-08-29 00:00:00,916.71,915
2022-08-28 00:00:00,474.27,918
2022-08-27 00:00:00,565.71,923
2022-08-26 00:00:00,958.12,926
2022-08-25 00:00:00,933.26,930
2022-08-24 00:00:00,934.45,933
2022-08-23 00:00:00,941.11,936
2022-08-22 00:00:00,928.36,939
2022-08-21 00:00:00,482.28,943
2022-08-20 00:00:00,559.56,946
2022-08-19 00:00:00,973.09,948
2022-08-18 00:00:00,904.62,952
2022-08-17 00:00:00,950.77,956
2022-08-16 00:00:00,958.75,959
2022-08-15 00:00:00,945.41,962
2022-08-14 00:00:00,443.03,965
2022-08-13 00:00:00,557.46,969
2022-08-12 00:00:00,953.43,972
2022-08-11 00:00:00,938.27,976
2022-08-10 00:00:00,943.55,979
2022-08-09 00:00:00,942.68,982
2022-08-08 00:00:00,914.07,985
2022-08-07 00:00:00,465.06,989
2022-08-06 00:00:00,496.92,993
2022-08-05 00:00:00,944.03,996
2022-08-04 00:00:00,943.10,1001
2022-08-03 00:00:00,919.89,1006
2022-08-02 00:00:00,927.68,1010
2022-08-01 00:00:00,925.52,1013
2022-07-31 00:00:00,501.31,1017
2022-07-30 00:00:00,547.55,1022
2022-07-29 00:00:00,961.25,1026
2022-07-28 00:00:00,921.91,1032
2022-07-27 00:00:00,908.01,1035
2022-07-27 00:00:00,908.01,1035
2022-07-26 00:00:00,913.73,1038
2022-07-25 00:00:00,899.69,1041
2022-07-24 00:00:00,455.84,1044
2022-07-24 00:00:00,455.84,1044
2022-07-23 00:00:00,506.13,1048
2022-07-22 00:00:00,928.97,1050
2022-07-22 00:00:00,928.97,1050
2022-07-22 00:00:00,928.97,1051
2022-07-21 00:00:00,896.68,1056
2022-07-20 00:00:00,899.69,1059
2022-07-19 00:00:00,901.05,1062
2022-07-18 00:00:00,891.29,1065
2022-07-17 00:00:00,437.81,1069
2022-07-16 00:00:00,487.85,1073
2022-07-15 00:00:00,917.56,1076
2022-07-14 00:00:00,894.03,1079
2022-07-13 00:00:00,898.10,1084
2022-07-12 00:00:00,887.56,1087
2022-07-12 00:00:00,，客流强度其次为深圳。      客流总量成都仍领先上海128,1088
2022-07-11 00:00:00,876.52,1089
2022-07-11 00:00:00,876.52,1090
2022-07-11 00:00:00,876.52,1091
2022-07-10 00:00:00,405.23,1094
2022-07-09 00:00:00,445.96,1098
2022-07-08 00:00:00,890.72,1100
2022-07-08 00:00:00,890.72,1101
2022-07-07 00:00:00,859.04,1106
2022-07-07 00:00:00,859.04,1107
2022-07-07 00:00:00,859.04,1107
2022-07-06 00:00:00,853.75,1110
2022-07-05 00:00:00,850.73,1114
2022-07-04 00:00:00,844.46,1116
2022-07-04 00:00:00,844.46,1116
2022-07-04 00:00:00,844.46,1117
2022-07-03 00:00:00,311.02,1121
2022-07-03 00:00:00,311.02,1122
2022-07-01 00:00:00,841.79,1125
2022-07-02 00:00:00,391.50,1127
2022-07-01 00:00:00,841.79,1130
2022-06-30 00:00:00,795.24,1136
2022-06-29 00:00:00,787.15,1140
2022-06-28 00:00:00,765.86,1146
2022-06-27 00:00:00,745.62,1150
2022-06-25 00:00:00,295.99,1158
2022-06-24 00:00:00,690.75,1159
2022-06-24 00:00:00,690.75,1162
2022-06-23 00:00:00,673.92,1167
2022-06-22 00:00:00,675.94,1171
2022-06-21 00:00:00,676.58,1176
2022-06-20 00:00:00,673.59,1178
2022-06-17 00:00:00,607.86,1191
2022-06-16 00:00:00,593.66,1195
2022-06-15 00:00:00,588.82,1200
2022-06-14 00:00:00,577.35,1203
2022-06-13 00:00:00,582.96,1205
2022-06-10 00:00:00,610.14,1215
2022-06-09 00:00:00,609.45,1218
2022-06-08 00:00:00,531.68,1220
2022-06-07 00:00:00,507.95,1223
2022-06-06 00:00:00,451.31,1227
2021-06-11 00:00:00,1163.26,1242
2022-05-12 00:00:00,303.90,1304
2022-05-11 00:00:00,332.16,1306
2022-01-01 00:00:00,以694.20,1307
2022-05-11 00:00:00,332.16,1307
2022-05-10 00:00:00,338.58,1309
2022-05-09 00:00:00,368.98,1312
2022-05-07 00:00:00,349.17,1318
2022-05-06 00:00:00,364.49,1321
2022-05-05 00:00:00,386.71,1324
2022-05-04 00:00:00,160.69,1326
2022-05-03 00:00:00,184.16,1330
2022-05-02 00:00:00,191.13,1334
2022-05-01 00:00:00,196.30,1338
2022-04-30 00:00:00,235.12,1341
2022-04-29 00:00:00,632.72,1345
2021-04-30 00:00:00,1177.19,1348
2022-04-28 00:00:00,671.99,1352
2022-04-27 00:00:00,719.86,1356
2022-04-26 00:00:00,741.20,1359
2022-04-25 00:00:00,801.45,1362
2022-04-24 00:00:00,800.51,1364
2022-04-23 00:00:00,410.57,1366
2022-04-22 00:00:00,970.13,1369
2022-04-22 00:00:00,970.13,1370
2022-04-21 00:00:00,919.21,1374
2022-04-20 00:00:00,940.49,1377
2022-04-19 00:00:00,930.31,1381
2022-04-18 00:00:00,928.89,1383
2022-04-17 00:00:00,416.61,1386
2022-04-16 00:00:00,497.26,1390
2022-04-15 00:00:00,942.67,1392
2022-04-15 00:00:00,942.67,1392
2022-04-14 00:00:00,906.97,1395
2022-04-13 00:00:00,905.96,1399
2022-04-12 00:00:00,894.17,1403
2022-04-11 00:00:00,892.25,1407
2022-04-10 00:00:00,373.40,1409
2022-04-09 00:00:00,439.06,1413
2022-04-08 00:00:00,926.00,1415
2022-04-08 00:00:00,926.00,1415
2022-04-08 00:00:00,926.00,1415
2022-04-07 00:00:00,906.70,1418
2022-04-06 00:00:00,907.87,1421
2022-04-05 00:00:00,402.84,1423
2022-04-04 00:00:00,508.54,1428
2022-04-03 00:00:00,535.11,1430
2022-04-02 00:00:00,898.92,1434
2022-04-02 00:00:00,898.92,1434
2022-04-01 00:00:00,907.00,1439
2022-03-31 00:00:00,905.80,1442
2022-03-30 00:00:00,898.45,1446
2022-03-29 00:00:00,876.81,1450
2022-03-29 00:00:00,876.81,1450
2022-03-28 00:00:00,887.57,1454
2022-03-27 00:00:00,393.35,1458
2022-03-27 00:00:00,393.35,1458
2022-03-26 00:00:00,440.58,1461
2022-03-25 00:00:00,877.07,1463
2022-03-24 00:00:00,851.90,1467
2022-03-23 00:00:00,863.69,1470
2022-03-22 00:00:00,856.68,1472
2022-03-22 00:00:00,856.68,1473
2022-03-21 00:00:00,863.20,1474
2022-03-21 00:00:00,863.20,1474
2022-03-20 00:00:00,350.60,1477
2022-03-19 00:00:00,387.45,1482
2022-03-18 00:00:00,879.22,1484
2022-03-17 00:00:00,845.45,1488
2022-03-16 00:00:00,871.10,1492
2022-03-15 00:00:00,877.08,1496
2022-03-14 00:00:00,898.44,1500
2022-03-13 00:00:00,406.41,1504
2022-03-13 00:00:00,406.41,1505
2022-03-12 00:00:00,473.25,1509
2022-03-11 00:00:00,979.98,1512
2022-03-11 00:00:00,979.98,1512
2022-03-11 00:00:00,979.98,1512
2022-03-10 00:00:00,974.15,1517
2022-03-09 00:00:00,974.15,1520
2022-03-09 00:00:00,974.15,1520
2022-03-08 00:00:00,1029.40,1522
2022-03-08 00:00:00,1029.40,1523
2022-03-08 00:00:00,1029.40,1523
2022-03-07 00:00:00,1000.09,1526
2022-03-07 00:00:00,1000.09,1527
2022-03-06 00:00:00,485.59,1529
2022-03-06 00:00:00,485.59,1530
2022-03-05 00:00:00,555.45,1533
2022-03-05 00:00:00,555.45,1534
2022-03-04 00:00:00,1019.96,1536
2022-03-04 00:00:00,1019.96,1536
2022-03-04 00:00:00,1019.96,1537
2022-03-03 00:00:00,983.32,1542
2022-03-03 00:00:00,983.32,1543
2022-03-02 00:00:00,987.06,1546
2022-03-01 00:00:00,983.57,1548
2022-02-28 00:00:00,971.82,1550
2022-02-28 00:00:00,971.82,1551
2022-02-27 00:00:00,466.69,1555
2022-02-26 00:00:00,528.16,1558
2022-02-25 00:00:00,1003.44,1560
2022-02-25 00:00:00,1003.44,1561
2022-02-25 00:00:00,1003.44,1561
2022-02-25 00:00:00,1003.44,1561
2022-02-24 00:00:00,962.32,1565
2022-02-23 00:00:00,978.63,1568
2022-02-22 00:00:00,996.16,1572
2022-02-21 00:00:00,993.69,1576
2022-02-20 00:00:00,451.15,1579
2022-02-19 00:00:00,508.70,1582
2022-02-18 00:00:00,980.52,1584
2022-02-18 00:00:00,980.52,1584
2022-02-18 00:00:00,980.52,1584
2022-02-18 00:00:00,980.52,1584
2022-02-18 00:00:00,980.52,1585
2022-02-18 00:00:00,980.52,1585
2022-02-17 00:00:00,943.17,1587
2022-02-16 00:00:00,949.26,1591
2022-02-15 00:00:00,925.40,1594
2022-02-14 00:00:00,947.52,1600
2022-02-14 00:00:00,947.52,1600
2022-02-13 00:00:00,423.22,1603
2022-02-12 00:00:00,431.48,1608
2022-02-11 00:00:00,869.09,1610
2022-02-10 00:00:00,839.30,1613
2022-02-09 00:00:00,807.33,1616
2022-02-08 00:00:00,763.27,1618
2022-02-07 00:00:00,683.97,1620
2022-02-06 00:00:00,331.47,1623
2022-02-06 00:00:00,331.47,1623
2022-02-05 00:00:00,284.93,1626
2022-02-04 00:00:00,246.18,1629
2022-02-03 00:00:00,258.68,1632
2022-02-02 00:00:00,242.05,1634
2022-02-01 00:00:00,192.33,1636
2022-01-31 00:00:00,159.25,1638
2022-01-31 00:00:00,159.25,1639
2022-01-30 00:00:00,373.74,1642
2022-01-30 00:00:00,373.74,1642
2022-01-29 00:00:00,488.18,1646
2022-01-28 00:00:00,622.68,1648
2022-01-28 00:00:00,622.68,1649
2022-01-27 00:00:00,680.32,1651
2022-01-26 00:00:00,724.13,1653
2022-01-26 00:00:00,724.13,1653
2022-01-25 00:00:00,759.55,1656
2022-01-24 00:00:00,777.04,1659
2022-01-23 00:00:00,325.10,1664
2022-01-22 00:00:00,421.82,1666
2022-01-22 00:00:00,421.82,1667
2022-01-21 00:00:00,892.62,1670
2022-01-20 00:00:00,889.33,1672
2022-01-20 00:00:00,889.33,1673
2022-01-19 00:00:00,885.64,1678
2022-01-18 00:00:00,908.33,1681
2022-01-17 00:00:00,909.59,1683
2022-01-16 00:00:00,392.47,1687
2022-01-15 00:00:00,530.25,1691
2022-01-14 00:00:00,1008.49,1694
2022-01-13 00:00:00,975.41,1696
2022-01-12 00:00:00,977.14,1700
2022-01-11 00:00:00,981.45,1702
2022-01-10 00:00:00,987.21,1705
2022-01-09 00:00:00,452.22,1708
2022-01-08 00:00:00,540.10,1712
2022-01-07 00:00:00,1045.00,1714
2022-01-06 00:00:00,1007.41,1719
2022-01-05 00:00:00,1009.04,1722
2022-01-04 00:00:00,1014.02,1724
2022-01-03 00:00:00,513.88,1727
2022-01-03 00:00:00,513.88,1728
2022-01-02 00:00:00,516.33,1729
2022-01-01 00:00:00,554.48,1731
2021-12-31 00:00:00,1130.13,1734
2021-12-31 00:00:00,1130.13,1734
2021-12-31 00:00:00,1130.13,1734
2021-12-31 00:00:00,1130.13,1735
2021-12-30 00:00:00,1009.09,1740
2021-12-29 00:00:00,1006.81,1751
2021-12-28 00:00:00,1004.83,1757
2021-12-28 00:00:00,1004.83,1757
2021-12-27 00:00:00,1001.65,1761
2021-12-26 00:00:00,468.97,1766
2021-12-24 00:00:00,1071.54,1767
2021-12-25 00:00:00,544.16,1769
2021-12-25 00:00:00,544.16,1769
2021-12-24 00:00:00,1071.54,1776
2021-12-23 00:00:00,987.35,1781
2021-12-22 00:00:00,996.58,1784
2021-12-22 00:00:00,996.58,1784
2021-12-21 00:00:00,999.14,1788
2021-12-20 00:00:00,996.90,1790
2021-12-19 00:00:00,483.42,1793
2021-12-18 00:00:00,532.08,1794
2021-12-18 00:00:00,532.08,1795
2021-12-17 00:00:00,1036.17,1798
2021-12-16 00:00:00,984.93,1802
2021-12-15 00:00:00,990.24,1805
2021-12-15 00:00:00,990.24,1805
2021-12-14 00:00:00,988.89,1809
2021-12-13 00:00:00,989.70,1811
2021-12-12 00:00:00,474.78,1813
2021-12-12 00:00:00,474.78,1814
2021-12-11 00:00:00,540.75,1817
2021-12-10 00:00:00,1030.59,1820
2021-12-09 00:00:00,971.28,1824
2021-12-08 00:00:00,977.50,1827
2021-12-07 00:00:00,981.00,1830
2021-12-06 00:00:00,982.05,1832
2021-12-05 00:00:00,467.95,1835
2021-12-05 00:00:00,467.95,1836
2021-12-04 00:00:00,525.96,1839
2021-12-04 00:00:00,525.96,1839
2021-12-03 00:00:00,1022.72,1843
2021-12-01 00:00:00,979.37,1846
2021-12-02 00:00:00,977.98,1847
2021-12-01 00:00:00,979.37,1850
2021-11-30 00:00:00,970.86,1853
2021-11-29 00:00:00,970.07,1855
2021-11-28 00:00:00,459.05,1857
2021-11-28 00:00:00,459.05,1859
2021-11-27 00:00:00,514.51,1861
2021-11-26 00:00:00,1010.96,1865
2021-11-25 00:00:00,959.14,1870
2021-11-24 00:00:00,958.75,1871
2021-11-24 00:00:00,958.75,1873
2021-11-23 00:00:00,953.62,1876
2021-11-22 00:00:00,941.80,1878
2021-11-22 00:00:00,941.80,1879
2021-11-20 00:00:00,463.57,1881
2021-11-21 00:00:00,394.28,1881
2021-11-21 00:00:00,394.28,1881
2021-11-20 00:00:00,463.57,1883
2021-11-19 00:00:00,969.54,1885
2021-11-19 00:00:00,969.54,1886
2021-11-18 00:00:00,925.03,1889
2021-11-18 00:00:00,925.03,1891
2021-11-17 00:00:00,918.27,1893
2021-11-17 00:00:00,918.27,1894
2020-11-17 00:00:00,1041.25,1897
2021-11-16 00:00:00,922.10,1897
2021-11-16 00:00:00,922.10,1897
2021-11-16 00:00:00,922.10,1897
2021-11-15 00:00:00,919.73,1899
2021-11-14 00:00:00,382.15,1902
2021-11-13 00:00:00,425.63,1904
2021-11-12 00:00:00,936.71,1905
2021-11-12 00:00:00,936.71,1906
2021-11-11 00:00:00,921.22,1909
2021-11-10 00:00:00,939.89,1912
2021-11-09 00:00:00,939.38,1914
2021-11-09 00:00:00,939.38,1915
2021-11-08 00:00:00,946.03,1917
2021-11-08 00:00:00,946.03,1918
2021-11-07 00:00:00,383.10,1920
2021-11-07 00:00:00,383.10,1921
2021-11-06 00:00:00,363.02,1924
2021-11-06 00:00:00,363.02,1925
2021-11-05 00:00:00,940.60,1927
2021-11-05 00:00:00,940.60,1928
2021-11-04 00:00:00,899.52,1932
2021-11-03 00:00:00,902.52,1934
2021-11-03 00:00:00,902.52,1934
2021-11-02 00:00:00,903.54,1936
2021-11-02 00:00:00,903.54,1938
2021-11-01 00:00:00,922.96,1941
2021-10-31 00:00:00,413.91,1945
2021-10-30 00:00:00,457.43,1948
2021-10-30 00:00:00,457.43,1948
2021-10-29 00:00:00,953.61,1950
2021-10-29 00:00:00,953.61,1950
2021-10-28 00:00:00,927.76,1956
2021-10-27 00:00:00,939.42,1958
2021-10-27 00:00:00,939.42,1959
2021-10-26 00:00:00,944.16,1962
2021-10-25 00:00:00,960.40,1963
2021-10-25 00:00:00,960.40,1964
2021-10-24 00:00:00,482.81,1966
2021-10-24 00:00:00,482.81,1967
2021-10-23 00:00:00,550.22,1970
2021-10-22 00:00:00,1081.44,1974
2021-10-22 00:00:00,1081.44,1974
2021-10-22 00:00:00,1081.44,1974
2021-10-21 00:00:00,1038.58,1978
2021-10-20 00:00:00,1052.75,1980
2021-10-19 00:00:00,1073.16,1983
2021-10-18 00:00:00,1083.45,1986
2021-10-18 00:00:00,1083.45,1986
2021-10-17 00:00:00,622.50,1989
2021-10-16 00:00:00,661.65,1992
2021-10-15 00:00:00,1134.80,1995
2021-10-15 00:00:00,1134.80,1995
2021-10-14 00:00:00,1056.55,1998
2021-10-13 00:00:00,1057.46,2000
2021-10-12 00:00:00,1066.00,2002
2021-10-12 00:00:00,1066.00,2003
2021-10-11 00:00:00,1070.88,2006
2021-10-10 00:00:00,573.63,2007
2021-10-10 00:00:00,573.63,2008
2021-10-09 00:00:00,995.31,2010
2021-10-08 00:00:00,1008.43,2011
2021-10-08 00:00:00,1008.43,2012
2021-10-08 00:00:00,1008.43,2012
2021-10-07 00:00:00,614.72,2015
2021-10-07 00:00:00,614.72,2015
2021-10-06 00:00:00,477.03,2017
2021-10-05 00:00:00,498.16,2020
2021-10-05 00:00:00,498.16,2022
2021-10-04 00:00:00,470.42,2024
2021-10-03 00:00:00,494.69,2025
2021-10-03 00:00:00,494.69,2026
2021-10-02 00:00:00,573.42,2029
2021-10-01 00:00:00,689.87,2029
2021-10-01 00:00:00,689.87,2032
2021-09-30 00:00:00,1115.19,2035
2021-09-30 00:00:00,3，深圳2，成都2，武汉西安重庆杭州各1条），最高为北京10号线165.72,2035
2021-09-30 00:00:00,10、北京4、北京6，广州2、广州3（不含3北）、广州5、广州8，深圳1、深圳5，成都2、成都7、重庆3、西安2、武汉2，杭州1（以上排名不分先后）。共计19条，最大为京10-165.72,2037
2021-09-30 00:00:00,1115.19,2038
2021-09-29 00:00:00,1057.30,2047
2021-09-28 00:00:00,1044.21,2051
2021-09-28 00:00:00,1044.21,2051
2021-09-27 00:00:00,1036.96,2052
2021-09-27 00:00:00,1036.96,2054
2021-09-26 00:00:00,981.64,2058
2021-09-26 00:00:00,981.64,2058
2021-09-25 00:00:00,553.14,2061
2021-09-24 00:00:00,1062.40,2063
2021-09-23 00:00:00,1025.23,2064
2021-09-23 00:00:00,1025.23,2064
2021-09-23 00:00:00,1025.23,2065
2021-09-22 00:00:00,1049.48,2068
2021-09-21 00:00:00,665.57,2070
2021-09-21 00:00:00,665.57,2071
2021-09-21 00:00:00,665.57,2071
2021-09-20 00:00:00,489.77,2075
2021-09-20 00:00:00,489.77,2076
2021-09-19 00:00:00,559.02,2079
2021-09-19 00:00:00,559.02,2080
2021-09-18 00:00:00,1087.88,2083
2021-09-18 00:00:00,1087.88,2084
2021-09-17 00:00:00,1046.15,2089
2021-09-16 00:00:00,1025.04,2092
2021-09-15 00:00:00,1024.63,2095
2021-09-14 00:00:00,1016.21,2098
2021-09-13 00:00:00,1023.35,2100
2021-09-12 00:00:00,535.09,2103
2021-09-11 00:00:00,626.36,2106
2021-09-10 00:00:00,1084.34,2108
2021-09-10 00:00:00,1084.34,2108
2021-09-10 00:00:00,1084.34,2109
2021-09-09 00:00:00,1000.95,2111
2021-09-08 00:00:00,1013.92,2113
2021-09-07 00:00:00,1017.22,2115
2021-09-07 00:00:00,1017.22,2115
2021-09-06 00:00:00,1016.47,2117
2021-09-06 00:00:00,1016.47,2118
2021-09-05 00:00:00,510.82,2119
2021-09-04 00:00:00,501.62,2121
2021-09-04 00:00:00,501.62,2121
2021-09-03 00:00:00,1042.92,2124
2021-09-02 00:00:00,976.70,2126
2021-09-02 00:00:00,976.70,2126
2021-09-01 00:00:00,976.80,2128
2021-08-31 00:00:00,959.64,2131
2021-08-31 00:00:00,959.64,2131
2021-08-30 00:00:00,957.53,2134
2021-08-29 00:00:00,476.66,2136
2021-08-29 00:00:00,476.66,2137
2021-08-28 00:00:00,533.67,2139
2021-08-27 00:00:00,991.21,2141
2021-08-27 00:00:00,991.21,2142
2021-08-26 00:00:00,953.55,2145
2021-08-25 00:00:00,953.54,2148
2021-08-24 00:00:00,946.14,2151
2021-08-23 00:00:00,930.74,2154
2021-08-23 00:00:00,930.74,2155
2021-08-22 00:00:00,416.39,2157
2021-08-21 00:00:00,498.72,2159
2021-08-20 00:00:00,944.49,2160
2021-08-19 00:00:00,857.13,2164
2021-08-18 00:00:00,903.93,2167
2021-08-17 00:00:00,904.80,2169
2021-08-16 00:00:00,894.00,2171
2021-08-16 00:00:00,894.00,2171
2021-08-15 00:00:00,374.24,2173
2021-08-14 00:00:00,462.21,2175
2021-08-13 00:00:00,884.90,2177
2021-08-12 00:00:00,848.01,2178
2021-08-12 00:00:00,848.01,2179
2021-08-11 00:00:00,855.27,2180
2021-08-10 00:00:00,854.65,2183
2021-08-09 00:00:00,846.11,2185
2021-08-08 00:00:00,348.53,2188
2021-08-07 00:00:00,393.93,2190
2021-08-06 00:00:00,852.37,2193
2021-08-05 00:00:00,844.30,2196
2021-08-04 00:00:00,880.60,2199
2021-08-03 00:00:00,903.70,2201
2020-08-03 00:00:00,819.16,2205
2019-08-05 00:00:00,1280.61,2205
2021-08-02 00:00:00,940.43,2206
2020-08-02 00:00:00,385.38,2209
2019-08-04 00:00:00,788.49,2209
2021-08-01 00:00:00,474.85,2209
2021-07-31 00:00:00,540.76,2212
2021-07-30 00:00:00,1004.73,2215
2021-07-29 00:00:00,1008.22,2218
2021-07-29 00:00:00,1008.22,2218
2021-07-28 00:00:00,1098.30,2222
2021-07-28 00:00:00,1098.30,2222
2021-07-27 00:00:00,1090.03,2226
2021-07-26 00:00:00,1099.40,2230
2021-07-25 00:00:00,639.05,2233
2021-07-24 00:00:00,718.57,2236
2021-07-23 00:00:00,1165.83,2241
2021-07-22 00:00:00,1103.19,2243
2021-07-22 00:00:00,1103.19,2244
2021-07-21 00:00:00,1122.68,2247
2021-07-20 00:00:00,1147.97,2250
2021-07-20 00:00:00,1147.97,2251
2021-07-19 00:00:00,1139.60,2254
2021-07-18 00:00:00,615.98,2257
2021-07-17 00:00:00,702.84,2260
2021-07-16 00:00:00,1202.41,2263
2021-07-15 00:00:00,1162.63,2267
2021-07-14 00:00:00,1180.05,2270
2021-07-13 00:00:00,1168.53,2272
2021-07-13 00:00:00,1168.53,2273
2021-07-12 00:00:00,882.68,2276
2021-07-11 00:00:00,631.63,2279
2021-07-10 00:00:00,770.14,2283
2021-07-09 00:00:00,1218.00,2284
2021-07-09 00:00:00,1218.00,2285
2021-07-08 00:00:00,1148.47,2289
2021-07-07 00:00:00,1146.68,2292
2021-07-07 00:00:00,1146.68,2292
2021-07-07 00:00:00,1146.68,2292
2021-07-06 00:00:00,1143.41,2296
2021-07-05 00:00:00,1122.82,2297
2021-07-05 00:00:00,1122.82,2298
2021-07-04 00:00:00,643.82,2299
2021-07-04 00:00:00,643.82,2301
2021-07-03 00:00:00,661.39,2304
2021-07-02 00:00:00,1152.83,2307
2021-07-01 00:00:00,948.48,2311
2021-06-30 00:00:00,1044.12,2314
2021-06-30 00:00:00,1044.12,2315
2021-06-29 00:00:00,1054.45,2320
2021-06-29 00:00:00,1054.45,2320
2021-06-28 00:00:00,1077.31,2323
2021-06-27 00:00:00,580.10,2326
2021-06-26 00:00:00,622.16,2329
2021-06-26 00:00:00,622.16,2330
2021-06-25 00:00:00,1128.51,2331
2021-06-25 00:00:00,1128.51,2332
2021-06-24 00:00:00,1062.42,2336
2021-06-23 00:00:00,1076.95,2340
2021-06-22 00:00:00,1066.80,2343
2021-06-21 00:00:00,1072.83,2345
2021-06-20 00:00:00,571.80,2348
2021-06-19 00:00:00,637.98,2351
2021-06-18 00:00:00,1124.69,2354
2021-06-17 00:00:00,1069.80,2358
2021-06-16 00:00:00,1069.49,2361
2021-06-15 00:00:00,1073.18,2363
2021-06-14 00:00:00,555.54,2365
2021-06-13 00:00:00,557.01,2368
2021-06-12 00:00:00,642.32,2370
2021-06-11 00:00:00,1163.26,2372
2021-06-11 00:00:00,1163.26,2372
2021-06-11 00:00:00,1163.26,2372
2021-06-11 00:00:00,1163.26,2374
2021-06-10 00:00:00,1073.9,2379
2021-06-09 00:00:00,1031.69,2382
2021-06-08 00:00:00,1046.18,2384
2021-06-07 00:00:00,1051.98,2386
2021-06-06 00:00:00,576.31,2389
2021-06-05 00:00:00,643.63,2391
2021-06-29 00:00:00,1111.37,2394
2021-06-29 00:00:00,1111.37,2394
2021-06-03 00:00:00,1049.27,2396
2021-06-03 00:00:00,1049.27,2396
2021-06-02 00:00:00,1043.89,2399
2021-06-01 00:00:00,1061.21,2402
2021-06-01 00:00:00,1061.21,2402
2021-06-01 00:00:00,1061.21,2402
2021-06-01 00:00:00,1061.21,2402
2021-05-31 00:00:00,1046.41,2404
2021-05-30 00:00:00,602.30,2407
2021-05-29 00:00:00,662.78,2411
2021-05-28 00:00:00,10号线以170.83,2412
2021-05-28 00:00:00,1127.43,2413
2021-05-28 00:00:00,1127.43,2414
2021-05-27 00:00:00,1049.11,2416
2021-05-26 00:00:00,1051.46,2418
2021-05-25 00:00:00,1058.73,2421
2021-05-24 00:00:00,1059.73,2423
2021-05-23 00:00:00,602.55,2425
2021-05-22 00:00:00,648.91,2428
2021-05-21 00:00:00,1128.70,2431
2021-05-20 00:00:00,1076.49,2434
2021-05-19 00:00:00,1058.33,2437
2021-05-18 00:00:00,1062.37,2439
2021-05-17 00:00:00,1070.25,2442
2021-05-16 00:00:00,629.59,2444
2021-05-15 00:00:00,619.80,2446
2021-05-14 00:00:00,10号线以171.15,2447
2021-05-14 00:00:00,1135.97,2448
2021-05-14 00:00:00,1135.97,2449
2021-05-13 00:00:00,1067.45,2453
2021-05-12 00:00:00,1076.92,2456
2021-05-11 00:00:00,1075.72,2457
2021-05-10 00:00:00,1076.59,2458
2021-05-09 00:00:00,603.44,2460
2021-05-08 00:00:00,1033.8,2461
2021-05-07 00:00:00,1043.95,2464
2021-05-06 00:00:00,1018.78,2466
2021-05-01 00:00:00,756.19,2468
2021-05-05 00:00:00,632.61,2468
2021-05-04 00:00:00,633.88,2473
2021-05-03 00:00:00,678.06,2476
2021-05-02 00:00:00,744.34,2480
2021-05-01 00:00:00,756.19,2482
2021-05-01 00:00:00,756.19,2485
2021-04-30 00:00:00,1177.19,2492
2021-04-29 00:00:00,1095.33,2499
2021-04-28 00:00:00,1089.27,2503
2021-04-27 00:00:00,1063.68,2507
2021-04-26 00:00:00,1063.84,2510
2021-04-25 00:00:00,1008.50,2512
2021-04-24 00:00:00,664.71,2515
2021-04-23 00:00:00,1129.68,2517
2021-04-22 00:00:00,1072.21,2520
2021-04-21 00:00:00,1060.38,2521
2021-04-20 00:00:00,1077.07,2523
2021-04-19 00:00:00,1077.07,2524
2021-04-18 00:00:00,645.76,2526
2021-04-17 00:00:00,693.84,2528
2021-04-16 00:00:00,1138.70,2528
2021-04-17 00:00:00,693.84,2529
2021-04-16 00:00:00,10号线以172.59,2530
2021-04-16 00:00:00,1138.70,2531
2021-04-16 00:00:00,1138.70,2531
2021-04-16 00:00:00,1138.70,2533
2021-04-15 00:00:00,1058.07,2537
2021-04-14 00:00:00,1077.56,2540
2021-04-13 00:00:00,1079.21,2542
2021-04-12 00:00:00,1065.11,2542
2021-04-12 00:00:00,1065.11,2544
2021-04-11 00:00:00,605.65,2548
2021-04-10 00:00:00,672.19,2550
2021-04-09 00:00:00,10号线以171.15,2551
2021-04-09 00:00:00,1123.3,2553
2021-04-09 00:00:00,1123.3,2554
2021-04-08 00:00:00,1068.27,2558
2021-04-07 00:00:00,1063.97,2561
2021-04-06 00:00:00,1064.07,2563
2021-04-05 00:00:00,646.42,2566
2021-04-04 00:00:00,689.28,2570
2021-04-03 00:00:00,738.63,2575
2021-04-02 00:00:00,10号线以170.20,2581
2021-04-02 00:00:00,1138.46,2581
2021-04-01 00:00:00,1061.49,2589
2021-03-31 00:00:00,1071.86,2592
2021-03-30 00:00:00,1059.92,2594
2021-03-29 00:00:00,1057.90,2596
2021-03-29 00:00:00,1057.90,2597
2021-03-28 00:00:00,514.87,2599
2021-03-27 00:00:00,668.97,2602
2021-03-27 00:00:00,668.97,2603
2021-03-26 00:00:00,10号线以166.24,2608
2021-03-26 00:00:00,1091.75,2608
2021-03-25 00:00:00,1054.69,2612
2021-03-24 00:00:00,1051.47,2615
2021-03-23 00:00:00,1043.10,2617
2021-03-21 00:00:00,573.62,2619
2021-03-22 00:00:00,1043.97,2619
2021-03-21 00:00:00,573.62,2622
2021-03-20 00:00:00,615.50,2625
2021-03-19 00:00:00,1093.34,2628
2021-03-18 00:00:00,1016.07,2633
2021-03-17 00:00:00,1016.60,2635
2021-03-16 00:00:00,1010.99,2637
2021-03-15 00:00:00,929.71,2641
2021-03-14 00:00:00,464.85,2643
2021-03-13 00:00:00,544.39,2648
2021-03-12 00:00:00,977.19,2652
2021-03-12 00:00:00,977.19,2652
2021-03-11 00:00:00,957.57,2659
2021-03-10 00:00:00,964.03,2661
2021-03-09 00:00:00,959.24,2664
2021-03-08 00:00:00,994.26（含磁浮S1-4.3394,2667
2021-03-07 00:00:00,463.20,2670
2021-03-06 00:00:00,507.30,2673
2021-03-05 00:00:00,982.37（含磁浮S1-4.2320,2675
2021-03-05 00:00:00,982.37（含磁浮S1-4.2320,2675
2021-03-04 00:00:00,947.83（含磁浮S1-4.1324,2678
2021-03-03 00:00:00,945.66（含磁浮S1-4.1460,2680
2021-03-02 00:00:00,934.66,2683
2021-03-01 00:00:00,946.19,2684
2021-02-28 00:00:00,376.22,2687
2021-02-27 00:00:00,481.54,2689
2021-02-26 00:00:00,902.27,2691
2021-02-25 00:00:00,869.29,2695
2021-02-24 00:00:00,860.00,2697
2021-02-23 00:00:00,845.49,2699
2021-02-22 00:00:00,846.35,2700
2021-02-21 00:00:00,397.79,2702
2021-02-20 00:00:00,695.04,2704
2021-02-19 00:00:00,700.76,2707
2021-02-18 00:00:00,645.64,2709
2021-02-17 00:00:00,316.21,2710
2021-02-17 00:00:00,316.21,2712
2021-02-16 00:00:00,263.96,2714
2021-02-15 00:00:00,313.46,2717
2021-02-14 00:00:00,256.39,2720
2021-02-14 00:00:00,256.39,2720
2021-02-13 00:00:00,250.29,2723
2021-02-12 00:00:00,221.91,2725
2021-02-11 00:00:00,180.21,2727
2021-02-10 00:00:00,444.11,2732
2021-02-09 00:00:00,557.06,2734
2021-02-08 00:00:00,627.41,2735
2021-02-07 00:00:00,618.17,2737
2021-02-06 00:00:00,347.91,2739
2021-02-05 00:00:00,738.56,2740
2021-02-04 00:00:00,732.81,2743
2021-02-03 00:00:00,738.83,2745
2021-02-02 00:00:00,739.93,2747
2021-02-01 00:00:00,739.98,2750
2021-01-31 00:00:00,282.80,2752
2021-01-30 00:00:00,334.51,2754
2021-01-29 00:00:00,746.43,2755
2020-01-10 00:00:00,1309.66,2757
2021-01-28 00:00:00,718.90,2757
2020-01-09 00:00:00,1246.47,2760
2021-01-27 00:00:00,738.84,2760
2021-01-26 00:00:00,735.6,2762
2021-01-25 00:00:00,738.16,2764
2021-01-24 00:00:00,256.70,2766
2021-01-23 00:00:00,310.43,2768
2021-01-22 00:00:00,771.26,2770
2021-01-21 00:00:00,760.68,2772
2021-01-20 00:00:00,791.65,2774
2021-01-19 00:00:00,808.34,2776
2021-01-18 00:00:00,819.36,2779
2021-01-17 00:00:00,318.60,2782
2021-01-16 00:00:00,377.66,2784
2021-01-15 00:00:00,842.77,2786
2021-01-14 00:00:00,815.81,2789
2020-01-15 00:00:00,1228.25,2792
2021-01-13 00:00:00,823.44,2792
2021-01-12 00:00:00,836.13,2794
2021-01-11 00:00:00,857.37,2796
2021-01-10 00:00:00,333.58,2798
2021-01-09 00:00:00,380.93,2799
2021-01-08 00:00:00,873.11,2801
2021-01-08 00:00:00,873.11,2801
2021-01-08 00:00:00,873.11,2801
2021-01-07 00:00:00,841.41,2803
2021-01-06 00:00:00,842.79,2805
2021-01-05 00:00:00,896.25,2806
2021-01-04 00:00:00,907.54,2809
2021-01-04 00:00:00,907.54,2809
2021-01-03 00:00:00,376.01,2811
2021-01-03 00:00:00,376.01,2811
2021-01-03 00:00:00,376.01,2812
2021-01-02 00:00:00,353.02,2814
2021-01-01 00:00:00,355.75,2816
2020-12-31 00:00:00,西安武汉杭州各1条。        客运量150,2818
2020-12-31 00:00:00,924.97,2819
2019-12-31 00:00:00,1264.62,2819
2020-12-31 00:00:00,924.97,2819
2020-12-30 00:00:00,878.05,2826
2020-12-29 00:00:00,883.09,2829
2020-12-28 00:00:00,911.29,2831
2020-12-28 00:00:00,911.29,2831
2020-12-28 00:00:00,911.29,2832
2020-12-28 00:00:00,大兴机场线2.0105,2833
2020-12-27 00:00:00,大兴机场线2.4661,2835
2020-12-27 00:00:00,426.32,2835
2020-12-27 00:00:00,426.32,2835
2020-12-26 00:00:00,大兴机场线2.1739,2837
2020-12-26 00:00:00,497.66,2838
2020-12-25 00:00:00,大兴机场线2.9127,2839
2020-12-25 00:00:00,1046.14,2839
2020-12-25 00:00:00,1046.14,2839
2020-12-25 00:00:00,1046.14,2839
2020-12-25 00:00:00,1046.14,2840
2020-12-25 00:00:00,1046.14,2840
2020-12-25 00:00:00,1046.14,2840
2020-12-25 00:00:00,1046.14,2840
2020-12-24 00:00:00,大兴机场线2.7119,2843
2020-12-24 00:00:00,1024.81,2845
2020-12-23 00:00:00,1018.27,2847
2020-12-23 00:00:00,大兴机场线2.6248,2847
2020-12-22 00:00:00,大兴机场线2.5418,2849
2020-12-22 00:00:00,1022.19,2849
2020-12-21 00:00:00,大兴机场线2.7919,2851
2020-12-21 00:00:00,1032.37,2851
2019-12-27 00:00:00,1263.33,2851
2020-12-20 00:00:00,534.92,2853
2020-12-20 00:00:00,大兴机场线3.1618,2854
2020-12-19 00:00:00,大兴机场线2.8833,2855
2020-12-19 00:00:00,606.02,2855
2020-12-18 00:00:00,大兴机场线3.5055,2856
2020-12-18 00:00:00,1122.12,2857
2020-12-18 00:00:00,1122.12,2857
2020-12-17 00:00:00,大兴机场线2.7423,2858
2020-12-17 00:00:00,1044.17,2860
2020-12-17 00:00:00,1044.17,2860
2020-12-16 00:00:00,大兴机场线2.7240,2862
2020-12-16 00:00:00,1053.40,2863
2020-12-15 00:00:00,大兴机场线2.6388,2863
2020-12-15 00:00:00,1052.44,2864
2020-12-14 00:00:00,大兴机场线2.7968,2867
2019-12-16 00:00:00,1236.59,2867
2020-12-14 00:00:00,1047.14,2867
2020-12-12 00:00:00,大兴机场线2.6532,2868
2020-12-13 00:00:00,541.68,2869
2020-12-12 00:00:00,635.44,2871
2020-12-11 00:00:00,大兴机场线3.5183,2871
2020-12-11 00:00:00,1108.49,2872
2020-12-11 00:00:00,1108.49,2873
2020-12-10 00:00:00,1037.52,2875
2020-12-10 00:00:00,大兴机场线2.8670,2875
2020-12-09 00:00:00,1047.87,2877
2020-12-09 00:00:00,大兴机场线2.7388,2878
2020-12-08 00:00:00,大兴机场线2.6967,2879
2020-12-08 00:00:00,1048.34,2880
2020-12-07 00:00:00,1049.93,2881
2020-12-07 00:00:00,大兴机场线2.9907,2882
2020-12-06 00:00:00,大兴机场线3.3946,2883
2020-12-06 00:00:00,569.20,2884
2020-12-05 00:00:00,大兴机场线2.7677,2885
2020-12-05 00:00:00,626.61,2885
2020-12-05 00:00:00,626.61,2885
2020-12-05 00:00:00,626.61,2886
2020-12-04 00:00:00,1113.30,2887
2020-12-04 00:00:00,大兴机场线3.6474,2887
2020-12-04 00:00:00,1113.30,2887
2020-12-04 00:00:00,1113.30,2887
2020-12-04 00:00:00,1113.30,2887
2020-12-04 00:00:00,1113.30,2888
2020-12-04 00:00:00,1113.30,2889
2020-12-03 00:00:00,大兴机场线2.8630,2889
2019-12-05 00:00:00,1202.59,2889
2020-12-03 00:00:00,1032.36,2890
2020-12-03 00:00:00,1032.36,2891
2020-12-02 00:00:00,大兴机场线2.7513,2892
2019-12-04 00:00:00,1206.07,2892
2020-12-02 00:00:00,1042.24,2892
2020-12-01 00:00:00,1045.40,2894
2020-12-01 00:00:00,大兴机场线2.707,2894
2020-11-30 00:00:00,大兴机场线3.1654,2895
2020-11-30 00:00:00,1051.30,2896
2020-11-30 00:00:00,1051.30,2896
2020-11-30 00:00:00,1051.30,2897
2020-11-29 00:00:00,大兴机场线3.3989,2899
2020-11-28 00:00:00,639.32,2899
2020-11-29 00:00:00,585.24,2899
2020-11-28 00:00:00,639.32,2900
2020-11-28 00:00:00,639.32,2900
2020-11-28 00:00:00,639.32,2902
2020-11-28 00:00:00,大兴机场线3.0109,2902
2020-11-27 00:00:00,1117.33,2903
2020-11-27 00:00:00,1117.33,2903
2020-11-27 00:00:00,大兴机场线3.7756,2903
2020-11-27 00:00:00,1117.33,2904
2020-11-26 00:00:00,1044.79,2906
2020-11-26 00:00:00,大兴机场线3.2098,2907
2020-11-26 00:00:00,1044.79,2907
2020-11-25 00:00:00,大兴机场线3.1229,2909
2020-11-25 00:00:00,1054.14,2909
2020-11-24 00:00:00,1050.24,2910
2020-11-24 00:00:00,大兴机场线3.007,2911
2020-11-24 00:00:00,1050.24,2911
2020-11-23 00:00:00,大兴机场线3.3748,2912
2020-11-23 00:00:00,1050.26,2913
2020-11-22 00:00:00,大兴机场线3.7645,2914
2019-11-24 00:00:00,723.86,2915
2020-11-22 00:00:00,590.19,2915
2020-11-21 00:00:00,592.35,2917
2020-11-21 00:00:00,大兴机场线3.0497,2917
2020-11-21 00:00:00,592.35,2917
2020-11-21 00:00:00,592.35,2918
2020-11-20 00:00:00,1126.96,2918
2020-11-20 00:00:00,大兴机场线3.9154,2919
2020-11-20 00:00:00,1126.96,2920
2020-11-20 00:00:00,1126.96,2920
2020-11-20 00:00:00,1126.96,2921
2020-11-20 00:00:00,1126.96,2921
2020-11-19 00:00:00,大兴机场线3.3396,2923
2019-11-21 00:00:00,1210.1,2923
2020-11-19 00:00:00,1054.44,2923
2020-11-19 00:00:00,1054.44,2923
2020-11-18 00:00:00,大兴机场线3.3238,2925
2020-11-18 00:00:00,1016.37,2925
2020-11-17 00:00:00,1041.25,2928
2020-11-17 00:00:00,1041.25,2928
2020-11-17 00:00:00,大兴机场线3.2141,2928
2019-11-18 00:00:00,1200.41,2930
2020-11-16 00:00:00,1038.91,2930
2020-11-16 00:00:00,大兴机场线3.5635,2930
2020-11-15 00:00:00,大兴机场线3.8089,2931
2019-11-17 00:00:00,735.08,2932
2020-11-15 00:00:00,592.46,2932
2020-11-14 00:00:00,655.44,2933
2020-11-14 00:00:00,655.44,2933
2020-11-14 00:00:00,大兴机场线3.5573,2933
2019-11-16 00:00:00,823.83,2933
2020-11-14 00:00:00,655.44,2934
2020-11-14 00:00:00,655.44,2934
2020-11-13 00:00:00,1116.74,2934
2020-11-13 00:00:00,1116.74,2934
2020-11-13 00:00:00,大兴机场线3.8817,2935
2020-11-13 00:00:00,1116.74,2935
2020-11-13 00:00:00,1116.74,2935
2020-11-13 00:00:00,1116.74,2935
2020-11-13 00:00:00,1116.74,2936
2020-11-12 00:00:00,大兴机场线3.4152,2936
2020-11-12 00:00:00,1037.34,2936
2020-11-12 00:00:00,1037.34,2937
2020-11-11 00:00:00,大兴机场线3.278,2937
2020-11-11 00:00:00,1044.11,2938
2020-11-11 00:00:00,1044.11,2938
2020-11-10 00:00:00,1048.41,2939
2020-11-10 00:00:00,大兴机场线3.291,2939
2020-11-09 00:00:00,大兴机场线3.6161,2940
2020-11-09 00:00:00,1050.45,2941
2020-11-08 00:00:00,大兴机场线3.8644,2941
2020-11-08 00:00:00,623.90,2942
2020-11-07 00:00:00,674.20,2942
2020-11-07 00:00:00,674.20,2943
2020-11-07 00:00:00,大兴机场线3.4589,2943
2020-11-07 00:00:00,674.20,2944
2020-11-06 00:00:00,大兴机场线3.9545,2945
2020-11-06 00:00:00,1116.22,2945
2020-11-06 00:00:00,1116.22,2945
2020-11-06 00:00:00,1116.22,2946
2020-11-06 00:00:00,1116.22,2946
2020-11-06 00:00:00,1116.22,2946
2020-11-06 00:00:00,1116.22,2946
2019-11-07 00:00:00,1235.63,2948
2020-11-05 00:00:00,大兴机场线3.3409,2948
2020-11-05 00:00:00,1046.24,2948
2020-11-04 00:00:00,1049.48,2950
2020-11-03 00:00:00,大兴机场线3.0032,2950
2020-11-03 00:00:00,1047.68,2951
2020-11-02 00:00:00,大兴机场线3.3259,2952
2020-11-02 00:00:00,1042.80,2952
2020-11-01 00:00:00,大兴机场线3.7277,2953
2020-11-01 00:00:00,628.84,2954
2020-10-30 00:00:00,大兴机场线3.9362,2955
2020-10-31 00:00:00,705.97,2956
2020-10-31 00:00:00,705.97,2956
2020-10-31 00:00:00,705.97,2956
2020-10-31 00:00:00,705.97,2956
2020-10-31 00:00:00,705.97,2956
2020-10-30 00:00:00,1121.30,2959
2020-10-30 00:00:00,1121.30,2959
2020-10-30 00:00:00,1121.30,2960
2020-10-29 00:00:00,大兴机场线3.3356,2962
2020-10-29 00:00:00,1043.3,2962
2020-10-29 00:00:00,1043.3,2962
2020-10-29 00:00:00,1043.3,2963
2020-10-29 00:00:00,1043.3,2963
2020-10-28 00:00:00,大兴机场线3.2636,2963
2020-10-28 00:00:00,1051.40,2964
2020-10-28 00:00:00,1051.40,2964
2020-10-27 00:00:00,大兴机场线3.1196,2966
2020-10-27 00:00:00,1045.57,2966
2020-10-26 00:00:00,1043.99,2968
2020-10-26 00:00:00,大兴机场线3.2946,2969
2020-10-25 00:00:00,大兴机场线3.6515,2969
2020-10-25 00:00:00,622.41,2970
2020-10-24 00:00:00,680.42,2971
2020-10-24 00:00:00,大兴机场线2.7042,2971
2020-10-23 00:00:00,大兴机场线3.2296,2972
2020-10-24 00:00:00,680.42,2972
2020-10-24 00:00:00,680.42,2972
2020-10-24 00:00:00,680.42,2972
2020-10-23 00:00:00,1114.39,2973
2020-10-23 00:00:00,1114.39,2973
2020-10-23 00:00:00,1114.39,2973
2020-10-23 00:00:00,1114.39,2973
2019-10-25 00:00:00,1340.5,2974
2020-10-23 00:00:00,1114.39,2974
2020-10-23 00:00:00,3条、广州3条、深圳2条。重庆3、西安2仅以微弱之差落选。       北京10号线以166.76,2974
2020-10-23 00:00:00,1114.39,2974
2020-10-23 00:00:00,1114.39,2975
2020-10-22 00:00:00,大兴机场线2.8458,2977
2020-10-22 00:00:00,1034.31,2977
2020-10-22 00:00:00,1034.31,2978
2020-10-21 00:00:00,大兴机场线2.7122,2979
2020-10-21 00:00:00,1031.09,2979
2020-10-21 00:00:00,1031.09,2979
2020-10-20 00:00:00,大兴机场线2.6967,2980
2020-10-20 00:00:00,1033.35,2981
2020-10-20 00:00:00,1033.35,2981
2020-10-19 00:00:00,1034.2,2982
2020-10-19 00:00:00,大兴机场线2.8071,2982
2020-10-19 00:00:00,1034.2,2982
2020-10-18 00:00:00,大兴机场线2.9576,2984
2020-10-18 00:00:00,605.43,2984
2020-10-18 00:00:00,605.43,2984
2020-10-17 00:00:00,660.24,2985
2020-10-17 00:00:00,660.24,2985
2020-10-17 00:00:00,660.24,2985
2020-10-17 00:00:00,660.24,2986
2020-10-17 00:00:00,大兴机场线2.7129,2986
2020-10-17 00:00:00,660.24,2986
2020-10-17 00:00:00,660.24,2986
2020-10-17 00:00:00,660.24,2986
2020-10-17 00:00:00,660.24,2986
2020-10-17 00:00:00,660.24,2986
2020-10-16 00:00:00,1095.24,2987
2020-10-16 00:00:00,1095.24,2987
2020-10-16 00:00:00,1095.24,2987
2020-10-16 00:00:00,3（北京6终于恢复晋级）、广州3条、深圳2条。       北京10号线以163.98,2987
2020-10-16 00:00:00,大兴机场线3.1106,2988
2020-10-16 00:00:00,1095.24,2988
2020-10-15 00:00:00,大兴机场线2.8939,2989
2020-10-15 00:00:00,1027.57,2990
2020-10-15 00:00:00,1027.57,2991
2020-10-14 00:00:00,大兴机场线2.8741,2991
2020-10-14 00:00:00,1024.05,2992
2020-10-14 00:00:00,1024.05,2993
2020-10-13 00:00:00,1024.79,2993
2020-10-13 00:00:00,1024.79,2994
2020-10-12 00:00:00,大兴机场线3.0362,2996
2020-10-12 00:00:00,1025.86,2996
2020-10-11 00:00:00,大兴机场线3.1214,2997
2020-10-11 00:00:00,559.93,2997
2020-10-11 00:00:00,559.93,2997
2020-10-10 00:00:00,972.08,2999
2020-10-10 00:00:00,972.08,2999
2020-10-10 00:00:00,大兴机场线2.8985,2999
2020-10-10 00:00:00,972.08,3000
2020-10-10 00:00:00,972.08,3000
2020-10-09 00:00:00,大兴机场线3.1575,3001
2020-10-09 00:00:00,969.96,3002
2020-10-08 00:00:00,560.62,3003
2020-10-08 00:00:00,560.62,3004
2020-10-08 00:00:00,560.62,3004
2020-10-08 00:00:00,560.62,3004
2020-10-08 00:00:00,大兴机场线3.6293,3004
2020-10-07 00:00:00,546.43,3004
2020-10-08 00:00:00,560.62,3004
2019-10-07 00:00:00,746.3,3006
2020-10-07 00:00:00,大兴机场线3.3504,3006
2020-10-07 00:00:00,546.43,3006
2020-10-07 00:00:00,546.43,3007
2020-10-06 00:00:00,517.92,3008
2020-10-06 00:00:00,大兴机场线3.2353,3008
2020-10-06 00:00:00,517.92,3008
2020-10-06 00:00:00,517.92,3008
2020-10-05 00:00:00,大兴机场线3.3269,3009
2020-10-04 00:00:00,大兴机场线3.3554,3009
2020-10-03 00:00:00,大兴机场线3.2606,3009
2020-10-02 00:00:00,大兴机场线3.1317,3009
2020-09-30 00:00:00,大兴机场线3.8077,3010
2020-10-05 00:00:00,510.00,3010
2020-10-05 00:00:00,510.00,3010
2019-10-05 00:00:00,757.37,3010
2020-10-05 00:00:00,510.00,3011
2020-10-04 00:00:00,514.61,3012
2020-10-04 00:00:00,514.61,3012
2020-10-04 00:00:00,514.61,3013
2020-10-04 00:00:00,514.61,3013
2020-10-04 00:00:00,514.61,3013
2020-10-04 00:00:00,514.61,3013
2020-10-03 00:00:00,546.59,3014
2020-10-01 00:00:00,大兴机场线3.7143,3015
2020-10-03 00:00:00,546.59,3015
2020-10-01 00:00:00,634.15,3016
2020-10-02 00:00:00,574.45,3016
2020-10-02 00:00:00,574.45,3016
2020-10-02 00:00:00,574.45,3017
2020-10-02 00:00:00,574.45,3017
2020-10-02 00:00:00,574.45,3017
2020-10-01 00:00:00,634.15,3018
2020-10-01 00:00:00,634.15,3018
2020-10-01 00:00:00,634.15,3019
2020-10-01 00:00:00,634.15,3019
2020-10-01 00:00:00,634.15,3019
2020-10-01 00:00:00,634.15,3020
2020-10-01 00:00:00,634.15,3020
2020-09-30 00:00:00,1054.63,3021
2020-09-30 00:00:00,1054.63,3021
2020-09-30 00:00:00,1054.63,3022
2020-09-30 00:00:00,1054.63,3023
2020-09-30 00:00:00,1054.63,3023
2020-09-30 00:00:00,1054.63,3023
2020-09-30 00:00:00,1054.63,3023
2020-09-29 00:00:00,1007.6,3028
2023-05-03 00:00:00,地铁大兴机场线#2020年9月29日（周二），北京大兴机场线客运量3.216,3028
2020-09-28 00:00:00,997.56,3030
2019-09-29 00:00:00,1079.66,3031
2020-09-27 00:00:00,945.33,3032
2020-09-27 00:00:00,945.33,3032
2019-09-28 00:00:00,778.56,3033
2020-09-26 00:00:00,586.00,3034
2020-09-25 00:00:00,2条、深圳2条。       北京10号线以155.97,3035
2020-09-25 00:00:00,1037.43,3035
2020-09-25 00:00:00,1037.43,3035
2020-09-25 00:00:00,1037.43,3035
2020-09-25 00:00:00,1037.43,3036
2020-09-25 00:00:00,1037.43,3036
2019-09-30 00:00:00,981.49,3036
2019-09-27 00:00:00,1214.02,3036
2020-09-25 00:00:00,1037.43,3036
2020-09-25 00:00:00,1037.43,3037
2019-09-26 00:00:00,1184.0,3038
2020-09-24 00:00:00,995.65,3038
2020-09-23 00:00:00,大兴机场线2.5717,3039
2020-09-23 00:00:00,966.22,3039
2019-09-25 00:00:00,1186.64,3039
2020-09-23 00:00:00,966.22,3040
2020-09-22 00:00:00,993.16,3042
2020-09-22 00:00:00,大兴机场线2.6205,3042
2019-09-24 00:00:00,1189.55,3042
2020-09-22 00:00:00,993.16,3042
2020-09-21 00:00:00,991.22,3043
2019-09-23 00:00:00,1189.65,3044
2020-09-21 00:00:00,991.22,3044
2020-09-21 00:00:00,大兴机场线2.7407,3044
2020-09-20 00:00:00,571.79,3045
2020-09-20 00:00:00,大兴机场线2.8409,3045
2020-09-20 00:00:00,571.79,3045
2020-09-20 00:00:00,571.79,3046
2020-09-20 00:00:00,571.79,3046
2020-09-19 00:00:00,大兴机场线2.7004,3047
2020-09-19 00:00:00,609.01,3047
2020-09-19 00:00:00,609.01,3047
2020-09-19 00:00:00,609.01,3048
2019-09-21 00:00:00,798.06,3048
2020-09-19 00:00:00,609.01,3048
2020-09-18 00:00:00,大兴机场线3.0113,3050
2020-09-18 00:00:00,1042.53,3050
2020-09-18 00:00:00,1042.53,3050
2020-09-18 00:00:00,1042.53,3050
2020-09-18 00:00:00,1042.53,3051
2020-09-18 00:00:00,1042.53,3051
2020-09-18 00:00:00,2条、深圳2条。       上海2号线以155.8,3051
2020-09-18 00:00:00,1042.53,3051
2020-09-18 00:00:00,1042.53,3051
2020-09-18 00:00:00,1042.53,3051
2020-09-18 00:00:00,1042.53,3051
2019-09-20 00:00:00,1258.6,3052
2020-09-18 00:00:00,1042.53,3052
2020-09-18 00:00:00,1042.53,3052
2019-09-19 00:00:00,1194.31,3054
2020-09-17 00:00:00,990.55,3054
2020-09-17 00:00:00,990.55,3054
2020-09-17 00:00:00,大兴机场线2.8221,3054
2020-09-16 00:00:00,999.78,3055
2020-09-16 00:00:00,大兴机场线2.8452,3055
2020-09-16 00:00:00,999.78,3055
2019-09-17 00:00:00,1207.37,3056
2020-09-15 00:00:00,967.96,3056
2020-09-15 00:00:00,大兴机场线2.7154,3057
2020-09-14 00:00:00,985.33,3057
2019-09-16 00:00:00,1199.14,3058
2020-09-14 00:00:00,985.33,3058
2020-09-14 00:00:00,大兴机场线2.8268,3058
2020-09-13 00:00:00,546.25,3059
2020-09-13 00:00:00,大兴机场线2.9556,3059
2020-09-13 00:00:00,546.25,3060
2020-09-12 00:00:00,大兴机场线2.7676,3060
2020-09-12 00:00:00,596.00,3061
2020-09-12 00:00:00,596.00,3061
2020-09-12 00:00:00,596.00,3061
2020-09-12 00:00:00,596.00,3061
2020-09-12 00:00:00,596.00,3062
2020-09-11 00:00:00,1015.64,3062
2020-09-11 00:00:00,2条、深圳2条；北京10号线以151.32,3063
2020-09-11 00:00:00,1015.64,3063
2020-09-10 00:00:00,大兴机场线2.7617,3063
2020-09-11 00:00:00,1015.64,3063
2020-09-11 00:00:00,1015.64,3063
2020-09-11 00:00:00,2条、深圳2条；北京10号线以151.32,3063
2020-09-11 00:00:00,1015.64,3064
2020-09-11 00:00:00,1015.64,3064
2019-09-06 00:00:00,1270.85,3064
2020-09-11 00:00:00,1015.64,3064
2020-09-11 00:00:00,1015.64,3064
2020-09-11 00:00:00,1015.64,3064
2020-09-10 00:00:00,967.54,3065
2020-09-10 00:00:00,967.54,3065
2020-09-10 00:00:00,967.54,3066
2020-09-10 00:00:00,967.54,3066
2020-09-10 00:00:00,967.54,3066
2020-09-09 00:00:00,974.38,3067
2020-09-09 00:00:00,974.38,3067
2020-09-09 00:00:00,974.38,3067
2020-09-09 00:00:00,大兴机场线2.7629,3068
2020-09-08 00:00:00,大兴机场线2.6207,3069
2020-09-08 00:00:00,977.95,3069
2019-09-10 00:00:00,1196.69,3069
2020-09-08 00:00:00,977.95,3069
2020-09-06 00:00:00,大兴机场线2.8312,3070
2019-09-09 00:00:00,1208.71,3071
2020-09-07 00:00:00,967.48,3071
2019-09-08 00:00:00,744.56,3072
2020-09-06 00:00:00,519.67,3072
2020-09-05 00:00:00,575.08,3073
2019-09-07 00:00:00,812.38,3074
2020-09-04 00:00:00,大兴机场线3.0426,3074
2020-09-05 00:00:00,575.08,3074
2020-09-04 00:00:00,980.2,3075
2020-09-04 00:00:00,980.2,3075
2020-09-04 00:00:00,980.2,3076
2020-09-04 00:00:00,980.2,3076
2019-09-05 00:00:00,1201.06,3078
2020-09-03 00:00:00,934.65,3078
2020-09-03 00:00:00,大兴机场线2.66,3078
2020-09-02 00:00:00,大兴机场线2.502,3079
2019-09-04 00:00:00,1203.05,3079
2020-09-02 00:00:00,919.41,3079
2020-09-01 00:00:00,922.99,3080
2020-09-01 00:00:00,大兴机场线2.2889,3080
2019-09-03 00:00:00,1204.36,3080
2020-09-01 00:00:00,922.99,3081
2019-09-02 00:00:00,1200.63,3082
2020-08-31 00:00:00,914.14,3082
2020-08-31 00:00:00,大兴机场线2.4924,3083
2020-08-30 00:00:00,大兴机场线2.6243,3084
2020-08-30 00:00:00,479.41,3084
2019-09-01 00:00:00,735.61,3085
2020-08-30 00:00:00,479.41,3085
2020-08-29 00:00:00,538.51,3086
2020-08-29 00:00:00,大兴机场线2.4998,3086
2020-08-29 00:00:00,538.51,3086
2020-08-28 00:00:00,927.23,3087
2019-08-30 00:00:00,1290.44,3087
2020-08-28 00:00:00,927.23,3087
2020-08-28 00:00:00,927.23,3088
2020-08-28 00:00:00,大兴机场线2.691,3088
2020-08-27 00:00:00,大兴机场线2.2839,3089
2020-08-27 00:00:00,897.74,3090
2020-08-26 00:00:00,903.36,3091
2020-08-25 00:00:00,944.98,3092
2020-08-25 00:00:00,944.98,3092
2020-08-25 00:00:00,944.98,3092
2019-08-07 00:00:00,1346.2,3092
2020-08-25 00:00:00,944.98,3093
2020-08-23 00:00:00,大兴机场线2.0328,3094
2019-08-26 00:00:00,1279.44,3095
2020-08-24 00:00:00,903.68,3095
2020-08-21 00:00:00,900.88,3095
2019-08-25 00:00:00,845.19,3096
2020-08-23 00:00:00,456.48,3096
2020-08-22 00:00:00,522.84,3097
2019-08-24 00:00:00,940.08,3098
2020-08-22 00:00:00,522.84,3098
2020-08-21 00:00:00,大兴机场线2.2464,3098
2020-08-22 00:00:00,全网地铁客运量522.84,3099
2020-08-21 00:00:00,900.88,3099
2020-08-21 00:00:00,900.88,3100
2020-08-21 00:00:00,900.88,3100
2019-08-23 00:00:00,1369.96,3100
2020-08-21 00:00:00,900.88,3100
2019-08-22 00:00:00,1336.28,3101
2020-08-20 00:00:00,872.58,3102
2020-08-20 00:00:00,大兴机场线1.9488,3102
2019-08-21 00:00:00,1354.65,3103
2020-08-19 00:00:00,869.05,3103
2020-08-19 00:00:00,大兴机场线1.8481,3103
2020-08-17 00:00:00,大兴机场线1.9371,3104
2019-08-20 00:00:00,1285.84,3105
2020-08-18 00:00:00,850.05,3105
2020-08-17 00:00:00,862.57,3108
2019-08-19 00:00:00,1310.19,3108
2020-08-17 00:00:00,862.57,3108
2019-08-18 00:00:00,843.61,3110
2020-08-16 00:00:00,430.95,3110
2020-08-16 00:00:00,大兴机场线1.8512,3111
2020-08-15 00:00:00,大兴机场线1.7817,3111
2020-08-15 00:00:00,469.54,3111
2020-08-15 00:00:00,469.54,3111
2020-08-15 00:00:00,469.54,3112
2020-08-15 00:00:00,469.54,3112
2020-08-14 00:00:00,大兴机场线2.008,3113
2020-08-14 00:00:00,872.13,3113
2020-08-14 00:00:00,872.13,3114
2020-08-14 00:00:00,872.13,3114
2020-08-14 00:00:00,872.13,3114
2020-08-14 00:00:00,872.13,3114
2019-08-16 00:00:00,1358.63,3114
2020-08-14 00:00:00,872.13,3114
2020-08-14 00:00:00,872.13,3114
2020-08-13 00:00:00,大兴机场线1.8143,3115
2019-08-15 00:00:00,1294.52,3115
2020-08-13 00:00:00,847.71,3116
2020-08-12 00:00:00,大兴机场线1.1896,3116
2020-08-11 00:00:00,大兴机场线1.6628,3116
2019-08-14 00:00:00,1320.32,3117
2020-08-12 00:00:00,679.33,3117
2019-08-13 00:00:00,1329.25,3118
2020-08-11 00:00:00,846.71,3118
2020-08-11 00:00:00,846.71,3119
2020-08-10 00:00:00,838.08,3119
2020-08-10 00:00:00,838.08,3119
2019-08-12 00:00:00,1291.5,3120
2020-08-10 00:00:00,838.08,3120
2020-08-10 00:00:00,大兴机场线1.816,3120
2020-08-09 00:00:00,410.45,3121
2020-08-09 00:00:00,大兴机场线1.7803,3121
2020-08-08 00:00:00,大兴机场线1.6924,3122
2020-08-08 00:00:00,453.85,3122
2019-08-10 00:00:00,873.56,3122
2020-08-08 00:00:00,453.85,3122
2020-08-08 00:00:00,453.85,3123
2020-08-07 00:00:00,大兴机场线1.8599,3123
2020-08-07 00:00:00,832.43,3123
2020-08-07 00:00:00,832.43,3123
2019-08-09 00:00:00,1309.96,3123
2020-08-07 00:00:00,832.43,3124
2020-08-07 00:00:00,832.43,3124
2020-08-06 00:00:00,807.08,3125
2019-08-08 00:00:00,1298.09,3125
2020-08-06 00:00:00,807.08,3125
2020-08-05 00:00:00,803.94,3126
2019-08-07 00:00:00,1346.2,3126
2020-08-05 00:00:00,803.94,3127
2020-08-05 00:00:00,803.94,3127
2019-08-06 00:00:00,1312.95,3128
2020-08-04 00:00:00,813.41,3128
2020-08-04 00:00:00,大兴机场线1.4421,3128
2020-08-03 00:00:00,大兴机场线1.5338,3129
2020-08-03 00:00:00,819.16,3129
2020-08-03 00:00:00,819.16,3129
2020-06-12 00:00:00,地铁##京港地铁##北京轨道运营# 北京新发地疫情以来，北京的地铁全网客流历经52天（2020.6.12～2020.8.3）后终于重返800,3130
2019-08-04 00:00:00,788.49,3131
2020-08-02 00:00:00,385.38,3131
2020-08-02 00:00:00,大兴机场线1.6615,3131
2020-08-01 00:00:00,423.10,3132
2019-08-03 00:00:00,858.63,3132
2020-08-01 00:00:00,423.10,3132
2020-08-01 00:00:00,大兴机场线1.4418,3132
2020-08-01 00:00:00,423.10,3132
2020-07-31 00:00:00,大兴机场线1.6551,3133
2019-08-02 00:00:00,1303.35,3133
2020-07-31 00:00:00,797.83,3133
2020-07-31 00:00:00,797.83,3134
2020-07-31 00:00:00,797.83,3134
2020-07-30 00:00:00,大兴机场线1.3893,3135
2019-08-01 00:00:00,1280.93,3135
2020-07-30 00:00:00,777.06,3135
2020-07-30 00:00:00,777.06,3135
2020-07-29 00:00:00,大兴机场线1.3256,3136
2020-07-29 00:00:00,788.46,3136
2019-07-31 00:00:00,1286.25,3136
2020-07-29 00:00:00,788.46,3136
2020-07-29 00:00:00,788.46,3136
2020-07-28 00:00:00,大兴机场线1.2966,3137
2020-07-28 00:00:00,790.14,3137
2019-07-30 00:00:00,1298.49,3137
2020-07-28 00:00:00,790.14,3138
2020-07-27 00:00:00,大兴机场线1.3555,3138
2020-07-27 00:00:00,787.19,3138
2019-07-29 00:00:00,1223.79,3139
2020-07-27 00:00:00,787.19,3139
2019-07-28 00:00:00,760.92,3140
2020-07-26 00:00:00,362.77,3140
2020-07-25 00:00:00,400.05,3141
2020-07-25 00:00:00,400.05,3141
2019-07-27 00:00:00,819.76,3141
2020-07-25 00:00:00,400.05,3141
2020-07-25 00:00:00,400.05,3142
2020-07-24 00:00:00,778.44,3142
2020-07-24 00:00:00,778.44,3142
2020-07-24 00:00:00,778.44,3143
2019-07-26 00:00:00,1308.16,3143
2020-07-24 00:00:00,778.44,3143
2020-07-23 00:00:00,760.91,3144
2019-07-25 00:00:00,1276.03,3145
2020-07-23 00:00:00,760.91,3145
2019-07-24 00:00:00,1280.9,3146
2020-07-22 00:00:00,760.18,3146
2020-07-21 00:00:00,755.20,3147
2020-07-21 00:00:00,755.20,3147
2020-07-20 00:00:00,748.57,3148
2020-07-20 00:00:00,748.57,3148
2019-07-22 00:00:00,1283.7,3149
2020-07-20 00:00:00,748.57,3149
2020-07-20 00:00:00,748.57,3149
2020-07-19 00:00:00,326.56,3150
2020-07-19 00:00:00,326.56,3150
2020-07-18 00:00:00,354.18,3151
2020-07-17 00:00:00,714.07,3151
2020-07-18 00:00:00,354.18,3151
2020-07-18 00:00:00,354.18,3151
2020-07-17 00:00:00,714.07,3152
2020-07-17 00:00:00,714.07,3152
2020-07-17 00:00:00,714.07,3152
2020-07-17 00:00:00,714.07,3153
2020-07-17 00:00:00,714.07,3153
2020-07-16 00:00:00,697.81,3154
2020-07-16 00:00:00,697.81,3154
2020-07-16 00:00:00,697.81,3154
2020-07-15 00:00:00,698.47,3155
2020-07-15 00:00:00,698.47,3155
2020-07-15 00:00:00,698.47,3155
2020-07-14 00:00:00,691.91,3156
2020-07-13 00:00:00,690.01,3157
2020-07-13 00:00:00,690.01,3157
2020-07-13 00:00:00,690.01,3157
2020-07-12 00:00:00,265.02,3158
2020-07-11 00:00:00,308.86,3159
2020-07-11 00:00:00,308.86,3160
2020-07-10 00:00:00,648.95,3160
2020-07-10 00:00:00,648.95,3161
2020-07-10 00:00:00,648.95,3161
2020-07-10 00:00:00,648.95,3161
2020-07-10 00:00:00,648.95,3161
2020-07-10 00:00:00,648.95,3161
2020-07-10 00:00:00,648.95,3161
2020-07-09 00:00:00,618.19,3162
2020-07-09 00:00:00,618.19,3163
2020-07-09 00:00:00,618.19,3163
2020-07-09 00:00:00,618.19,3164
2020-07-08 00:00:00,626.29,3164
2020-07-08 00:00:00,626.29,3165
2020-07-07 00:00:00,620.47,3166
2020-07-06 00:00:00,616.49,3166
2020-07-05 00:00:00,216.44,3167
2020-07-04 00:00:00,253.23,3168
2020-07-04 00:00:00,253.23,3169
2020-07-04 00:00:00,253.23,3169
2020-07-03 00:00:00,567.51（含磁浮S1-2.8335,3169
2020-07-03 00:00:00,567.51（含磁浮S1-2.8335,3170
2020-07-03 00:00:00,567.51（进站299.21,3170
2020-07-02 00:00:00,560.83,3171
2020-07-02 00:00:00,560.83,3171
2020-07-01 00:00:00,562.32,3172
2020-06-30 00:00:00,549.48,3173
2020-06-29 00:00:00,540.06,3174
2020-06-29 00:00:00,540.06,3175
2020-06-28 00:00:00,498.64,3175
2020-06-27 00:00:00,197.83,3176
2020-06-27 00:00:00,197.83,3177
2020-06-27 00:00:00,197.83,3177
2020-06-26 00:00:00,202.18,3178
2020-06-26 00:00:00,202.18,3178
2020-06-26 00:00:00,202.18,3178
2020-06-26 00:00:00,202.18,3178
2020-06-26 00:00:00,202.18,3178
2020-06-25 00:00:00,182.76,3178
2020-06-26 00:00:00,202.18,3179
2020-06-25 00:00:00,182.76,3179
2020-06-25 00:00:00,182.76,3180
2020-06-24 00:00:00,513.50,3180
2020-06-24 00:00:00,513.50,3180
2020-06-24 00:00:00,513.50,3181
2020-06-24 00:00:00,513.50,3181
2020-06-24 00:00:00,513.50,3181
2020-06-23 00:00:00,505.27,3182
2020-06-23 00:00:00,505.27,3182
2020-06-22 00:00:00,507.88,3184
2020-06-22 00:00:00,507.88,3184
2020-06-21 00:00:00,167.81,3185
2020-06-21 00:00:00,167.81,3185
2020-06-20 00:00:00,200.49,3186
2020-06-20 00:00:00,200.49,3186
2020-06-19 00:00:00,501.33,3187
2020-06-19 00:00:00,501.33,3187
2020-06-19 00:00:00,501.33,3188
2020-06-19 00:00:00,501.33,3188
2020-06-19 00:00:00,501.33,3188
2020-06-18 00:00:00,502.03,3188
2020-06-18 00:00:00,502.03,3188
2020-06-17 00:00:00,545.12,3190
2020-06-17 00:00:00,545.12,3190
2020-06-16 00:00:00,595.72,3191
2020-06-16 00:00:00,595.72,3191
2020-06-15 00:00:00,651.75,3192
2020-06-15 00:00:00,651.75,3192
2020-06-15 00:00:00,大兴机场线1.0270,3192
2020-06-14 00:00:00,大兴机场线1.3938,3193
2020-06-14 00:00:00,273.73,3193
2020-06-14 00:00:00,273.73,3193
2020-06-13 00:00:00,大兴机场线1.544,3194
2020-06-13 00:00:00,376.67,3194
2020-06-13 00:00:00,376.67,3194
2020-06-12 00:00:00,880.09,3195
2020-06-12 00:00:00,880.09,3195
2020-06-12 00:00:00,880.09,3195
2020-06-12 00:00:00,大兴机场线2.0101,3195
2020-06-12 00:00:00,880.09,3196
2020-06-12 00:00:00,880.09,3196
2020-06-11 00:00:00,861.47,3196
2020-06-11 00:00:00,大兴机场线1.8471,3196
2020-06-11 00:00:00,861.47,3197
2020-06-10 00:00:00,大兴机场线1.881,3197
2020-06-10 00:00:00,869.72,3197
2020-06-09 00:00:00,大兴机场线1.7185,3198
2020-06-09 00:00:00,865.94,3198
2020-06-08 00:00:00,859.77,3199
2020-06-08 00:00:00,大兴机场线1.6948,3199
2020-06-08 00:00:00,859.77,3199
2020-06-07 00:00:00,401.93,3200
2020-06-07 00:00:00,大兴机场线1.7290,3200
2020-06-06 00:00:00,462.91,3201
2020-06-06 00:00:00,大兴机场线1.4541,3201
2020-06-06 00:00:00,462.91,3202
2020-06-05 00:00:00,大兴机场线1.7835,3202
2020-06-05 00:00:00,863.59,3203
2020-06-05 00:00:00,863.59,3203
2020-06-04 00:00:00,大兴机场线1.5168,3204
2020-06-04 00:00:00,827.07,3204
2020-06-04 00:00:00,827.07,3204
2020-06-03 00:00:00,834.67,3205
2020-06-03 00:00:00,大兴机场线1.5155,3205
2020-06-03 00:00:00,834.67,3205
2020-06-02 00:00:00,831.26,3207
2020-06-01 00:00:00,大兴机场线1.4162,3208
2020-06-01 00:00:00,地铁##京港地铁##北京轨道运营#  2020-6-1日（周一）北京的地铁全网（三家运营公司）客运量837.96,3208
2020-05-31 00:00:00,大兴机场线0.9563,3209
2020-05-31 00:00:00,381.53,3209
2020-05-29 00:00:00,大兴机场线1.0716,3210
2020-05-30 00:00:00,419.09,3210
2020-05-29 00:00:00,791.95,3211
2020-05-28 00:00:00,大兴机场线0.9653,3212
2020-05-28 00:00:00,768.68,3213
2020-05-27 00:00:00,大兴机场线0.9488,3214
2020-05-27 00:00:00,771.17,3214
2020-05-26 00:00:00,大兴机场线0.9331,3215
2020-05-26 00:00:00,770.45,3215
2020-05-25 00:00:00,762.73,3216
2020-05-25 00:00:00,大兴机场线0.878,3216
2020-05-24 00:00:00,370.04,3216
2020-05-23 00:00:00,399.01,3217
2020-05-23 00:00:00,大兴机场线0.8391,3218
2020-05-22 00:00:00,大兴机场线0.9703,3218
2020-05-22 00:00:00,764.00,3219
2020-05-21 00:00:00,731.24,3220
2020-05-20 00:00:00,765.23,3222
2020-05-20 00:00:00,大兴机场线0.8955,3222
2020-05-19 00:00:00,747.87,3223
2020-05-18 00:00:00,748.52,3224
2020-05-17 00:00:00,336.24,3225
2020-05-16 00:00:00,385.35,3226
2020-05-16 00:00:00,385.35,3226
2020-05-15 00:00:00,大兴机场线0.8535,3226
2020-05-15 00:00:00,727.25,3227
2020-05-14 00:00:00,大兴机场线0.8864,3228
2020-05-14 00:00:00,709.51,3228
2020-05-13 00:00:00,712.11,3229
2020-05-13 00:00:00,大兴机场线0.8359,3229
2020-05-12 00:00:00,大兴机场线0.8144,3230
2020-05-12 00:00:00,709.71,3230
2020-05-11 00:00:00,705.42,3231
2020-05-11 00:00:00,705.42,3231
2020-05-11 00:00:00,705.42,3231
2020-05-11 00:00:00,大兴机场线0.7987,3231
2020-05-11 00:00:00,地铁##京港地铁# #北京轨道运营# 昨日（2020.5.11，周一）北京轨道交通（地铁）总客运量705.42,3231
2020-05-10 00:00:00,318.09,3232
2020-05-09 00:00:00,大兴机场线0.6871,3233
2020-05-09 00:00:00,640.74,3233
2020-05-09 00:00:00,640.74,3233
2020-05-09 00:00:00,640.74,3233
2020-05-08 00:00:00,大兴机场线0.6995,3234
2020-05-08 00:00:00,653.79,3234
2020-05-07 00:00:00,648.98,3235
2020-05-06 00:00:00,643.18,3236
2020-05-05 00:00:00,308.15,3237
2020-05-04 00:00:00,293.92,3238
2020-05-03 00:00:00,278.13,3239
2020-05-02 00:00:00,281.70,3240
2020-05-01 00:00:00,303.91,3240
2020-05-01 00:00:00,303.91,3241
2020-04-30 00:00:00,567.75,3242
2020-04-29 00:00:00,535.71,3244
2020-04-28 00:00:00,529.61,3246
2020-04-27 00:00:00,525.48,3247
2020-04-26 00:00:00,467.43,3248
2020-04-25 00:00:00,225.74,3249
2020-04-25 00:00:00,225.74,3250
2020-04-24 00:00:00,499.40,3251
2020-04-23 00:00:00,489.28,3252
2020-04-22 00:00:00,485.85,3254
2020-04-21 00:00:00,480.03,3255
2020-04-20 00:00:00,482.46,3257
2020-04-20 00:00:00,482.46,3257
2020-04-19 00:00:00,193.00,3258
2020-04-18 00:00:00,235.62,3259
2020-04-17 00:00:00,456.97,3260
2020-04-16 00:00:00,448.95,3261
2020-04-15 00:00:00,448.61,3262
2020-04-14 00:00:00,445.27,3264
2020-04-13 00:00:00,445.12,3265
2020-04-12 00:00:00,183.36,3267
2020-04-11 00:00:00,210.41,3269
2020-04-10 00:00:00,418.95,3269
2020-04-10 00:00:00,418.95,3271
2020-04-09 00:00:00,406.97,3272
2020-04-08 00:00:00,413.19,3273
2020-04-07 00:00:00,413.41,3274
2020-04-06 00:00:00,178.97,3276
2020-04-05 00:00:00,181.61,3278
2020-04-04 00:00:00,173.83,3279
2020-04-03 00:00:00,377.8,3281
2020-04-02 00:00:00,369.97,3282
2020-04-01 00:00:00,368.06,3284
2020-03-31 00:00:00,355.15,3285
2020-03-30 00:00:00,355.53,3286
2020-03-29 00:00:00,138.40,3288
2020-03-28 00:00:00,157.69,3289
2020-03-27 00:00:00,319.83,3291
2020-03-26 00:00:00,303.90,3293
2020-03-25 00:00:00,313.82,3294
2020-03-24 00:00:00,307.30,3295
2020-03-23 00:00:00,310.55,3297
2020-03-22 00:00:00,116.19,3298
2020-03-21 00:00:00,130.36,3299
2020-03-20 00:00:00,273.83,3300
2020-03-19 00:00:00,265.44,3301
2020-03-18 00:00:00,264.05,3302
2020-03-17 00:00:00,264.06,3303
2020-03-16 00:00:00,267.61,3304
2020-03-15 00:00:00,95.59,3306
2020-03-15 00:00:00,首都机场线0.3981,3306
2020-03-14 00:00:00,104.26,3307
2020-03-14 00:00:00,首都机场线0.3376,3308
2020-03-13 00:00:00,232.24,3308
2020-03-12 00:00:00,228.11,3310
2020-03-12 00:00:00,首都机场线0.3224,3310
2020-03-11 00:00:00,227.88,3311
2020-03-11 00:00:00,首都机场线0.3365,3311
2020-03-10 00:00:00,222.34,3312
2020-03-09 00:00:00,221.45,3313
2020-03-08 00:00:00,73.40,3315
2020-03-08 00:00:00,首都机场线0.3521,3315
2020-03-07 00:00:00,83.84,3316
2020-03-07 00:00:00,首都机场线0.3074,3316
2020-03-06 00:00:00,188.71,3317
2020-03-06 00:00:00,首都机场线0.3201,3317
2020-03-05 00:00:00,186.62,3319
2020-03-05 00:00:00,186.62,3319
2020-03-04 00:00:00,187.06,3320
2020-03-03 00:00:00,185.16,3321
2020-03-03 00:00:00,185.16,3321
2020-03-02 00:00:00,190.85,3322
2020-03-01 00:00:00,67.58,3323
2020-03-01 00:00:00,首都机场线0.4711,3323
2020-02-29 00:00:00,66.02,3324
2020-02-28 00:00:00,147.99,3325
2020-02-28 00:00:00,首都机场线0.3494,3325
2020-02-27 00:00:00,146.68,3327
2020-02-26 00:00:00,首都机场线0.3607,3327
2020-02-26 00:00:00,148.69,3328
2020-02-25 00:00:00,146.96,3329
2020-02-24 00:00:00,首都机场线0.325,3329
2020-02-24 00:00:00,151.37,3330
2020-02-23 00:00:00,首都机场线0.3358,3331
2020-02-23 00:00:00,56.05,3331
2020-02-22 00:00:00,57.39,3332
2020-02-22 00:00:00,首都机场线0.2617,3332
2020-02-21 00:00:00,首都机场线0.2528,3333
2020-02-21 00:00:00,114.16,3333
2020-02-20 00:00:00,114.06,3335
2020-02-20 00:00:00,首都机场线0.2198,3335
2023-05-23 00:00:00,虽不是历史最高也是非常高位（线路客运量情况见  网页链接）。       而就此5城当天车站纯进站客流看，想不到的是：台北捷运的台北车站以23.21,3336
2020-02-19 00:00:00,114.38,3336
2020-02-19 00:00:00,大兴机场线0.2516,3336
2020-02-18 00:00:00,大兴机场线0.209,3336
2020-02-18 00:00:00,114.00,3337
2020-02-17 00:00:00,大兴机场线0.2228,3338
2020-02-17 00:00:00,123.01,3338
2020-02-16 00:00:00,51.50,3339
2020-02-16 00:00:00,大兴机场线0.2901,3340
2020-02-15 00:00:00,首都机场线0.2094,3340
2020-02-15 00:00:00,49.90,3341
2020-02-14 00:00:00,首都机场线0.1769,3342
2020-02-14 00:00:00,79.98,3342
2020-02-13 00:00:00,82.70,3344
2020-02-13 00:00:00,首都机场线0.1674,3344
2020-02-12 00:00:00,82.52,3344
2020-02-12 00:00:00,82.52,3345
2020-02-12 00:00:00,大兴机场线0.2255,3345
2020-02-11 00:00:00,大兴机场线0.2184,3346
2020-02-11 00:00:00,84.08,3346
2020-02-10 00:00:00,100.14,3347
2020-02-10 00:00:00,大兴机场线0.2663,3347
2020-02-09 00:00:00,首都机场线0.3558,3348
2020-02-09 00:00:00,58.05,3349
2020-02-08 00:00:00,51.99,3350
2020-02-08 00:00:00,51.99,3350
2020-02-08 00:00:00,首都机场线0.3249,3350
2020-02-07 00:00:00,65.19,3351
2020-02-07 00:00:00,首都机场线0.2572,3351
2020-02-06 00:00:00,首都机场线0.3074,3352
2020-02-06 00:00:00,68.55,3353
2020-02-05 00:00:00,大兴机场线0.3167,3354
2020-02-05 00:00:00,63.53,3354
2020-02-03 00:00:00,大兴机场线0.3596,3354
2020-02-04 00:00:00,65.87,3355
2020-02-03 00:00:00,大兴机场线0.4311,3355
2020-02-03 00:00:00,81.93,3356
2020-02-02 00:00:00,首都机场线0.5842,3356
2020-02-02 00:00:00,70.94,3357
2020-02-01 00:00:00,68.54,3359
2020-02-01 00:00:00,首都机场线0.5441,3359
2020-01-31 00:00:00,69.50,3360
2020-01-31 00:00:00,首都机场线0.5733,3360
2020-01-30 00:00:00,68.03,3361
2020-01-30 00:00:00,首都机场线0.6007,3361
2020-01-29 00:00:00,66.18,3363
2020-01-28 00:00:00,68.14,3364
2020-01-27 00:00:00,75.49,3366
2020-01-27 00:00:00,首都机场线0.917,3366
2020-01-26 00:00:00,85.45,3368
2020-01-26 00:00:00,首都机场线1.0848,3368
2020-01-25 00:00:00,97.02,3369
2020-01-25 00:00:00,首都机场线1.0593,3369
2020-01-24 00:00:00,首都机场线1.7156,3369
2020-01-24 00:00:00,136.02,3370
2020-01-23 00:00:00,首都机场线2.3805,3371
2020-01-23 00:00:00,349.3,3371
2020-01-22 00:00:00,559.91,3372
2020-01-22 00:00:00,首都机场线2.8694,3372
2020-01-21 00:00:00,805.8,3373
2020-01-21 00:00:00,首都机场线3.3404,3373
2020-01-20 00:00:00,969.78,3374
2020-01-20 00:00:00,首都机场线3.546,3374
2020-01-19 00:00:00,993.29,3374
2020-01-19 00:00:00,首都机场线3.3286,3375
2020-01-18 00:00:00,739.41,3375
2020-01-18 00:00:00,首都机场线3.3854,3375
2020-01-17 00:00:00,1210.56,3376
2020-01-17 00:00:00,首都机场线3.4926,3376
2020-01-16 00:00:00,首都机场线3.528,3377
2020-01-16 00:00:00,1213.76,3377
2020-01-15 00:00:00,1228.25,3378
2020-01-15 00:00:00,首都机场线3.7029,3378
2020-01-14 00:00:00,1240.58,3379
2020-01-14 00:00:00,首都机场线3.5378,3379
2020-01-13 00:00:00,1246.98,3379
2020-01-13 00:00:00,首都机场线3.6246,3379
2020-01-12 00:00:00,771.36,3380
2020-01-12 00:00:00,首都机场线3.3772,3380
2020-01-11 00:00:00,845.75,3380
2020-01-11 00:00:00,首都机场线3.5635,3381
2020-01-10 00:00:00,1309.66,3381
2020-01-10 00:00:00,首都机场线3.9646,3381
2020-01-09 00:00:00,1246.47,3382
2020-01-09 00:00:00,首都机场线3.7985,3382
2020-01-08 00:00:00,首都机场线3.7825,3382
2020-01-08 00:00:00,1229.9,3383
2020-01-05 00:00:00,675.18,3383
2020-01-07 00:00:00,1217.43,3383
2020-01-07 00:00:00,首都机场线3.5979,3383
2020-01-06 00:00:00,1259.21,3383
2020-01-06 00:00:00,首都机场线3.7729,3384
2020-01-05 00:00:00,675.18,3384
2020-01-05 00:00:00,首都机场线3.4463,3384
2020-01-04 00:00:00,734.62,3385
2020-01-04 00:00:00,734.62,3385
2020-01-04 00:00:00,首都机场线3.31781,3385
2020-01-03 00:00:00,1221.68,3385
2020-01-03 00:00:00,首都机场线3.3022,3385
2020-01-02 00:00:00,1177.05,3386
2020-01-02 00:00:00,首都机场线3.3022,3386
2019-12-31 00:00:00,1264.62,3387
2020-01-01 00:00:00,696.76,3387
2020-01-01 00:00:00,首都机场线3.3406,3387
2019-12-31 00:00:00,首都机场线3.5194,3388
2019-12-31 00:00:00,1264.62,3388
2019-12-30 00:00:00,1168.6,3390
2019-12-30 00:00:00,首都机场线3.30682,3390
2019-12-28 00:00:00,首都机场线3.6305,3391
2019-12-29 00:00:00,696.21,3391
2019-12-28 00:00:00,786.22,3391
2019-12-28 00:00:00,786.22,3392
2019-12-27 00:00:00,1263.33,3394
2019-12-27 00:00:00,首都机场线3.8712,3394
2019-12-26 00:00:00,1211.51,3395
2019-12-26 00:00:00,首都机场线3.6281,3395
2019-12-25 00:00:00,1232.62,3395
2019-12-25 00:00:00,首都机场线3.6382,3396
2019-12-24 00:00:00,1234.73,3396
2019-12-24 00:00:00,首都机场线3.6442,3396
2019-12-23 00:00:00,1211.86,3397
2019-12-23 00:00:00,首都机场线3.7117,3397
2019-12-22 00:00:00,首都机场线3.3474,3398
2019-12-22 00:00:00,716.30,3398
2019-12-21 00:00:00,782.49,3398
2019-12-21 00:00:00,首都机场线3.4494,3398
2019-12-20 00:00:00,首都机场线3.985,3399
2019-12-20 00:00:00,1283.68,3399
2019-12-19 00:00:00,1202.81,3400
2019-12-19 00:00:00,首都机场线3.644,3400
2019-12-18 00:00:00,首都机场线3.6652,3400
2019-12-18 00:00:00,1210.46,3400
2019-12-17 00:00:00,1204.86,3400
2019-12-17 00:00:00,首都机场线3.5671,3400
2019-12-16 00:00:00,1236.59,3401
2019-12-16 00:00:00,首都机场线3.652,3401
2019-12-15 00:00:00,712.36,3402
2019-12-14 00:00:00,785.96,3402
2019-12-14 00:00:00,首都机场线3.416,3402
2019-12-13 00:00:00,首都机场线3.8146,3402
2019-12-13 00:00:00,1263.89,3403
2019-12-12 00:00:00,首都机场线3.4721,3403
2019-12-12 00:00:00,1199.82,3403
2019-12-11 00:00:00,1199.28,3404
2019-12-11 00:00:00,首都机场线3.4384,3404
2019-12-10 00:00:00,1199.31,3404
2019-12-10 00:00:00,首都机场线3.3798,3405
2019-12-09 00:00:00,1204.33,3405
2019-12-09 00:00:00,首都机场线3.5648,3405
2019-12-08 00:00:00,717.5,3405
2019-12-08 00:00:00,首都机场线3.5150,3405
2019-12-07 00:00:00,794.08,3405
2019-12-07 00:00:00,首都机场线3.3558,3406
2019-12-06 00:00:00,1282.81,3406
2019-12-06 00:00:00,1282.81,3406
2019-12-06 00:00:00,首都机场线3.7915,3406
2019-12-05 00:00:00,1202.59,3406
2019-12-05 00:00:00,首都机场线3.3697,3406
2019-12-04 00:00:00,1206.07,3407
2019-12-04 00:00:00,首都机场线3.3697,3407
2019-12-03 00:00:00,1179.92,3407
2019-12-03 00:00:00,首都机场线3.186,3408
2019-12-01 00:00:00,首都机场线3.2534,3408
2019-12-02 00:00:00,1200.65,3408
2019-12-01 00:00:00,732.8,3408
2019-11-30 00:00:00,816.19,3408
2019-11-30 00:00:00,首都机场线3.2514,3408
2019-11-29 00:00:00,1290.05,3409
2019-11-29 00:00:00,首都机场线3.901,3409
2019-11-28 00:00:00,1212.55,3409
2019-11-28 00:00:00,首都机场线3.4456,3409
2019-11-27 00:00:00,1214.06,3409
2019-11-27 00:00:00,首都机场线3.4542,3409
2019-11-26 00:00:00,1210.79,3410
2019-11-26 00:00:00,首都机场线3.386,3410
2019-11-25 00:00:00,1211.84,3410
2019-11-25 00:00:00,首都机场线3.4298,3410
2019-11-24 00:00:00,723.86,3410
2019-11-24 00:00:00,首都机场线3.3649,3410
2019-11-23 00:00:00,806.2,3411
2019-11-22 00:00:00,1282.82,3411
2019-11-22 00:00:00,首都机场线3.8464,3411
2019-11-21 00:00:00,1210.1,3411
2019-11-21 00:00:00,首都机场线3.4105,3411
2019-11-20 00:00:00,1222.72,3412
2019-11-19 00:00:00,1209.1,3412
2019-11-19 00:00:00,首都机场线3.3473,3412
2019-11-18 00:00:00,1200.41,3412
2019-11-18 00:00:00,首都机场线3.4547,3413
2019-11-17 00:00:00,735.08,3413
2019-11-17 00:00:00,首都机场线3.4598,3413
2019-11-16 00:00:00,823.83,3413
2019-11-16 00:00:00,首都机场线3.4365,3413
2019-11-15 00:00:00,车站客流（图1）、广州车站客流（图2）、成都车站客流（图3），武汉地铁进、出站客流（集散量）前五：汉口火车站13.56,3414
2019-11-15 00:00:00,1291.09,3414
2019-11-15 00:00:00,首都机场线3.9461,3414
2019-11-14 00:00:00,1208.73,3415
2019-11-14 00:00:00,首都机场线3.4696,3415
2019-11-13 00:00:00,1195.57,3415
2019-11-13 00:00:00,首都机场线3.4618,3415
2019-11-12 00:00:00,1212.21,3416
2019-11-12 00:00:00,首都机场线3.2621,3416
2019-11-11 00:00:00,1225.2,3416
2019-11-10 00:00:00,773.39,3417
2019-11-10 00:00:00,首都机场线3.4010,3417
2019-11-09 00:00:00,889.91,3418
2019-11-09 00:00:00,首都机场线3.3766,3418
2019-11-08 00:00:00,1330.04,3418
2019-11-08 00:00:00,首都机场线3.9368,3418
2019-11-07 00:00:00,1235.63,3418
2019-11-07 00:00:00,首都机场线3.4934,3419
2019-11-06 00:00:00,1235.24,3419
2019-11-06 00:00:00,首都机场线3.4058,3419
2019-11-05 00:00:00,1231.14,3419
2019-11-05 00:00:00,首都机场线3.2919,3419
2019-11-04 00:00:00,1236.66,3419
2019-11-04 00:00:00,首都机场线3.4721,3420
2019-11-03 00:00:00,792.87,3420
2019-11-03 00:00:00,首都机场线3.4621,3420
2019-11-02 00:00:00,833.95,3420
2019-11-02 00:00:00,首都机场线3.2441,3420
2019-11-01 00:00:00,1320.41,3421
2019-11-01 00:00:00,首都机场线4.0287,3421
2019-10-31 00:00:00,1242.93,3421
2019-10-31 00:00:00,首都机场线3.5087,3421
2019-10-30 00:00:00,1235.9,3422
2019-10-30 00:00:00,首都机场线3.399,3422
2019-10-29 00:00:00,1226.01,3422
2019-10-29 00:00:00,首都机场线3.3538,3422
2019-10-28 00:00:00,1210.25,3423
2019-10-28 00:00:00,首都机场线3.5393,3423
2019-10-27 00:00:00,814.31,3423
2019-10-27 00:00:00,首都机场线3.5371,3423
2019-10-26 00:00:00,897.42,3424
2019-10-26 00:00:00,首都机场线3.541,3424
2019-10-25 00:00:00,1340.5,3424
2019-10-25 00:00:00,首都机场线4.389,3424
2019-10-24 00:00:00,1221.14,3425
2019-10-24 00:00:00,1221.14,3425
2019-10-24 00:00:00,首都机场线3.7431,3425
2019-10-23 00:00:00,1258.74,3425
2019-10-23 00:00:00,首都机场线3.6789,3425
2019-10-22 00:00:00,1252.60,3426
2019-10-22 00:00:00,首都机场线3.616,3426
2019-10-22 00:00:00,1252.60,3426
2019-10-21 00:00:00,1257.45,3426
2019-10-21 00:00:00,首都机场线3.7421,3426
2019-10-20 00:00:00,848.02,3427
2019-10-20 00:00:00,首都机场线3.6974,3427
2019-10-19 00:00:00,920.75,3427
2019-10-19 00:00:00,首都机场线3.5416,3427
2019-10-18 00:00:00,1340.04,3428
2019-10-18 00:00:00,1340.04,3428
2019-10-18 00:00:00,首都机场线4.3314,3428
2019-10-17 00:00:00,1240.69,3429
2019-10-17 00:00:00,首都机场线3.4778,3429
2019-10-16 00:00:00,1252.33,3430
2019-10-16 00:00:00,首都机场线3.4281,3430
2019-10-15 00:00:00,1253.77,3430
2019-10-15 00:00:00,首都机场线3.3622,3430
2019-10-14 00:00:00,1243.12,3430
2019-10-14 00:00:00,首都机场线3.4211,3431
2019-10-13 00:00:00,720.33,3431
2019-10-13 00:00:00,首都机场线3.1141,3431
2019-10-12 00:00:00,1187.1,3431
2019-10-12 00:00:00,首都机场线3.0268,3432
2019-10-11 00:00:00,1215.04,3432
2019-10-11 00:00:00,首都机场线2.9027,3432
2019-10-10 00:00:00,1206.7,3432
2019-10-10 00:00:00,首都机场线2.9585,3432
2019-10-09 00:00:00,1196.85,3433
2019-10-09 00:00:00,首都机场线3.4322,3433
2019-10-08 00:00:00,磁浮S1线（中低速）4.0844,3433
2019-10-08 00:00:00,1161.36,3433
2019-10-08 00:00:00,1161.36,3433
2019-10-08 00:00:00,首都机场线3.6728,3433
2019-10-07 00:00:00,746.3,3434
2019-10-07 00:00:00,746.3,3434
2019-10-07 00:00:00,首都机场线4.4124,3434
2019-10-06 00:00:00,733.32,3434
2019-10-06 00:00:00,首都机场线3.8953,3434
2019-10-06 00:00:00,首都机场线3.8953,3434
2019-10-05 00:00:00,757.37,3435
2019-10-05 00:00:00,首都机场线3.8785,3435
2019-10-04 00:00:00,611.95,3436
2019-10-04 00:00:00,首都机场线4.1152,3436
2019-10-03 00:00:00,750.28,3436
2019-10-02 00:00:00,734.64,3436
2019-10-02 00:00:00,734.64,3436
2019-10-02 00:00:00,734.64,3436
2019-10-01 00:00:00,426.59,3437
2019-10-01 00:00:00,426.59,3437
2019-09-30 00:00:00,981.49,3438
2018-09-30 00:00:00,1195.62,3439
2019-09-29 00:00:00,1079.66,3439
2019-09-28 00:00:00,778.56,3439
2023-05-09 00:00:00,地铁大兴机场线# 北京大兴机场线开通三天客运量逐日增加（9.26—1.2259、9.27—1.3266），昨日（2019.9.28）达1.5567,3439
2019-09-27 00:00:00,1214.02,3439
2019-09-26 00:00:00,1184.0,3440
2019-09-25 00:00:00,1186.64,3441
2019-09-24 00:00:00,1189.55,3441
2019-09-24 00:00:00,1189.55,3441
2019-09-23 00:00:00,1189.65,3441
2019-09-23 00:00:00,1189.65,3442
2019-09-22 00:00:00,721.1,3442
2019-09-21 00:00:00,798.06,3442
2019-09-20 00:00:00,1258.6,3442
2019-09-20 00:00:00,1258.6,3442
2019-09-19 00:00:00,1194.31,3443
2019-09-18 00:00:00,1206.73,3443
2019-09-17 00:00:00,1207.37,3443
2019-09-16 00:00:00,1199.14,3443
2019-09-15 00:00:00,748.27,3444
2019-09-14 00:00:00,740.93,3444
2018-09-23 00:00:00,805.2,3444
2019-09-13 00:00:00,796.45,3444
2019-09-12 00:00:00,1323.4,3445
2019-09-11 00:00:00,1223.68,3445
2019-09-10 00:00:00,1196.69,3446
2019-09-09 00:00:00,1208.71,3446
2019-09-08 00:00:00,744.56,3446
2019-09-07 00:00:00,812.38,3446
2019-09-06 00:00:00,1270.85,3447
2019-09-05 00:00:00,1201.06,3447
2019-09-04 00:00:00,1203.05,3447
2018-09-03 00:00:00,1191.75,3448
2019-09-03 00:00:00,1204.36,3448
2019-09-02 00:00:00,1200.63,3448
2019-09-01 00:00:00,735.61,3449
2019-08-31 00:00:00,831.56,3449
2019-08-30 00:00:00,1290.44,3450
2019-08-29 00:00:00,1266.64,3450
2019-08-28 00:00:00,1275.74,3450
2019-08-27 00:00:00,1285.26,3451
2019-08-26 00:00:00,1279.44,3451
2019-08-25 00:00:00,845.19,3451
2019-08-24 00:00:00,940.08,3452
2019-08-23 00:00:00,1369.96,3452
2019-08-23 00:00:00,1369.96,3452
2019-08-22 00:00:00,1336.28,3452
2019-08-21 00:00:00,1354.65,3453
2019-08-20 00:00:00,1285.84,3453
2019-08-19 00:00:00,1310.19,3453
2019-08-18 00:00:00,843.61,3454
2019-08-17 00:00:00,933.98,3454
2019-08-17 00:00:00,933.98,3454
2019-08-16 00:00:00,1358.63,3454
2019-08-15 00:00:00,1294.52,3454
2019-08-14 00:00:00,1320.32,3455
2019-08-13 00:00:00,1329.25,3455
2019-08-12 00:00:00,1291.5,3455
2019-08-11 00:00:00,790.83,3456
2019-08-10 00:00:00,873.56,3456
2019-08-09 00:00:00,1309.96,3456
2019-08-08 00:00:00,1298.09,3456
2019-08-07 00:00:00,1346.2,3457
2019-08-06 00:00:00,1312.95,3457
2019-08-05 00:00:00,1280.61,3457
2019-08-04 00:00:00,788.49,3457
2019-08-03 00:00:00,858.63,3458
2019-08-02 00:00:00,1303.35,3458
2019-08-01 00:00:00,1280.93,3459
2019-07-31 00:00:00,1286.25,3459
2019-07-30 00:00:00,1298.49,3459
2019-07-29 00:00:00,1223.79,3460
2019-07-28 00:00:00,760.92,3460
2019-07-27 00:00:00,819.76,3460
2019-07-26 00:00:00,1308.16,3460
2019-07-25 00:00:00,1276.03,3461
2019-07-24 00:00:00,1280.9,3461
2019-07-23 00:00:00,1298.40,3461
2019-07-22 00:00:00,1283.7,3461
2019-07-21 00:00:00,795.66,3461
2019-07-20 00:00:00,872.197,3462
2019-07-19 00:00:00,1339.49,3462
2019-07-18 00:00:00,1308.93,3462
2019-07-17 00:00:00,1310.91,3462
2019-07-16 00:00:00,1323.22,3462
2019-07-15 00:00:00,1314.88,3463
2019-07-12 00:00:00,1373.88,3463
2019-07-14 00:00:00,824.33,3463
2019-07-13 00:00:00,899.07,3463
2019-07-12 00:00:00,1373.88,3463
2019-07-12 00:00:00,1373.88,3463
2019-07-11 00:00:00,1331.35,3463
2019-07-10 00:00:00,1319.46,3463
2019-07-09 00:00:00,1313.94,3464
2019-07-09 00:00:00,1313.94,3464
2019-07-08 00:00:00,1316.74,3464
2019-07-07 00:00:00,807.17,3464
2019-07-06 00:00:00,843.81,3465
2019-07-05 00:00:00,1314.88,3465
2019-07-05 00:00:00,1314.88,3465
2019-07-04 00:00:00,1262.78,3465
2019-07-03 00:00:00,1276.22,3465
2019-07-02 00:00:00,1268.34,3466
2019-07-01 00:00:00,1279.18,3466
2019-06-30 00:00:00,777.77,3466
2019-06-29 00:00:00,839.26,3466
2019-06-28 00:00:00,1314.08,3466
2019-06-27 00:00:00,1256.6,3466
2019-06-27 00:00:00,1256.6,3466
2019-06-26 00:00:00,1223.1,3466
2019-06-25 00:00:00,1237.29,3467
2019-06-24 00:00:00,1240.21,3467
2019-06-23 00:00:00,749.14,3467
2019-06-22 00:00:00,828.31,3468
2019-06-21 00:00:00,1293.37,3468
2019-06-20 00:00:00,1239.49,3468
2019-06-19 00:00:00,1243.86,3468
2019-06-18 00:00:00,1245.06,3468
2019-06-17 00:00:00,1251.33,3469
2019-06-16 00:00:00,713.45,3469
2019-06-15 00:00:00,821.4,3469
2019-06-14 00:00:00,1279.85,3469
2019-06-13 00:00:00,1221.74,3469
2019-06-12 00:00:00,1217.13,3469
2019-06-12 00:00:00,1217.13,3470
2019-06-11 00:00:00,1223.79,3470
2019-06-10 00:00:00,1219.67,3470
2019-06-09 00:00:00,747.48,3471
2019-06-08 00:00:00,720.25,3471
2019-06-07 00:00:00,789.15,3471
2019-06-07 00:00:00,789.15,3471
2019-06-06 00:00:00,1291.58,3471
2019-06-05 00:00:00,1229.20,3471
2019-06-05 00:00:00,1229.20,3472
2019-06-30 00:00:00,1196.92,3472
2019-06-03 00:00:00,1215.41,3472
2019-06-02 00:00:00,727.14,3473
2019-06-01 00:00:00,819.2,3473
2019-05-31 00:00:00,1265.06,3473
2019-05-29 00:00:00,1223.18,3474
2019-05-29 00:00:00,1223.18,3474
2019-05-28 00:00:00,1226.24,3474
2019-05-27 00:00:00,1235.21,3474
2019-05-26 00:00:00,663.38（含磁浮S1线1.63,3474
2019-05-25 00:00:00,841.06,3475
2019-05-24 00:00:00,1290.59,3475
2019-05-23 00:00:00,1228.43,3475
2019-05-22 00:00:00,1237.9,3475
2019-05-22 00:00:00,1237.9,3475
2019-05-21 00:00:00,1245.54,3475
2019-05-20 00:00:00,1252.41,3476
2019-05-19 00:00:00,762.31（含磁浮S1线1.85,3476
2019-05-18 00:00:00,818.64,3476
2019-05-17 00:00:00,1300.31,3476
2019-05-16 00:00:00,1239.99,3476
2019-05-15 00:00:00,1222.03,3476
2019-05-14 00:00:00,1225.02,3476
2019-05-13 00:00:00,1235.48,3477
2019-05-12 00:00:00,724.39（含磁浮S1线1.72,3477
2019-05-11 00:00:00,860.45,3477
2019-05-10 00:00:00,1297.78,3477
2019-05-09 00:00:00,1210.49,3477
2019-05-08 00:00:00,1229.72,3477
2019-05-07 00:00:00,1232.73,3477
2019-05-06 00:00:00,1222.29,3478
2019-05-05 00:00:00,1153.35,3478
2019-05-04 00:00:00,777.01,3478
2019-05-03 00:00:00,821.81,3478
2019-05-02 00:00:00,894.38,3479
2019-05-01 00:00:00,943.23,3479
2019-05-01 00:00:00,943.23,3479
2019-04-30 00:00:00,1332.88,3479
2019-04-30 00:00:00,1332.88,3479
2018-04-28 00:00:00,1278.14,3479
2019-04-29 00:00:00,1255.9,3480
2019-04-28 00:00:00,1193.29,3480
2019-04-27 00:00:00,772.9,3480
2019-04-26 00:00:00,1335.01,3480
2019-04-25 00:00:00,1278.15,3481
2019-04-24 00:00:00,1220.32,3481
2019-04-23 00:00:00,1251.98,3481
2019-04-22 00:00:00,1255.35,3481
2019-04-22 00:00:00,1255.35,3481
2019-04-21 00:00:00,816.51,3482
2019-04-20 00:00:00,817.02,3482
2019-04-19 00:00:00,1324.22,3482
2019-04-18 00:00:00,1264.99,3482
2019-04-17 00:00:00,1263.21,3483
2019-04-16 00:00:00,1266.83,3483
2019-04-15 00:00:00,1260.52,3483
2019-04-15 00:00:00,1260.52,3483
2019-04-14 00:00:00,823.9,3483
2019-04-13 00:00:00,877.62,3483
2019-04-12 00:00:00,1307.24,3483
2019-04-12 00:00:00,1307.24,3483
2019-04-11 00:00:00,1244.9,3484
2019-04-10 00:00:00,1241.28,3484
2019-04-09 00:00:00,1178.05,3484
2019-04-08 00:00:00,1225.57,3484
2019-04-07 00:00:00,812.79,3485
2019-04-06 00:00:00,866.83,3485
2019-04-05 00:00:00,921.51,3485
2019-04-06 00:00:00,866.83,3485
2019-04-05 00:00:00,921.51,3485
2019-04-04 00:00:00,1325.28,3486
2019-04-03 00:00:00,1242.85,3486
2019-04-02 00:00:00,1235.58,3486
2019-04-01 00:00:00,1236.85,3486
2019-04-01 00:00:00,1236.85,3486
2019-03-31 00:00:00,788.81,3487
2019-03-30 00:00:00,829.45,3487
2019-03-29 00:00:00,1306.7,3487
2019-03-29 00:00:00,1306.7,3487
2019-03-28 00:00:00,1229.15,3487
2019-03-27 00:00:00,1260.00,3487
2019-03-26 00:00:00,1254.84,3488
2019-03-23 00:00:00,895.27,3488
2019-03-25 00:00:00,1247.56,3488
2019-03-24 00:00:00,833.56,3488
2019-03-24 00:00:00,833.56,3488
2019-03-23 00:00:00,895.27,3488
2019-03-22 00:00:00,1324.9,3488
2019-03-22 00:00:00,1324.9,3488
2019-03-21 00:00:00,1233.84,3488
2019-03-21 00:00:00,1233.84,3489
2019-03-20 00:00:00,1217.78,3489
2019-03-20 00:00:00,1217.78,3489
2019-03-19 00:00:00,1234.43,3489
2019-03-18 00:00:00,1230.21,3489
2019-03-17 00:00:00,802.82,3489
2019-03-17 00:00:00,802.82,3490
2019-03-16 00:00:00,890.05,3490
2019-03-10 00:00:00,750.18,3490
2019-03-15 00:00:00,1306.99,3490
2019-03-15 00:00:00,1306.99,3490
2019-03-15 00:00:00,1306.99,3490
2019-03-14 00:00:00,1213.76,3490
2019-03-14 00:00:00,1213.76,3491
2019-03-13 00:00:00,1231.2,3491
2019-03-12 00:00:00,1228.14,3491
2019-03-11 00:00:00,1226.4,3491
2019-03-10 00:00:00,750.18,3491
2019-03-09 00:00:00,833.82,3492
2019-03-08 00:00:00,1346.08,3492
2019-03-08 00:00:00,1346.08,3492
2019-03-08 00:00:00,1346.08,3492
2019-03-08 00:00:00,1346.08,3492
2019-03-08 00:00:00,1346.08,3492
2019-03-07 00:00:00,1227.15,3493
2019-03-06 00:00:00,1220.59,3494
2019-03-05 00:00:00,1229.91,3494
2019-03-05 00:00:00,1229.91,3494
2019-03-04 00:00:00,1229.93,3494
2019-03-03 00:00:00,763.7,3494
2019-03-03 00:00:00,763.7,3495
2019-03-02 00:00:00,845.88,3495
2019-03-01 00:00:00,1303.68,3495
2019-03-01 00:00:00,1303.68,3495
2019-02-28 00:00:00,1221.49,3496
2019-02-27 00:00:00,1226.35,3496
2019-02-26 00:00:00,1215.83,3496
2019-02-25 00:00:00,1215.92,3497
2019-02-24 00:00:00,746.5,3497
2019-02-23 00:00:00,832.48,3498
2019-02-22 00:00:00,1253.10,3498
2019-02-21 00:00:00,1192.54,3499
2019-02-21 00:00:00,1192.54,3499
2019-02-20 00:00:00,1201.48,3499
2019-02-19 00:00:00,1185.28,3499
2019-02-19 00:00:00,1185.28,3500
2019-02-18 00:00:00,1143.21,3500
2019-02-17 00:00:00,656.91,3500
2019-02-16 00:00:00,671.43,3501
2019-02-15 00:00:00,1068.85,3501
2019-02-14 00:00:00,1067.44,3501
2019-02-14 00:00:00,1067.44,3501
2019-02-13 00:00:00,984.17,3502
2019-02-12 00:00:00,912,3502
2019-02-04 00:00:00,为最，再度上演‘’空城计‘’，断崖下跌千,3505
2019-01-22 00:00:00,1200.78,3510
2019-01-22 00:00:00,1200.78,3510
2019-01-06 00:00:00,地铁6号线慈寿寺站往西方向的列车车厢情况（图片1来自现场网友，图2为本周六北京6号线客运量情况，全日客运量61.6,3515
2019-01-04 00:00:00,1217.85（未含燕房线约1-2,3515
2019-01-04 00:00:00,1217.85（未含燕房线约1-2,3515
2018-12-30 00:00:00,一百多,3517
2018-12-25 00:00:00,继平安夜后再次突破1200,3519
2018-12-24 00:00:00,突破1200,3520
2018-12-22 00:00:00,位居第二，变为跌至北京之后居第三；南京比上周六下降近40,3521
2018-12-21 00:00:00,自今年11月22日小雪节气之后仍然未能再上1300,3521
2018-12-15 00:00:00,上海深度下调，北京最大回落近五百,3523
2018-12-03 00:00:00,1180.18,3525
2018-12-01 00:00:00,786.3,3526
2018-11-25 00:00:00,740.71,3527
2018-11-23 00:00:00,1272.41,3528
2018-11-23 00:00:00,1272.41,3528
2018-11-10 00:00:00,845.69,3532
2018-11-09 00:00:00,1292.6,3532
2018-11-08 00:00:00,1208.43,3532
2018-11-07 00:00:00,1208.53,3533
2018-11-06 00:00:00,1210.78,3533
2018-11-05 00:00:00,1213.95,3533
2018-11-04 00:00:00,682.82,3533
2018-11-03 00:00:00,828.58,3533
2018-11-02 00:00:00,1303.49,3533
2018-11-01 00:00:00,1226.04,3534
2018-10-31 00:00:00,1227.66,3534
2018-10-30 00:00:00,1229.86,3534
2018-10-29 00:00:00,1228.82,3534
2018-10-28 00:00:00,773.48,3534
2018-10-27 00:00:00,878.46,3534
2018-10-26 00:00:00,1311.9,3535
2018-10-25 00:00:00,1236.66,3535
2018-10-24 00:00:00,1248.41,3535
2018-10-24 00:00:00,1248.41,3535
2018-10-23 00:00:00,1249.56,3536
2018-10-22 00:00:00,1236,3536
2018-10-21 00:00:00,802.03,3536
2018-10-19 00:00:00,1320.73,3536
2018-10-20 00:00:00,889.75,3536
2018-10-19 00:00:00,1320.73,3536
2018-10-18 00:00:00,1251.77,3536
2018-10-17 00:00:00,1249.68,3537
2018-10-16 00:00:00,1235.34,3537
2018-10-15 00:00:00,1228.88,3537
2018-10-14 00:00:00,789.68,3537
2018-10-13 00:00:00,868.06,3537
2018-10-12 00:00:00,1294.11,3537
2018-10-11 00:00:00,1223.64,3537
2018-10-12 00:00:00,1294.11,3537
2018-10-11 00:00:00,1223.64,3537
2018-10-10 00:00:00,1200.64,3538
2018-10-09 00:00:00,1180.69,3538
2018-10-08 00:00:00,1144.8,3538
2018-10-07 00:00:00,747.72,3538
2018-10-06 00:00:00,724.91,3538
2018-10-05 00:00:00,712.7,3539
2018-10-04 00:00:00,741.39,3539
2018-10-03 00:00:00,778.45,3539
2018-10-02 00:00:00,806.93,3539
2018-10-02 00:00:00,806.93,3539
2018-10-02 00:00:00,806.93,3539
2018-10-01 00:00:00,823.84,3540
2018-09-30 00:00:00,1195.62,3540
2018-09-29 00:00:00,1171.47,3540
2018-09-28 00:00:00,1210.76,3540
2018-09-27 00:00:00,1195.23,3540
2018-09-26 00:00:00,1192.5,3540
2018-09-25 00:00:00,1192.95,3541
2018-09-24 00:00:00,782.6,3541
2018-09-23 00:00:00,805.2,3541
2018-09-22 00:00:00,864.09,3541
2018-09-20 00:00:00,1216.1,3542
2018-09-19 00:00:00,1213.96,3542
2018-09-18 00:00:00,1200.01,3542
2018-09-17 00:00:00,1202.76,3542
2018-09-16 00:00:00,817.14,3542
2018-09-16 00:00:00,817.14,3542
2018-09-15 00:00:00,852.11,3543
2018-09-14 00:00:00,1257.38,3543
2018-09-13 00:00:00,1193.12,3543
2018-09-12 00:00:00,1206.52,3543
2018-09-11 00:00:00,1202.3,3544
2018-09-10 00:00:00,1217,3544
2018-09-09 00:00:00,782.94,3544
2018-09-09 00:00:00,782.94,3544
2018-09-08 00:00:00,842.86,3544
2018-09-08 00:00:00,842.86,3544
2018-09-07 00:00:00,1268.6,3544
2018-09-06 00:00:00,1202.43,3544
2018-09-05 00:00:00,1212.59,3544
2018-09-04 00:00:00,1194.6,3544
2018-09-03 00:00:00,1191.75,3545
2018-09-02 00:00:00,683,3545
2018-09-01 00:00:00,782.17,3545
2023-07-08 00:00:00,两年客流数据均未含燕房线，但考虑2017年底燕房线开通后与既有网属并网运营，本线客流虽只有1-2,3545
2018-08-31 00:00:00,1252.36,3545
2018-08-30 00:00:00,1204.74,3545
2018-08-29 00:00:00,1231.16,3545
2018-08-28 00:00:00,1229.59,3545
2018-08-28 00:00:00,1229.59,3545
2018-08-27 00:00:00,1235.33,3545
2018-08-26 00:00:00,782.01,3546
2018-08-25 00:00:00,851.09,3546
2018-08-24 00:00:00,1297.55,3546
2018-08-23 00:00:00,1265.79,3546
2018-08-22 00:00:00,1263.74,3546
2018-08-21 00:00:00,1300.85,3547
2018-08-20 00:00:00,1291.31,3547
2018-08-19 00:00:00,797.1,3547
2018-08-18 00:00:00,876.7,3547
2018-08-18 00:00:00,876.7,3547
2018-08-17 00:00:00,1380.78,3547
2018-08-17 00:00:00,1380.78,3547
2018-08-16 00:00:00,1313.58,3547
2018-08-15 00:00:00,1308.49,3548
2018-08-14 00:00:00,1286.21,3548
2018-08-13 00:00:00,1279.01,3548
2018-08-12 00:00:00,782.71,3548
2018-08-11 00:00:00,831.06,3548
2018-08-10 00:00:00,1305.24,3548
2018-08-09 00:00:00,1279.95,3549
2018-08-08 00:00:00,1236.02,3549
2018-08-07 00:00:00,1261.53,3549
2018-08-06 00:00:00,1255.05,3549
2018-08-05 00:00:00,725.65,3549
2018-08-05 00:00:00,725.65,3549
2018-08-04 00:00:00,783.01,3550
2018-08-03 00:00:00,1263.92,3550
2018-08-02 00:00:00,1243.52,3550
2023-01-02 00:00:00,两年客流数据均未含燕房线，但考虑2017年底燕房线开通后与既有网属并网运营，本线客流虽只有1-2,3550
2018-08-01 00:00:00,1256.96,3550
2018-07-31 00:00:00,1262.96,3550
