日期,Unnamed: 0,最高气温,最低气温,天气,风向,Unnamed: 0,人数,页数,week,Unnamed: 0,AQI
2018-04-28,117,28,13,霾,2,2463,1278.14,3479,6,117,134.354
2018-07-31,211,36,26,晴,2,2701,1262.96,3550,2,211,95.479
2018-08-01,212,36,27,晴,2,2700,1256.96,3550,3,212,88.917
2018-08-02,213,36,27,晴,2,2698,1243.52,3550,4,213,112.378
2018-08-03,214,36,27,晴,2,2697,1263.92,3550,5,214,80.895
2018-08-04,215,36,26,晴,2,2696,783.01,3550,6,215,95.781
2018-08-05,216,33,27,雨,3,2694,725.65,3549,7,216,61.996
2018-08-06,217,29,23,多云,2,2693,1255.05,3549,1,217,51.535
2018-08-07,218,31,24,小雨到中雨,2,2692,1261.53,3549,2,218,78.237
2018-08-08,219,28,24,小雨到暴雨,2,2691,1236.02,3549,3,219,36.535
2018-08-09,220,33,24,多云,1,2690,1279.95,3549,4,220,44.415
2018-08-10,221,34,24,多云,2,2689,1305.24,3548,5,221,66.003
2018-08-11,222,30,25,雨,2,2688,831.06,3548,6,222,66.932
2018-08-12,223,29,26,小雨到暴风雨,3,2687,782.71,3548,7,223,66.416
2018-08-13,224,34,26,多云,2,2686,1279.01,3548,1,224,60.417
2018-08-14,225,28,24,小雨,2,2685,1286.21,3548,2,225,39.339
2018-08-15,226,32,24,晴,3,2684,1308.49,3548,3,226,34.537
2018-08-16,227,32,23,多云,2,2683,1313.58,3547,4,227,38.114
2018-08-17,228,31,22,晴,2,2681,1380.78,3547,5,228,68.304
2018-08-18,229,27,22,小雨到中雨,2,2679,876.7,3547,6,229,34.908
2018-08-19,230,26,23,小雨转多云,2,2678,797.1,3547,7,230,39.145
2018-08-20,231,33,23,晴,2,2677,1291.31,3547,1,231,42.663
2018-08-21,232,33,21,多云,3,2676,1300.85,3547,2,232,38.148
2018-08-22,233,29,21,晴,2,2675,1263.74,3546,3,233,50.142
2018-08-23,234,32,24,晴,3,2674,1265.79,3546,4,234,43.889
2018-08-24,235,32,21,晴,2,2673,1297.55,3546,5,235,40.279
2018-08-25,236,31,20,多云,2,2672,851.09,3546,6,236,63.86
2018-08-26,237,31,22,晴,2,2671,782.01,3546,7,237,84.98
2018-08-27,238,30,23,多云,2,2670,1235.33,3545,1,238,95.853
2018-08-28,239,30,22,晴,2,2668,1229.59,3545,2,239,77.796
2018-08-29,240,32,23,多云,2,2667,1231.16,3545,3,240,37.442
2018-08-30,241,28,20,多云,2,2666,1204.74,3545,4,241,38.437
2018-08-31,242,29,20,多云,2,2665,1252.36,3545,5,242,38.84
2018-09-01,243,28,19,中雨,2,2663,782.17,3545,6,243,62.321
2018-09-03,245,32,20,晴,3,2322,1191.75,3448,1,245,50.373
2018-09-04,246,30,20,晴,3,2660,1194.6,3544,2,246,26.169
2018-09-05,247,31,18,晴,2,2659,1212.59,3544,3,247,37.215
2018-09-06,248,27,20,晴,3,2658,1202.43,3544,4,248,38.47
2018-09-07,249,27,18,晴,3,2657,1268.6,3544,5,249,24.121
2018-09-08,250,27,16,晴,2,2655,842.86,3544,6,250,32.037
2018-09-09,251,28,15,晴,2,2653,782.94,3544,7,251,52.072
2018-09-11,253,26,18,多云,2,2651,1202.3,3544,2,253,68.59
2018-09-12,254,29,19,多云,2,2650,1206.52,3543,3,254,64.89
2018-09-13,255,29,18,多云,2,2649,1193.12,3543,4,255,104.375
2018-09-14,256,28,20,多云,2,2648,1257.38,3543,5,256,128.808
2018-09-15,257,26,20,多云,3,2647,852.11,3543,6,257,39.77
2018-09-16,258,25,16,晴,2,2645,817.14,3542,7,258,32.742
2018-09-17,259,27,14,多云,2,2644,1202.76,3542,1,259,42.273
2018-09-18,260,25,16,多云,2,2643,1200.01,3542,2,260,52.711
2018-09-19,261,25,17,多云,1,2642,1213.96,3542,3,261,60.591
2018-09-20,262,27,15,晴,2,2641,1216.1,3542,4,262,71.274
2018-09-22,264,24,14,晴,3,2640,864.09,3541,6,264,29.94
2018-09-23,265,24,13,晴,3,2311,805.2,3444,7,265,29.577
2018-09-24,266,23,12,晴,2,2638,782.6,3541,1,266,32.686
2018-09-25,267,24,11,晴,2,2637,1192.95,3541,2,267,47.782
2018-09-26,268,24,12,晴,2,2636,1192.5,3540,3,268,55.481
2018-09-27,269,22,14,多云,2,2635,1195.23,3540,4,269,90.391
2018-09-28,270,24,13,晴,2,2634,1210.76,3540,5,270,78.451
2018-09-29,271,21,10,晴,3,2633,1171.47,3540,6,271,22.178
2018-09-30,272,19,8,晴,4,2290,1195.62,3439,7,272,25.305
2018-10-01,273,25,13,晴,3,2631,823.84,3540,1,273,26.652
2018-10-02,274,24,12,晴,2,2628,806.93,3539,2,274,35.599
2018-10-03,275,26,11,晴,2,2627,778.45,3539,3,275,43.138
2018-10-04,276,25,10,晴,2,2626,741.39,3539,4,276,72.518
2018-10-05,277,24,12,多云,2,2625,712.7,3539,5,277,108.122
2018-10-06,278,20,12,晴,4,2624,724.91,3538,6,278,32.17
2018-10-07,279,21,8,晴,2,2623,747.72,3538,7,279,39.698
2018-10-08,280,21,5,多云,2,2622,1144.8,3538,1,280,42.167
2018-10-09,281,16,8,晴,4,2621,1180.69,3538,2,281,21.465
2018-10-10,282,17,3,晴,2,2620,1200.64,3538,3,282,28.036
2018-10-11,283,18,4,晴,2,2617,1223.64,3537,4,283,34.436
2018-10-12,284,18,13,阴,2,2616,1294.11,3537,5,284,69.022
2018-10-13,285,20,7,晴,1,2615,868.06,3537,6,285,115.381
2018-10-14,286,20,8,霾,1,2614,789.68,3537,7,286,189.212
2018-10-15,287,17,10,多云,2,2613,1228.88,3537,1,287,201.744
2018-10-16,288,17,7,晴,2,2612,1235.34,3537,2,288,87.473
2018-10-17,289,18,7,晴,1,2611,1249.68,3537,3,289,55.4
2018-10-18,290,18,4,阴,1,2610,1251.77,3536,4,290,56.702
2018-10-19,291,19,5,晴,1,2607,1320.73,3536,5,291,68.311
2018-10-20,292,18,5,晴,1,2608,889.75,3536,6,292,93.437
2018-10-21,293,17,7,晴,1,2606,802.03,3536,7,293,153.898
2018-10-23,295,19,5,晴,2,2604,1249.56,3536,2,295,40.528
2018-10-24,296,21,4,多云,1,2602,1248.41,3535,3,296,77.903
2018-10-25,297,16,6,晴,2,2601,1236.66,3535,4,297,127.409
2018-10-26,298,14,8,晴,4,2600,1311.9,3535,5,298,47.987
2018-10-27,299,17,3,晴,3,2599,878.46,3534,6,299,44.334
2018-10-28,300,18,5,晴,3,2598,773.48,3534,7,300,37.104
2018-10-29,301,15,4,晴,3,2597,1228.82,3534,1,301,30.339
2018-10-30,302,16,3,晴,2,2596,1229.86,3534,2,302,42.522
2018-10-31,303,17,1,晴,1,2595,1227.66,3534,3,303,56.178
2018-11-01,304,17,3,晴,1,2594,1226.04,3534,4,304,88.766
2018-11-02,305,15,3,晴,1,2593,1303.49,3533,5,305,162.878
2018-11-03,306,16,4,多云,2,2592,828.58,3533,6,306,213.594
2018-11-04,307,11,5,多云,2,2591,682.82,3533,7,307,116.76
2018-11-05,308,10,2,晴,1,2590,1213.95,3533,1,308,38.069
2018-11-06,309,12,2,晴,2,2589,1210.78,3533,2,309,38.946
2018-11-07,310,12,0,多云,1,2588,1208.53,3533,3,310,59.032
2018-11-08,311,14,2,晴,1,2587,1208.43,3532,4,311,99.413
2018-11-09,312,16,2,晴,3,2586,1292.6,3532,5,312,68.238
2018-11-10,313,11,1,阴,1,2585,845.69,3532,6,313,43.005
2018-11-23,326,7,-3,晴,2,2583,1272.41,3528,5,326,99.234
2018-11-25,328,10,-3,晴,1,2582,740.71,3527,7,328,132.231
2018-12-01,334,7,-3,阴,1,2581,786.3,3526,6,334,175.716
2018-12-03,336,8,1,多云,3,2580,1180.18,3525,1,336,186.127
2019-01-22,386,10,-4,晴,2,2569,1200.78,3510,2,386,61.57
2019-02-13,408,0,-6,阴,2,2566,984.17,3502,3,408,42.062
2019-02-14,409,-2,-6,多云,2,2564,1067.44,3501,4,409,72.121
2019-02-15,410,1,-6,晴,3,2563,1068.85,3501,5,410,31.547
2019-02-16,411,2,-7,晴,3,2562,671.43,3501,6,411,23.431
2019-02-17,412,5,0,阴,2,2561,656.91,3500,7,412,29.0
2019-02-18,413,3,-3,阴,1,2560,1143.21,3500,1,413,56.569
2019-02-19,414,6,-3,晴,1,2558,1185.28,3499,2,414,141.857
2019-02-20,415,7,-3,霾,2,2557,1201.48,3499,3,415,78.443
2019-02-21,416,10,-4,霾,1,2555,1192.54,3499,4,416,132.874
2019-02-22,417,10,-3,多云,1,2554,1253.1,3498,5,417,150.831
2019-02-23,418,12,-2,霾,1,2553,832.48,3498,6,418,176.142
2019-02-24,419,12,-1,阴,2,2552,746.5,3497,7,419,121.366
2019-02-25,420,10,-3,多云,2,2551,1215.92,3497,1,420,77.248
2019-02-26,421,9,2,多云,2,2550,1215.83,3496,2,421,74.457
2019-02-27,422,23,18,多云,3,2549,1226.35,3496,3,422,114.637
2019-02-28,423,13,-2,霾,1,2548,1221.49,3496,4,423,117.308
2019-03-01,424,14,-1,霾,1,2546,1303.68,3495,5,424,167.555
2019-03-02,425,14,1,阴,2,2545,845.88,3495,6,425,231.019
2019-03-03,426,13,2,晴,2,2543,763.7,3494,7,426,209.299
2019-03-04,427,15,2,霾,1,2542,1229.93,3494,1,427,146.299
2019-03-05,428,17,3,晴,3,2540,1229.91,3494,2,428,119.914
2019-03-06,429,11,4,晴,3,2539,1220.59,3494,3,429,30.233
2019-03-07,430,13,-2,晴,2,2538,1227.15,3493,4,430,42.578
2019-03-08,431,14,-1,多云,2,2533,1346.08,3492,5,431,84.906
2019-03-09,432,12,3,多云,1,2532,833.82,3492,6,432,110.041
2019-03-10,433,13,2,多云,2,2522,750.18,3490,7,433,141.617
2019-03-11,434,16,2,晴,3,2530,1226.4,3491,1,434,60.76
2019-03-12,435,12,1,晴,3,2529,1228.14,3491,2,435,28.138
2019-03-13,436,16,1,晴,2,2528,1231.2,3491,3,436,32.792
2019-03-14,437,16,2,晴,3,2526,1213.76,3490,4,437,38.974
2019-03-15,438,14,4,晴,3,2523,1306.99,3490,5,438,45.556
2019-03-16,439,19,2,晴,2,2521,890.05,3490,6,439,56.62
2019-03-17,440,20,2,多云,2,2519,802.82,3489,7,440,75.206
2019-03-18,441,21,5,晴,1,2518,1230.21,3489,1,441,130.066
2019-03-19,442,25,5,多云,2,2517,1234.43,3489,2,442,160.659
2019-03-20,443,20,9,多云,2,2515,1217.78,3489,3,443,95.457
2019-03-21,444,13,5,晴,3,2513,1233.84,3488,4,444,30.898
2019-03-22,445,15,0,晴,3,2511,1324.9,3488,5,445,36.724
2019-03-23,446,12,3,晴,3,2506,895.27,3488,6,446,36.478
2019-03-24,447,19,2,晴,3,2508,833.56,3488,7,447,70.094
2019-03-25,448,22,5,晴,2,2507,1247.56,3488,1,448,59.648
2019-03-26,449,19,5,晴,2,2505,1254.84,3488,2,449,85.573
2019-03-27,450,21,4,多云,2,2504,1260.0,3487,3,450,102.652
2019-03-28,451,11,4,晴,2,2503,1229.15,3487,4,451,59.31
2019-03-29,452,12,-3,多云,3,2501,1306.7,3487,5,452,79.238
2019-03-30,453,12,4,晴,4,2500,829.45,3487,6,453,31.215
2019-03-31,454,16,0,多云,2,2499,788.81,3487,7,454,37.381
2019-04-01,455,16,2,多云,2,2497,1236.85,3486,1,455,40.471
2019-04-02,456,19,4,晴,2,2496,1235.58,3486,2,456,58.525
2019-04-03,457,21,3,晴,2,2495,1242.85,3486,3,457,79.802
2019-04-04,458,28,9,晴,3,2494,1325.28,3486,4,458,111.11
2019-04-05,459,21,9,多云,3,2491,921.51,3485,5,459,212.564
2019-04-06,460,19,8,晴,2,2490,866.83,3485,6,460,137.727
2019-04-07,461,19,6,多云,2,2489,812.79,3485,7,461,80.444
2019-04-08,462,17,6,阴,2,2488,1225.57,3484,1,462,64.756
2019-04-09,463,10,5,多云,2,2487,1178.05,3484,2,463,43.567
2019-04-10,464,18,3,多云,2,2486,1241.28,3484,3,464,44.105
2019-04-11,465,19,8,晴,2,2485,1244.9,3484,4,465,65.935
2019-04-12,466,22,6,晴,3,2483,1307.24,3483,5,466,84.938
2019-04-13,467,23,9,晴,2,2482,877.62,3483,6,467,118.757
2019-04-14,468,23,7,晴,3,2481,823.9,3483,7,468,59.917
2019-04-15,469,26,8,多云,2,2479,1260.52,3483,1,469,83.019
2019-04-16,470,26,12,晴,2,2478,1266.83,3483,2,470,98.763
2019-04-17,471,28,14,晴,3,2477,1263.21,3483,3,471,137.343
2019-04-18,472,23,13,多云,3,2476,1264.99,3482,4,472,127.17
2019-04-19,473,20,10,阴转雨,2,2475,1324.22,3482,5,473,63.504
2019-04-20,474,15,10,阴,2,2474,817.02,3482,6,474,63.499
2019-04-21,475,22,8,晴,2,2473,816.51,3482,7,475,115.125
2019-04-22,476,26,8,晴转多云,2,2471,1255.35,3481,1,476,132.348
2019-04-23,477,27,14,晴转多云,2,2470,1251.98,3481,2,477,122.431
2019-04-24,478,19,5,大雨转雨,3,2469,1220.32,3481,3,478,64.318
2019-04-25,479,18,10,小雨到大雨转雨,2,2468,1278.15,3481,4,479,30.002
2019-04-26,480,20,8,多云,2,2467,1335.01,3480,5,480,38.202
2019-04-27,481,16,8,多云,3,2466,772.9,3480,6,481,52.792
2019-04-28,482,18,5,多云,2,2465,1193.29,3480,7,482,63.168
2019-04-29,483,31,22,阴转多云,2,2464,1255.9,3480,1,483,135.694
2019-04-30,484,23,10,多云,1,2461,1332.88,3479,2,484,97.492
2019-05-01,485,28,12,晴,2,2459,943.23,3479,3,485,43.076
2019-05-02,486,29,12,晴,2,2458,894.38,3479,4,486,59.011
2019-05-03,487,20,8,多云,2,2457,821.81,3478,5,487,84.945
2019-05-04,488,28,16,晴转多云,2,2456,777.01,3478,6,488,82.326
2019-05-05,489,23,16,晴,4,2455,1153.35,3478,7,489,56.478
2019-05-06,490,25,10,晴,2,2454,1222.29,3478,1,490,45.663
2019-05-07,491,28,10,多云,2,2453,1232.73,3477,2,491,53.03
2019-05-08,492,25,14,晴转多云,2,2452,1229.72,3477,3,492,74.305
2019-05-09,493,30,14,晴转多云,2,2451,1210.49,3477,4,493,70.19
2019-05-10,494,30,14,晴转多云,2,2450,1297.78,3477,5,494,88.565
2019-05-11,495,29,14,晴转多云,2,2449,860.45,3477,6,495,104.495
2019-05-13,497,26,9,晴,3,2447,1235.48,3477,1,497,62.996
2019-05-14,498,29,12,多云,2,2446,1225.02,3476,2,498,86.559
2019-05-15,499,28,16,晴,2,2445,1222.03,3476,3,499,133.08
2019-05-16,500,32,16,晴,2,2444,1239.99,3476,4,500,105.61
2019-05-17,501,31,19,阴转雨,2,2443,1300.31,3476,5,501,113.13
2019-05-18,502,28,19,晴转雨,2,2442,818.64,3476,6,502,52.352
2019-05-20,504,26,12,晴,4,2440,1252.41,3476,1,504,44.567
2019-05-21,505,32,13,晴,2,2439,1245.54,3475,2,505,42.977
2019-05-22,506,35,14,晴,2,2437,1237.9,3475,3,506,56.048
2019-05-23,507,37,17,多云,2,2436,1228.43,3475,4,507,85.429
2019-05-24,508,33,21,多云,3,2435,1290.59,3475,5,508,89.169
2019-05-25,509,34,21,阴转雨,2,2434,841.06,3475,6,509,98.306
2019-05-27,511,29,17,晴转多云,3,2432,1235.21,3474,1,511,30.187
2019-05-28,512,32,15,晴,2,2431,1226.24,3474,2,512,41.899
2019-05-29,513,32,16,多云,2,2429,1223.18,3474,3,513,62.934
2019-05-31,515,30,16,阴,3,2428,1265.06,3473,5,515,38.469
2019-06-01,516,28,19,多云转雨,2,2427,819.2,3473,6,516,64.801
2019-06-02,517,29,18,小雨转多云,2,2426,727.14,3473,7,517,75.455
2019-06-03,518,33,20,晴转多云,2,2425,1215.41,3472,1,518,62.935
2019-06-05,520,31,19,小雨转雨,2,2422,1229.2,3471,3,520,74.224
2019-06-06,521,25,19,晴转多云,2,2421,1291.58,3471,4,521,74.996
2019-06-07,522,31,17,阴,2,2419,789.15,3471,5,522,84.279
2019-06-08,523,33,20,多云转晴,2,2418,720.25,3471,6,523,67.185
2019-06-09,524,30,21,晴,3,2417,747.48,3471,7,524,30.408
2019-06-10,525,32,17,晴,2,2416,1219.67,3470,1,525,60.447
2019-06-11,526,31,18,晴转多云,2,2415,1223.79,3470,2,526,92.637
2019-06-12,527,30,20,阴,2,2413,1217.13,3469,3,527,70.583
2019-06-13,528,28,23,晴转雨,2,2412,1221.74,3469,4,528,59.319
2019-06-14,529,33,19,晴转多云,2,2411,1279.85,3469,5,529,64.432
2019-06-15,530,31,20,阴转多云,2,2410,821.4,3469,6,530,60.655
2019-06-16,531,23,19,晴转多云,2,2409,713.45,3469,7,531,40.16
2019-06-17,532,28,17,多云,2,2408,1251.33,3469,1,532,71.132
2019-06-18,533,32,20,阴转雨,2,2407,1245.06,3468,2,533,98.7
2019-06-19,534,30,22,阴,2,2406,1243.86,3468,3,534,105.516
2019-06-20,535,34,22,晴转多云,2,2405,1239.49,3468,4,535,102.317
2019-06-21,536,30,24,多云,3,2404,1293.37,3468,5,536,83.911
2019-06-22,537,34,20,晴转多云,2,2403,828.31,3468,6,537,59.644
2019-06-23,538,35,22,多云,2,2402,749.14,3467,7,538,91.125
2019-06-24,539,36,23,多云转晴,2,2401,1240.21,3467,1,539,81.915
2019-06-25,540,35,23,晴转多云,3,2400,1237.29,3467,2,540,96.505
2019-06-26,541,34,25,多云转阴,2,2399,1223.1,3466,3,541,85.089
2019-06-27,542,32,23,多云,2,2397,1256.6,3466,4,542,86.528
2019-06-28,543,30,24,晴,2,2396,1314.08,3466,5,543,56.315
2019-06-29,544,34,22,晴,3,2395,839.26,3466,6,544,41.943
2019-06-30,545,32,23,晴,3,2394,777.77,3466,7,545,26.718
2019-07-01,546,34,21,多云,2,2393,1279.18,3466,1,546,38.116
2019-07-02,547,33,22,晴,2,2392,1268.34,3466,2,547,62.029
2019-07-03,548,35,22,晴,2,2391,1276.22,3465,3,548,56.947
2019-07-04,549,37,24,多云,2,2390,1262.78,3465,4,549,86.379
2019-07-05,550,29,20,多云转雨,3,2388,1314.88,3465,5,550,52.682
2019-07-06,551,27,19,小雨到中雨,3,2387,843.81,3465,6,551,24.466
2019-07-07,552,28,21,多云,3,2386,807.17,3464,7,552,28.529
2019-07-08,553,30,21,阴,2,2385,1316.74,3464,1,553,44.322
2019-07-09,554,28,22,多云转雨,2,2383,1313.94,3464,2,554,50.494
2019-07-10,555,21,17,多云转雨,2,2382,1319.46,3463,3,555,63.046
2019-07-11,556,29,20,晴转多云,2,2381,1331.35,3463,4,556,50.776
2019-07-12,557,32,22,晴,2,173,1373.88,447,5,557,62.278
2019-07-13,558,33,21,大雨转雨,2,2378,899.07,3463,6,558,86.786
2019-07-14,559,31,24,晴,2,2377,824.33,3463,7,559,50.174
2019-07-15,560,35,23,多云转阴,2,2375,1314.88,3463,1,560,92.009
2019-07-16,561,31,24,小雨转雨,2,2374,1323.22,3462,2,561,61.545
2019-07-17,562,27,23,小雨转雨,2,2373,1310.91,3462,3,562,64.266
2019-07-18,563,31,24,多云,2,2372,1308.93,3462,4,563,87.185
2019-07-19,564,29,26,多云,3,2371,1339.49,3462,5,564,80.354
2019-07-20,565,30,24,晴,2,2370,872.197,3462,6,565,76.961
2019-07-21,566,36,24,多云转阴,2,2369,795.66,3461,7,566,98.507
2019-07-22,567,35,24,小雨到大雨,2,1718,1283.7,3149,1,567,100.723
2019-07-23,568,35,26,晴,2,2367,1298.4,3461,2,568,50.738
2019-07-24,569,36,26,阴,2,1712,1280.9,3146,3,569,63.965
2019-07-25,570,36,25,多云转晴,3,1710,1276.03,3145,4,570,61.075
2019-07-26,571,36,27,晴,2,1707,1308.16,3143,5,571,71.855
2019-07-27,572,36,26,多云转晴,3,1701,819.76,3141,6,572,119.108
2019-07-28,573,33,26,小雨到中雨,2,1697,760.92,3140,7,573,76.966
2019-07-29,574,28,24,多云,2,1695,1223.79,3139,1,574,27.389
2019-07-30,575,34,22,晴转雨,2,1691,1298.49,3137,2,575,46.28
2019-07-31,576,35,25,多云转晴,2,1686,1286.25,3136,3,576,58.927
2019-08-01,577,31,25,多云转雨,2,1681,1280.93,3135,4,577,66.895
2019-08-02,578,30,25,多云,2,1676,1303.35,3133,5,578,47.4
2019-08-03,579,30,24,多云,2,1671,858.63,3132,6,579,55.636
2019-08-04,580,28,24,阴转雨,2,835,788.49,2209,7,580,55.879
2019-08-05,581,28,24,多云,2,832,1280.61,2205,1,581,44.163
2019-08-06,582,30,24,多云转雨,2,1660,1312.95,3128,2,582,59.728
2019-08-07,583,29,24,多云转晴,2,1578,1346.2,3092,3,583,41.299
2019-08-08,584,32,24,阴,2,1654,1298.09,3125,4,584,56.496
2019-08-09,585,31,24,小雨到暴雨,2,1650,1309.96,3123,5,585,58.783
2019-08-10,586,28,24,多云转雨,2,1644,873.56,3122,6,586,35.009
2019-08-11,587,26,21,风转雨,5,2348,790.83,3456,7,587,25.733
2019-08-12,588,30,23,多云转雨,3,1637,1291.5,3120,1,588,23.907
2019-08-13,589,28,23,多云转晴,3,1632,1329.25,3118,2,589,23.453
2019-08-14,590,31,22,晴,2,1630,1320.32,3117,3,590,33.607
2019-08-15,591,32,23,多云转雨,2,1626,1294.52,3115,4,591,48.295
2019-08-16,592,31,23,晴,3,1622,1358.63,3114,5,592,25.942
2019-08-17,593,29,16,多云,1,2341,933.98,3454,6,593,28.42
2019-08-18,594,32,20,晴转多云,2,1608,843.61,3110,7,594,44.622
2019-08-19,595,31,21,阴,2,1606,1310.19,3108,1,595,72.919
2019-08-20,596,27,21,多云,3,1603,1285.84,3105,2,596,70.87
2019-08-21,597,30,19,晴转多云,3,1599,1354.65,3103,3,597,45.883
2019-08-22,598,32,19,晴转多云,2,1596,1336.28,3101,4,598,36.586
2019-08-23,599,30,20,阴,2,1594,1369.96,3100,5,599,36.331
2019-08-24,600,30,19,晴,2,1587,940.08,3098,6,600,50.754
2019-08-25,601,30,18,多云转晴,3,1584,845.19,3096,7,601,52.368
2019-08-26,602,27,20,多云,2,1581,1279.44,3095,1,602,102.721
2019-08-27,603,33,19,晴,2,2330,1285.26,3451,2,603,56.068
2019-08-28,604,31,20,多云转晴,3,2329,1275.74,3450,3,604,31.498
2019-08-29,605,29,20,晴,3,2328,1266.64,3450,4,605,24.778
2019-08-30,606,30,19,晴,2,1568,1290.44,3087,5,606,25.664
2019-08-31,607,31,17,晴,2,2326,831.56,3449,6,607,43.762
2019-09-01,608,32,19,晴,2,1562,735.61,3085,7,608,55.472
2019-09-02,609,33,19,晴,2,1557,1200.63,3082,1,609,67.263
2019-09-03,610,32,19,晴,2,1555,1204.36,3080,2,610,88.985
2019-09-04,611,31,20,多云,2,1551,1203.05,3079,3,611,87.305
2019-09-05,612,32,19,晴,2,1547,1201.06,3078,4,612,80.558
2019-09-06,613,32,20,晴,2,1517,1270.85,3064,5,613,86.352
2019-09-07,614,33,21,晴转多云,2,1540,812.38,3074,6,614,86.69
2019-09-08,615,34,21,多云,2,1537,744.56,3072,7,615,73.512
2019-09-09,616,31,20,大雨到暴雨,2,1535,1208.71,3071,1,616,93.486
2019-09-10,617,24,20,阴,2,1532,1196.69,3069,2,617,21.54
2019-09-11,618,25,18,多云,2,2314,1223.68,3445,3,618,30.187
2019-09-12,619,26,18,小雨转雨,2,2313,1323.4,3445,4,619,32.355
2019-09-13,620,27,18,多云,2,2312,796.45,3444,5,620,40.276
2019-09-14,621,29,17,多云,2,2310,740.93,3444,6,621,31.963
2019-09-15,622,28,17,晴,2,2309,748.27,3444,7,622,51.01
2019-09-16,623,27,17,多云,2,1496,1199.14,3058,1,623,45.457
2019-09-17,624,28,16,晴,2,1492,1207.37,3056,2,624,55.902
2019-09-18,625,25,15,多云,2,2306,1206.73,3443,3,625,29.481
2019-09-19,626,25,17,多云转晴,2,1485,1194.31,3054,4,626,53.138
2019-09-20,627,27,16,晴转多云,1,1482,1258.6,3052,5,627,56.79
2019-09-21,628,27,16,晴,2,1469,798.06,3048,6,628,85.018
2019-09-22,629,27,16,晴,1,2301,721.1,3442,7,629,97.165
2019-09-23,630,29,17,晴,2,1457,1189.65,3044,1,630,57.514
2019-09-24,631,30,18,晴,2,1454,1189.55,3042,2,631,39.61
2019-09-25,632,29,15,晴,2,1450,1186.64,3039,3,632,54.88
2019-09-26,633,29,15,晴,2,1446,1184.0,3038,4,633,62.561
2019-09-27,634,27,15,晴,2,1443,1214.02,3036,5,634,78.176
2019-09-28,635,29,16,晴,2,1434,778.56,3033,6,635,81.287
2019-09-29,636,28,17,晴,2,1431,1079.66,3031,7,636,89.187
2019-09-30,637,29,19,晴,2,1442,981.49,3036,1,637,98.892
2019-10-02,639,28,18,晴,2,2284,734.64,3436,3,638,72.556
2019-10-03,640,31,17,晴转多云,2,2283,750.28,3436,4,639,89.855
2019-10-04,641,15,12,晴转多云,2,2281,611.95,3436,5,640,25.163
2019-10-05,642,18,9,阴,2,1397,757.37,3010,6,641,19.854
2019-10-06,643,19,9,晴转多云,2,2276,733.32,3434,7,642,36.486
2019-10-07,644,24,10,晴,2,1382,746.3,3006,1,643,56.37
2019-10-08,645,20,11,晴转多云,3,2270,1161.36,3433,2,644,26.173
2019-10-09,646,21,9,阴,2,2267,1196.85,3433,3,645,52.909
2019-10-10,647,20,12,阴,2,2265,1206.7,3432,4,646,62.867
2019-10-11,648,18,12,多云,2,2263,1215.04,3432,5,647,69.307
2019-10-12,649,18,13,阴,2,2261,1187.1,3431,6,648,59.533
2019-10-13,650,13,6,晴,2,2259,720.33,3431,7,649,48.12
2019-10-14,651,15,6,晴转多云,2,2257,1243.12,3430,1,650,25.999
2019-10-15,652,17,3,多云转阴,1,2255,1253.77,3430,2,651,35.853
2019-10-16,653,15,6,阴,2,2253,1252.33,3430,3,652,46.119
2019-10-17,654,13,9,阴转多云,1,2251,1240.69,3429,4,653,71.671
2019-10-18,655,17,6,晴,1,2248,1340.04,3428,5,654,76.296
2019-10-19,656,18,8,霾转晴,2,2246,920.75,3427,6,655,153.033
2019-10-20,657,22,11,晴,3,2244,848.02,3427,7,656,139.188
2019-10-21,658,20,8,晴转多云,2,2242,1257.45,3426,1,657,50.829
2019-10-22,659,19,6,阴转多云,1,2239,1252.6,3426,2,658,75.402
2019-10-23,660,20,8,晴转多云,1,2237,1258.74,3425,3,659,104.894
2019-10-24,661,16,9,晴,3,2234,1221.14,3425,4,660,97.725
2019-10-25,662,13,4,晴转多云,3,1319,1340.5,2974,5,661,23.556
2019-10-26,663,16,1,晴,2,2230,897.42,3424,6,662,50.065
2019-10-27,664,17,4,晴,2,2228,814.31,3423,7,663,75.505
2019-10-28,665,15,4,晴,4,2226,1210.25,3423,1,664,99.442
2019-10-29,666,15,4,晴,1,2224,1226.01,3422,2,665,64.74
2019-10-30,667,20,4,晴,2,2222,1235.9,3422,3,666,87.795
2019-10-31,668,22,8,晴,2,2220,1242.93,3421,4,667,70.022
2019-11-01,669,17,7,阴,2,2218,1320.41,3421,5,668,63.347
2019-11-02,670,13,9,多云转阴,2,2216,833.95,3420,6,669,52.552
2019-11-03,671,13,8,晴,2,2214,792.87,3420,7,670,53.924
2019-11-04,672,15,5,晴,1,2212,1236.66,3419,1,671,72.047
2019-11-05,673,17,7,阴,2,2210,1231.14,3419,2,672,69.163
2019-11-06,674,15,6,晴,1,2208,1235.24,3419,3,673,70.993
2019-11-07,675,12,6,晴,2,1276,1235.63,2948,4,674,51.281
2019-11-08,676,16,1,晴,1,2204,1330.04,3418,5,675,64.521
2019-11-09,677,13,4,中雨转雨,1,2202,889.91,3418,6,676,118.888
2019-11-10,678,16,8,晴,4,2200,773.39,3417,7,677,81.689
2019-11-11,679,16,7,晴转多云,2,2199,1225.2,3416,1,678,51.65
2019-11-12,680,17,5,多云,2,2197,1212.21,3416,2,679,79.39
2019-11-13,681,8,0,晴,4,2195,1195.57,3415,3,680,50.059
2019-11-14,682,8,-3,晴转多云,2,2193,1208.73,3415,4,681,54.869
2019-11-15,683,8,0,阴,2,2191,1291.09,3414,5,682,67.484
2019-11-16,684,8,2,多云转阴,2,1243,823.83,2933,6,683,70.518
2019-11-17,685,10,0,晴,3,1238,735.08,2932,7,684,141.208
2019-11-18,686,3,-3,晴,4,1234,1200.41,2930,1,685,74.268
2019-11-19,687,5,-3,晴转多云,2,2182,1209.1,3412,2,686,55.506
2019-11-20,688,7,-3,晴转多云,1,2181,1222.72,3412,3,687,90.785
2019-11-21,689,6,-2,晴,1,1226,1210.1,2923,4,688,121.428
2019-11-22,690,9,-1,霾转多云,1,2177,1282.82,3411,5,689,179.082
2019-11-23,691,12,2,多云,2,2176,806.2,3411,6,690,183.908
2019-11-24,692,6,0,晴,4,1213,723.86,2915,7,691,34.927
2019-11-25,693,2,-4,晴转多云,2,2172,1211.84,3410,1,692,31.702
2019-11-26,694,4,-4,晴转多云,1,2170,1210.79,3410,2,693,65.431
2019-11-27,695,3,-2,晴,2,2168,1214.06,3409,3,694,28.824
2019-11-28,696,2,-6,多云转晴,1,2166,1212.55,3409,4,695,61.023
2019-11-29,697,1,-5,雪,2,2164,1290.05,3409,5,696,81.609
2019-11-30,698,4,-3,阴,2,2162,816.19,3408,6,697,82.908
2019-12-01,699,3,-4,晴,3,2161,732.8,3408,7,698,32.953
2019-12-02,700,3,-4,晴,3,2160,1200.65,3408,1,699,28.742
2019-12-03,701,6,-3,晴,2,2157,1179.92,3407,2,700,46.945
2019-12-04,702,8,-2,晴,2,1183,1206.07,2892,3,701,38.336
2019-12-05,703,1,-4,晴,2,1179,1202.59,2889,4,702,41.866
2019-12-06,704,3,-6,晴,1,2150,1282.81,3406,5,703,75.638
2019-12-07,705,4,-4,多云,1,2148,794.08,3405,6,704,78.04
2019-12-08,706,1,-6,霾转晴,1,2146,717.5,3405,7,705,181.36
2019-12-09,707,2,-6,霾,1,2144,1204.33,3405,1,706,218.452
2019-12-10,708,8,-4,晴,3,2142,1199.31,3404,2,707,136.457
2019-12-11,709,21,9,晴,2,2140,1199.28,3404,3,708,31.56
2019-12-12,710,5,-6,晴,1,2139,1199.82,3403,4,709,40.684
2019-12-13,711,10,-6,晴,2,2137,1263.89,3403,5,710,48.156
2019-12-14,712,5,-4,晴,1,2134,785.96,3402,6,711,33.71
2019-12-15,713,3,-4,阴转雪,1,2133,712.36,3402,7,712,71.941
2019-12-16,714,5,-2,晴转多云,1,1149,1236.59,2867,1,713,95.497
2019-12-17,715,4,-2,晴,3,2129,1204.86,3400,2,714,26.462
2019-12-18,716,2,-7,晴,2,2128,1210.46,3400,3,715,33.427
2019-12-19,717,2,-5,晴,3,2125,1202.81,3400,4,716,29.577
2019-12-20,718,2,-8,晴,1,2124,1283.68,3399,5,717,37.831
2019-12-21,719,2,-6,阴转多云,1,2121,782.49,3398,6,718,68.426
2019-12-22,720,5,-6,晴转多云,2,2120,716.3,3398,7,719,92.297
2019-12-23,721,2,-5,阴,2,2117,1211.86,3397,1,720,75.032
2019-12-24,722,1,-3,多云,2,2115,1234.73,3396,2,721,111.077
2019-12-25,723,5,-6,阴,2,2113,1232.62,3395,3,722,86.83
2019-12-26,724,4,-6,晴,2,2111,1211.51,3395,4,723,45.007
2019-12-27,725,4,-7,晴,1,1133,1263.33,2851,5,724,72.45
2019-12-28,726,4,-6,多云转晴,2,2107,786.22,3391,6,725,108.252
2019-12-29,727,6,-7,晴转多云,3,2106,696.21,3391,7,726,131.625
2019-12-30,728,24,20,多云,3,2103,1168.6,3390,1,727,35.903
2019-12-31,729,-3,-12,晴,2,1104,1264.62,2819,2,728,38.656
2020-01-01,730,1,-10,晴转多云,1,2099,696.76,3387,3,729,57.165
2020-01-02,731,3,-9,多云,1,2096,1177.05,3386,4,730,77.226
2020-01-03,732,6,-8,晴,1,2094,1221.68,3385,5,731,79.89
2020-01-04,733,8,-5,晴转多云,2,2091,734.62,3385,6,732,72.313
2020-01-05,734,3,-5,雪,1,2084,675.18,3383,7,733,85.817
2020-01-06,735,3,-2,阴,1,2087,1259.21,3383,1,734,81.81
2020-01-07,736,2,-2,晴转多云,3,2085,1217.43,3383,2,735,26.386
2020-01-08,737,5,-5,晴,2,2083,1229.9,3383,3,736,33.824
2020-01-09,738,5,-6,晴转多云,1,1068,1246.47,2760,4,737,58.789
2020-01-10,739,6,-6,晴,2,1066,1309.66,2757,5,738,58.871
2020-01-11,740,1,-5,雪转阴,2,2076,845.75,3380,6,739,25.206
2020-01-12,741,3,-7,晴,1,2074,771.36,3380,7,740,37.148
2020-01-13,742,2,-7,晴,3,2072,1246.98,3379,1,741,24.816
2020-01-14,743,1,-8,晴转多云,2,2070,1240.58,3379,2,742,30.559
2020-01-15,744,3,-9,阴转多云,1,1083,1228.25,2792,3,743,70.342
2020-01-16,745,2,-7,阴,2,2067,1213.76,3377,4,744,76.653
2020-01-17,746,3,-7,霾转晴,1,2064,1210.56,3376,5,745,102.447
2020-01-18,747,3,-7,晴,1,2062,739.41,3375,6,746,219.057
2020-01-19,748,6,-4,晴,3,2060,993.29,3374,7,747,72.376
2020-01-20,749,5,-4,晴,2,2058,969.78,3374,1,748,30.916
2020-01-21,750,5,-7,晴,1,2056,805.8,3373,2,749,60.896
2020-01-22,751,6,-5,晴,1,2054,559.91,3372,3,750,92.167
2020-01-23,752,8,-3,晴,2,2053,349.3,3371,4,751,87.977
2020-01-24,753,3,-6,晴,2,2051,136.02,3370,5,752,114.856
2020-01-25,754,5,-6,霾,1,2048,97.02,3369,6,753,201.725
2020-01-26,755,5,-5,霾,1,2046,85.45,3368,7,754,201.003
2020-01-27,756,4,-4,霾,1,2044,75.49,3366,1,755,217.799
2020-01-28,757,5,-4,霾,1,2043,68.14,3364,2,756,230.663
2020-01-29,758,7,-4,晴,1,2042,66.18,3363,3,757,116.693
2020-01-30,759,6,-4,晴,1,2040,68.03,3361,4,758,70.341
2020-01-31,760,7,-6,晴,2,2038,69.5,3360,5,759,72.878
2020-02-01,761,5,-5,多云转雪,2,2036,68.54,3359,6,760,24.955
2020-02-02,762,3,-3,晴,2,2035,70.94,3357,7,761,50.523
2020-02-03,763,3,-7,晴转多云,2,2033,81.93,3356,1,762,32.695
2020-02-04,764,1,-6,晴,3,2031,65.87,3355,2,763,29.39
2020-02-05,765,-2,-8,雪,2,2029,63.53,3354,3,764,40.01
2020-02-06,766,-1,-6,多云,2,2027,68.55,3353,4,765,55.296
2020-02-07,767,3,-9,晴,1,2024,65.19,3351,5,766,96.18
2020-02-08,768,6,-6,晴转多云,2,2021,51.99,3350,6,767,85.821
2020-02-09,769,10,-6,霾转晴,1,2020,58.05,3349,7,768,158.982
2020-02-10,770,10,-4,霾,1,2017,100.14,3347,1,769,168.621
2020-02-11,771,11,-4,霾转晴,1,2016,84.08,3346,2,770,231.63
2020-02-12,772,11,-2,霾,1,2012,82.52,3344,3,771,259.204
2020-02-13,773,9,-2,霾转多云,2,2010,82.7,3344,4,772,248.785
2020-02-14,774,0,-2,阴转多云,3,2009,79.98,3342,5,773,72.015
2020-02-15,775,0,-7,晴转多云,4,2007,49.9,3341,6,774,20.852
2020-02-16,776,4,-4,晴,4,2004,51.5,3339,7,775,20.904
2020-02-17,777,8,-5,雪转晴,3,2003,123.01,3338,1,776,22.54
2020-02-18,778,10,-5,晴,2,2001,114.0,3337,2,777,29.608
2020-02-19,779,9,-4,晴,2,1998,114.38,3336,3,778,77.906
2020-02-20,780,6,-4,晴转多云,1,1995,114.06,3335,4,779,145.39
2020-02-21,781,11,-3,晴,2,1994,114.16,3333,5,780,123.353
2020-02-22,782,10,-2,晴,3,1991,57.39,3332,6,781,24.787
2020-02-23,783,11,-3,晴转多云,1,1990,56.05,3331,7,782,55.767
2020-02-24,784,10,0,多云,2,1988,151.37,3330,1,783,88.962
2020-02-25,785,9,3,晴,2,1986,146.96,3329,2,784,73.214
2020-02-26,786,9,-2,多云转阴,2,1985,148.69,3328,3,785,54.543
2020-02-27,787,5,-2,多云,3,1983,146.68,3327,4,786,43.891
2020-02-28,788,9,-3,晴,2,1981,147.99,3325,5,787,86.453
2020-02-29,789,5,0,多云,2,1980,66.02,3324,6,788,115.973
2020-03-01,790,11,0,晴,3,1978,67.58,3323,7,789,42.358
2020-03-02,791,11,-3,阴转雪,2,1977,190.85,3322,1,790,37.531
2020-03-03,792,8,-1,晴,3,1975,185.16,3321,2,791,35.304
2020-03-04,793,7,-3,晴,2,1974,187.06,3320,3,792,24.104
2020-03-05,794,10,-2,晴转多云,3,1972,186.62,3319,4,793,53.43
2020-03-06,795,10,-2,阴转雨,2,1970,188.71,3317,5,794,113.903
2020-03-07,796,14,1,多云,2,1968,83.84,3316,6,795,90.995
2020-03-08,797,10,1,小雨转雨,2,1966,73.4,3315,7,796,132.718
2020-03-09,798,11,5,多云,2,1965,221.45,3313,1,797,70.583
2020-03-10,799,12,-1,晴,3,1964,222.34,3312,2,798,36.242
2020-03-11,800,14,-4,晴,1,1962,227.88,3311,3,799,49.895
2020-03-12,801,14,1,多云,3,1960,228.11,3310,4,800,45.673
2020-03-13,802,10,-2,晴,3,1959,232.24,3308,5,801,30.844
2020-03-14,803,15,-1,晴,3,1957,104.26,3307,6,802,40.058
2020-03-15,804,17,3,晴,2,1955,95.59,3306,7,803,36.196
2020-03-16,805,15,0,晴,2,1954,267.61,3304,1,804,60.946
2020-03-17,806,20,3,晴,2,1953,264.06,3303,2,805,55.511
2020-03-18,807,23,3,晴,3,1952,264.05,3302,3,806,102.533
2020-03-19,808,17,5,晴,3,1951,265.44,3301,4,807,44.582
2020-03-20,809,24,4,晴转多云,2,1950,273.83,3300,5,808,63.654
2020-03-21,810,18,7,晴,2,1949,130.36,3299,6,809,71.491
2020-03-22,811,22,3,晴,2,1948,116.19,3298,7,810,61.43
2020-03-23,812,23,7,晴转多云,2,1947,310.55,3297,1,811,55.48
2020-03-24,813,17,6,多云,2,1946,307.3,3295,2,812,67.579
2020-03-25,814,22,5,多云转雨,2,1945,313.82,3294,3,813,153.753
2020-03-26,815,12,6,阴转多云,4,1944,303.9,3293,4,814,33.567
2020-03-27,816,13,2,晴,3,1943,319.83,3291,5,815,27.157
2020-03-28,817,14,-1,晴,2,1942,157.69,3289,6,816,30.498
2020-03-29,818,17,2,晴,2,1941,138.4,3288,7,817,66.765
2020-03-30,819,18,5,多云转阴,3,1940,355.53,3286,1,818,92.929
2020-03-31,820,20,7,多云,3,1939,355.15,3285,2,819,91.556
2020-04-01,821,15,7,晴,3,1938,368.06,3284,3,820,30.43
2020-04-02,822,20,3,晴,2,1937,369.97,3282,4,821,39.61
2020-04-03,823,24,7,晴,2,1936,377.8,3281,5,822,41.344
2020-04-04,824,18,9,晴,3,1935,173.83,3279,6,823,108.158
2020-04-05,825,19,4,多云,2,1934,181.61,3278,7,824,70.357
2020-04-06,826,23,6,晴转多云,2,1933,178.97,3276,1,825,92.847
2020-04-07,827,18,9,晴,2,1932,413.41,3274,2,826,86.778
2020-04-08,828,17,5,多云,2,1931,413.19,3273,3,827,56.05
2020-04-09,829,12,7,多云,2,1930,406.97,3272,4,828,53.138
2020-04-10,830,17,4,晴,2,1928,418.95,3269,5,829,58.574
2020-04-11,831,22,6,晴,2,1927,210.41,3269,6,830,46.591
2020-04-12,832,23,10,晴,3,1926,183.36,3267,7,831,49.902
2020-04-13,833,26,6,晴转多云,2,1925,445.12,3265,1,832,61.808
2020-04-14,834,26,10,晴转多云,2,1924,445.27,3264,2,833,94.679
2020-04-15,835,26,11,阴转雨,3,1923,448.61,3262,3,834,89.317
2020-04-16,836,21,11,晴转多云,3,1922,448.95,3261,4,835,49.374
2020-04-17,837,22,8,晴转多云,3,1921,456.97,3260,5,836,45.194
2020-04-18,838,23,13,阴,2,1920,235.62,3259,6,837,51.835
2020-04-20,840,17,7,晴,4,1917,482.46,3257,1,838,29.708
2020-04-21,841,14,4,晴,4,1916,480.03,3255,2,839,37.032
2020-04-22,842,16,4,晴,4,1915,485.85,3254,3,840,29.683
2020-04-23,843,19,6,晴,3,1914,489.28,3252,4,841,28.275
2020-04-24,844,28,6,晴,3,1913,499.4,3251,5,842,93.731
2020-04-25,845,22,12,晴转多云,3,1911,225.74,3249,6,843,53.419
2020-04-26,846,22,9,晴转多云,2,1910,467.43,3248,7,844,37.593
2020-04-27,847,24,7,晴,2,1909,525.48,3247,1,845,61.733
2020-04-28,848,29,11,晴,2,1908,529.61,3246,2,846,87.852
2020-04-29,849,31,16,晴转多云,2,1907,535.71,3244,3,847,97.03
2020-04-30,850,33,15,晴,2,1906,567.75,3242,4,848,127.776
2020-05-01,851,35,17,晴,2,1904,303.91,3240,5,849,147.061
2020-05-02,852,33,21,晴,3,1903,281.7,3240,6,850,86.582
2020-05-03,853,31,17,小雨转雨,3,1902,278.13,3239,7,851,77.483
2020-05-04,854,20,13,多云,3,1901,293.92,3238,1,852,53.482
2020-05-05,855,26,10,晴转多云,2,1900,308.15,3237,2,853,63.807
2020-05-06,856,25,13,多云转阴,2,1899,643.18,3236,3,854,94.853
2020-05-07,857,19,13,小雨转雨,2,1898,648.98,3235,4,855,97.624
2020-05-08,858,17,13,多云,2,1897,653.79,3234,5,856,57.13
2020-05-09,859,20,11,晴转多云,2,1893,640.74,3233,6,857,46.448
2020-05-10,860,25,13,多云,3,1891,318.09,3232,7,858,54.633
2020-05-11,861,28,14,霾转多云,4,1886,705.42,3231,1,859,74.951
2020-05-12,862,28,13,晴,3,1885,709.71,3230,2,860,89.576
2020-05-13,863,30,12,多云转阴,2,1882,712.11,3229,3,861,116.436
2020-05-14,864,30,18,晴转多云,3,1881,709.51,3228,4,862,79.597
2020-05-15,865,25,15,阴转雨,2,1879,727.25,3227,5,863,61.723
2020-05-16,866,28,15,晴转多云,2,1876,385.35,3226,6,864,65.053
2020-05-17,867,23,13,晴转多云,2,1875,336.24,3225,7,865,69.737
2020-05-18,868,27,14,晴,3,1874,748.52,3224,1,866,44.13
2020-05-19,869,29,15,晴转多云,2,1873,747.87,3223,2,867,50.795
2020-05-20,870,29,15,阴,2,1871,765.23,3222,3,868,53.64
2020-05-21,871,23,16,多云转雨,2,1870,731.24,3220,4,869,87.073
2020-05-22,872,30,15,多云,3,1869,764.0,3219,5,870,60.072
2020-05-23,873,27,16,晴,3,1866,399.01,3217,6,871,23.895
2020-05-24,874,29,16,晴转多云,2,1865,370.04,3216,7,872,31.502
2020-05-25,875,25,17,多云,2,1863,762.73,3216,1,873,31.694
2020-05-26,876,28,13,多云,2,1862,770.45,3215,2,874,32.826
2020-05-27,877,29,16,晴,3,1860,771.17,3214,3,875,32.418
2020-05-28,878,32,16,多云,3,1858,768.68,3213,4,876,70.472
2020-05-29,879,33,17,多云,2,1856,791.95,3211,5,877,86.212
2020-05-30,880,30,19,阴转雨,3,1855,419.09,3210,6,878,85.605
2020-05-31,881,28,17,晴转多云,3,1853,381.53,3209,7,879,31.479
2020-06-02,883,32,16,晴,2,1849,831.26,3207,2,881,60.156
2020-06-03,884,33,21,晴,3,1846,834.67,3205,3,882,146.707
2020-06-04,885,29,20,多云,3,1844,827.07,3204,4,883,46.915
2020-06-05,886,29,18,晴,2,1841,863.59,3203,5,884,48.289
2020-06-06,887,28,18,多云,2,1837,462.91,3201,6,885,62.873
2020-06-07,888,35,20,晴,2,1835,401.93,3200,7,886,87.933
2020-06-08,889,38,25,多云,3,1832,859.77,3199,1,887,105.241
2020-06-09,890,30,23,多云,2,1831,865.94,3198,2,888,74.8
2020-06-10,891,33,21,晴,2,1829,869.72,3197,3,889,83.846
2020-06-11,892,29,21,多云,2,1825,861.47,3196,4,890,74.679
2020-06-12,893,32,22,多云,2,1819,880.09,3195,5,891,73.141
2020-06-13,894,34,24,晴,2,1817,376.67,3194,6,892,86.11
2020-06-14,895,35,23,晴,3,1814,273.73,3193,7,893,36.523
2020-06-15,896,37,22,多云,2,1810,651.75,3192,1,894,59.037
2020-06-16,897,35,22,多云,3,1808,595.72,3191,2,895,95.71
2020-06-17,898,30,24,多云,4,1806,545.12,3190,3,896,70.834
2020-06-18,899,33,20,多云,2,1804,502.03,3188,4,897,59.539
2020-06-19,900,34,22,晴转多云,3,1799,501.33,3187,5,898,59.171
2020-06-20,901,34,24,多云,3,1797,200.49,3186,6,899,78.151
2020-06-21,902,35,25,晴,3,1795,167.81,3185,7,900,75.263
2020-06-22,903,34,25,多云,3,1793,507.88,3184,1,901,82.012
2020-06-23,904,33,23,多云,3,1791,505.27,3182,2,902,70.101
2020-06-24,905,31,21,多云,2,1786,513.5,3180,3,903,40.983
2020-06-25,906,25,20,晴,2,1782,182.76,3178,4,904,46.746
2020-06-26,907,27,20,晴,2,1777,202.18,3178,5,905,45.027
2020-06-27,908,30,21,晴,2,1774,197.83,3176,6,906,92.796
2020-06-28,909,29,22,阴,2,1773,498.64,3175,7,907,84.692
2020-06-29,910,29,23,多云,2,1771,540.06,3174,1,908,45.394
2020-06-30,911,30,23,晴,2,1770,549.48,3173,2,909,41.317
2020-07-01,912,30,23,阴,2,1769,562.32,3172,3,910,66.748
2020-07-02,913,26,23,小雨到大雨,3,1767,560.83,3171,4,911,47.064
2020-07-04,915,29,21,多云,2,1761,253.23,3168,6,913,61.673
2020-07-05,916,30,22,多云,2,1760,216.44,3167,7,914,45.108
2020-07-06,917,30,22,多云,2,1759,616.49,3166,1,915,42.584
2020-07-07,918,33,22,晴,2,1758,620.47,3166,2,916,36.081
2020-07-08,919,32,22,阴,2,1756,626.29,3164,3,917,64.861
2020-07-09,920,26,19,多云,2,1752,618.19,3162,4,918,43.797
2020-07-10,921,28,21,多云,2,1745,648.95,3160,5,919,56.56
2020-07-11,922,26,21,多云,2,1743,308.86,3159,6,920,93.245
2020-07-12,923,26,22,多云,2,1742,265.02,3158,7,921,95.488
2020-07-13,924,29,23,晴,2,1739,690.01,3157,1,922,63.308
2020-07-14,925,30,22,晴,2,1738,691.91,3156,2,923,50.832
2020-07-15,926,32,22,晴,2,1735,698.47,3155,3,924,55.901
2020-07-16,927,33,23,阴,3,1732,697.81,3154,4,925,70.781
2020-07-17,928,31,22,小雨,3,1724,714.07,3151,5,926,65.871
2020-07-18,929,29,23,多云,2,1723,354.18,3151,6,927,53.629
2020-07-19,930,32,23,晴,2,1721,326.56,3150,7,928,43.999
2020-07-20,931,34,21,晴,2,1716,748.57,3148,1,929,68.662
2020-07-21,932,33,24,多云,3,1714,755.2,3147,2,930,64.6
2020-07-22,933,33,22,多云,2,1713,760.18,3146,3,931,75.6
2020-07-23,934,33,22,晴,2,1709,760.91,3144,4,932,61.967
2020-07-24,935,36,22,晴,2,1704,778.44,3142,5,933,57.137
2020-07-25,936,34,24,阴,2,1699,400.05,3141,6,934,64.702
2020-07-26,937,29,22,小雨,2,1698,362.77,3140,7,935,42.533
2020-07-27,938,24,21,多云,2,1694,787.19,3138,1,936,64.2
2020-07-28,939,29,22,多云,2,1690,790.14,3137,2,937,76.311
2020-07-29,940,30,22,多云,2,1685,788.46,3136,3,938,68.086
2020-07-30,941,32,25,多云,3,1682,777.06,3135,4,939,88.658
2020-07-31,942,32,23,晴,2,1677,797.83,3133,5,940,60.984
2020-08-01,943,31,25,阴,2,1670,423.1,3132,6,941,45.061
2020-08-02,944,31,24,晴,2,834,385.38,2209,7,942,44.609
2020-08-03,945,33,22,晴,2,831,819.16,2205,1,943,44.588
2020-08-04,946,35,24,多云,2,1661,813.41,3128,2,944,45.279
2020-08-05,947,30,25,阴转多云,2,1656,803.94,3126,3,945,54.757
2020-08-06,948,31,24,多云,2,1653,807.08,3125,4,946,48.303
2020-08-07,949,30,24,晴,2,1648,832.43,3123,5,947,42.278
2020-08-08,950,31,23,多云,2,1643,453.85,3122,6,948,47.362
2020-08-09,951,32,21,晴,2,1640,410.45,3121,7,949,45.705
2020-08-10,952,30,23,晴,2,1635,838.08,3119,1,950,38.109
2020-08-11,953,33,23,多云,2,1633,846.71,3118,2,951,62.548
2020-08-12,954,30,22,小雨到中雨,3,1631,679.33,3117,3,952,51.318
2020-08-13,955,33,24,晴,2,1627,847.71,3116,4,953,27.783
2020-08-14,956,33,23,阴,2,1617,872.13,3113,5,954,51.609
2020-08-15,957,31,24,多云,2,1612,469.54,3111,6,955,47.268
2020-08-16,958,26,22,多云,2,1609,430.95,3110,7,956,47.556
2020-08-17,959,28,21,多云,2,1605,862.57,3108,1,957,57.005
2020-08-18,960,29,22,阴,3,1604,850.05,3105,2,958,42.566
2020-08-19,961,26,21,多云,2,1600,869.05,3103,3,959,26.843
2020-08-20,962,27,19,晴,2,1597,872.58,3102,4,960,32.956
2020-08-21,963,28,17,晴,2,1583,900.88,3095,5,961,45.905
2020-08-22,964,28,17,多云,2,1586,522.84,3097,6,962,57.08
2020-08-23,965,28,19,小雨到中雨,2,1585,456.48,3096,7,963,72.87
2020-08-24,966,31,22,晴,3,1582,903.68,3095,1,964,31.162
2020-08-25,967,33,20,晴,2,1575,944.98,3092,2,965,47.906
2020-08-26,968,29,22,多云,2,1574,903.36,3091,3,966,77.484
2020-08-27,969,32,22,晴,2,1573,897.74,3090,4,967,63.703
2020-08-28,970,30,19,晴,2,1567,927.23,3087,5,968,42.385
2020-08-29,971,30,22,阴,2,1564,538.51,3086,6,969,66.76
2020-08-30,972,30,23,多云,2,1561,479.41,3084,7,970,68.971
2020-08-31,973,26,20,晴,2,1558,914.14,3082,1,971,30.286
2020-09-01,974,32,18,多云,2,1553,922.99,3080,2,972,31.299
2020-09-02,975,29,20,晴,3,1552,919.41,3079,3,973,31.514
2020-09-03,976,28,17,晴,3,1548,934.65,3078,4,974,22.654
2020-09-04,977,31,20,多云,2,1543,980.2,3075,5,975,38.169
2020-09-05,978,29,19,晴,2,1539,575.08,3073,6,976,53.45
2020-09-06,979,30,19,多云转雨,2,1538,519.67,3072,7,977,85.635
2020-09-07,980,30,20,晴,2,1536,967.48,3071,1,978,38.241
2020-09-08,981,31,20,晴,2,1531,977.95,3069,2,979,25.894
2020-09-09,982,30,18,晴,2,1526,974.38,3067,3,980,29.276
2020-09-10,983,26,18,阴,3,1521,967.54,3065,4,981,25.024
2020-09-11,984,22,20,多云,2,1508,1015.64,3062,5,982,18.959
2020-09-12,985,25,18,多云,2,1503,596.0,3061,6,983,23.728
2020-09-13,986,26,20,阴,2,1499,546.25,3059,7,984,43.005
2020-09-14,987,26,20,阴,2,1495,985.33,3057,1,985,55.716
2020-09-15,988,23,17,晴,2,1493,967.96,3056,2,986,45.26
2020-09-16,989,25,17,晴,4,1489,999.78,3055,3,987,19.841
2020-09-17,990,27,16,晴,3,1486,990.55,3054,4,988,24.141
2020-09-18,991,27,17,晴,2,1472,1042.53,3050,5,989,32.918
2020-09-19,992,30,17,晴,2,1466,609.01,3047,6,990,41.367
2020-09-20,993,27,18,多云,2,1460,571.79,3045,7,991,35.498
2020-09-21,994,28,17,多云,2,1456,991.22,3043,1,992,58.723
2020-09-22,995,26,17,阴,2,1452,993.16,3042,2,993,46.194
2020-09-23,996,17,16,阴,2,1449,966.22,3039,3,994,47.519
2020-09-24,997,22,14,晴,2,1447,995.65,3038,4,995,41.857
2020-09-25,998,26,17,晴,2,1437,1037.43,3035,5,996,49.76
2020-09-26,999,27,17,晴,2,1435,586.0,3034,6,997,69.479
2020-09-27,1000,27,17,晴,2,1432,945.33,3032,7,998,80.328
2020-09-28,1001,24,16,小雨,2,1430,997.56,3030,1,999,97.106
2020-09-29,1002,20,14,晴,3,1428,1007.6,3028,2,1000,22.741
2020-09-30,1003,22,13,阴,2,1421,1054.63,3021,3,1001,31.534
2020-10-01,1004,20,13,晴,2,1408,634.15,3016,4,1002,58.53
2020-10-02,1005,21,12,晴,3,1409,574.45,3016,5,1003,24.867
2020-10-03,1006,23,13,晴,3,1405,546.59,3014,6,1004,42.948
2020-10-04,1007,18,10,晴,4,1399,514.61,3012,7,1005,23.291
2020-10-05,1008,20,10,晴,2,1395,510.0,3010,1,1006,24.823
2020-10-06,1009,21,11,多云,2,1386,517.92,3008,2,1007,49.173
2020-10-07,1010,21,9,晴,2,1380,546.43,3004,3,1008,83.672
2020-10-08,1011,22,13,阴,2,1375,560.62,3003,4,1009,111.049
2020-10-09,1012,22,11,晴,2,1374,969.96,3002,5,1010,138.502
2020-10-10,1013,22,13,阴,2,1368,972.08,2999,6,1011,168.536
2020-10-11,1014,18,6,晴,3,1366,559.93,2997,7,1012,69.66
2020-10-12,1015,19,10,晴,2,1364,1025.86,2996,1,1013,32.305
2020-10-13,1016,20,7,阴,3,1361,1024.79,2993,2,1014,39.323
2020-10-14,1017,13,6,阴,2,1359,1024.05,2992,3,1015,36.328
2020-10-15,1018,14,11,阴,2,1356,1027.57,2990,4,1016,75.645
2020-10-16,1019,19,4,晴,3,1349,1095.24,2987,5,1017,41.234
2020-10-17,1020,22,10,晴,2,1339,660.24,2985,6,1018,44.745
2020-10-18,1021,21,5,阴,2,1337,605.43,2984,7,1019,60.073
2020-10-19,1022,21,7,阴,2,1333,1034.2,2982,1,1020,78.5
2020-10-20,1023,17,8,霾,2,1331,1033.35,2981,2,1021,150.198
2020-10-21,1024,17,2,晴,4,1328,1031.09,2979,3,1022,117.423
2020-10-22,1025,15,6,晴,3,1325,1034.31,2977,4,1023,52.806
2020-10-23,1026,17,4,晴,2,1315,1114.39,2973,5,1024,34.226
2020-10-24,1027,19,8,多云,1,1309,680.42,2971,6,1025,58.661
2020-10-25,1028,19,6,多云,1,1308,622.41,2970,7,1026,110.144
2020-10-26,1029,22,8,晴,2,1305,1043.99,2968,1,1027,125.294
2020-10-27,1030,16,6,晴,2,1304,1045.57,2966,2,1028,47.112
2020-10-28,1031,19,6,晴,2,1301,1051.4,2964,3,1029,50.996
2020-10-29,1032,18,4,晴,1,1296,1043.3,2962,4,1030,66.974
2020-10-30,1033,18,9,阴,2,1292,1121.3,2959,5,1031,75.664
2020-10-31,1034,19,6,晴,3,1287,705.97,2956,6,1032,157.451
2020-11-01,1035,17,6,晴,3,1285,628.84,2954,7,1033,65.056
2020-11-02,1036,12,1,晴,3,1283,1042.8,2952,1,1034,41.949
2020-11-03,1037,14,0,晴,2,1281,1047.68,2951,2,1035,39.848
2020-11-04,1038,14,4,晴,1,1279,1049.48,2950,3,1036,73.064
2020-11-05,1039,16,4,霾,1,1278,1046.24,2948,4,1037,121.063
2020-11-06,1040,17,6,晴,2,1270,1116.22,2945,5,1038,124.607
2020-11-07,1041,18,2,晴,3,1265,674.2,2942,6,1039,93.314
2020-11-08,1042,13,2,晴,2,1264,623.9,2942,7,1040,40.705
2020-11-09,1043,16,3,晴,2,1262,1050.45,2941,1,1041,51.602
2020-11-10,1044,17,2,晴,1,1259,1048.41,2939,2,1042,69.884
2020-11-11,1045,14,5,霾,1,1257,1044.11,2938,3,1043,143.193
2020-11-12,1046,19,4,晴,2,1254,1037.34,2936,4,1044,135.548
2020-11-13,1047,15,4,晴,2,1246,1116.74,2934,5,1045,51.169
2020-11-14,1048,11,4,晴,1,1240,655.44,2933,6,1046,70.349
2020-11-15,1049,14,5,晴,1,1239,592.46,2932,7,1047,107.422
2020-11-16,1050,11,9,阴,1,1235,1038.91,2930,1,1048,131.105
2020-11-17,1051,10,8,阴,2,672,1041.25,1897,2,1049,128.529
2020-11-18,1052,11,6,阴,3,1230,1016.37,2925,3,1050,60.744
2020-11-19,1053,9,-2,晴,3,1227,1054.44,2923,4,1051,18.128
2020-11-20,1054,8,-1,阴,2,1219,1126.96,2918,5,1052,26.007
2020-11-21,1055,3,-1,多云,1,1215,592.35,2917,6,1053,44.904
2020-11-22,1056,3,-3,晴,3,1214,590.19,2915,7,1054,19.205
2020-11-23,1057,5,-2,多云,2,1211,1050.26,2913,1,1055,31.472
2020-11-24,1058,8,-3,晴,1,1207,1050.24,2910,2,1056,53.309
2020-11-25,1059,7,-3,多云,2,1206,1054.14,2909,3,1057,50.914
2020-11-26,1060,5,-3,晴,1,1202,1044.79,2906,4,1058,44.555
2020-11-27,1061,5,-3,晴,3,1198,1117.33,2903,5,1059,32.53
2020-11-28,1062,3,-4,晴,2,1192,639.32,2899,6,1060,28.851
2020-11-29,1063,5,-3,晴,2,1193,585.24,2899,7,1061,39.776
2020-11-30,1064,4,-5,晴,2,1188,1051.3,2896,1,1062,34.781
2020-12-01,1065,3,-3,阴,1,1185,1045.4,2894,2,1063,47.733
2020-12-02,1066,3,-4,晴,3,1184,1042.24,2892,3,1064,43.7
2020-12-03,1067,4,-3,晴,3,1180,1032.36,2890,4,1065,24.705
2020-12-04,1068,1,-2,晴,3,1171,1113.3,2887,5,1066,25.027
2020-12-05,1069,5,-4,晴,1,1168,626.61,2885,6,1067,42.876
2020-12-06,1070,6,-3,晴,3,1166,569.2,2884,7,1068,61.387
2020-12-07,1071,1,-7,晴,3,1163,1049.93,2881,1,1069,28.703
2020-12-08,1072,3,-5,多云,1,1162,1048.34,2880,2,1070,41.622
2020-12-09,1073,2,-5,晴,1,1159,1047.87,2877,3,1071,76.955
2020-12-10,1074,8,-4,晴,1,1157,1037.52,2875,4,1072,83.98
2020-12-11,1075,6,-4,晴,2,1155,1108.49,2872,5,1073,59.772
2020-12-12,1076,3,-4,晴,2,1153,635.44,2871,6,1074,104.188
2020-12-13,1077,-2,-7,晴,4,1152,541.68,2869,7,1075,29.312
2020-12-14,1078,0,-8,晴,3,1150,1047.14,2867,1,1076,30.824
2020-12-15,1079,0,-8,晴,1,1147,1052.44,2864,2,1077,40.265
2020-12-16,1080,2,-7,晴,2,1145,1053.4,2863,3,1078,43.003
2020-12-17,1081,2,-4,晴,2,1142,1044.17,2860,4,1079,65.381
2020-12-18,1082,0,-9,晴,3,1139,1122.12,2857,5,1080,32.031
2020-12-19,1083,3,-6,晴,1,1137,606.02,2855,6,1081,52.326
2020-12-20,1084,5,-6,晴,2,1134,534.92,2853,7,1082,48.248
2020-12-21,1085,6,-6,晴,1,1132,1032.37,2851,1,1083,65.141
2020-12-22,1086,1,-4,多云,1,1130,1022.19,2849,2,1084,86.543
2020-12-23,1087,4,-1,晴,3,1127,1018.27,2847,3,1085,96.031
2020-12-24,1088,2,-4,晴,3,1126,1024.81,2845,4,1086,55.589
2020-12-25,1089,3,-4,晴,1,1118,1046.14,2839,5,1087,68.177
2020-12-26,1090,1,-3,晴,1,1116,497.66,2838,6,1088,79.614
2020-12-27,1091,2,-2,晴,1,1113,426.32,2835,7,1089,93.52
2020-12-28,1092,2,-10,多云,2,1108,911.29,2831,1,1090,90.995
2020-12-29,1093,-8,-12,晴,4,1107,883.09,2829,2,1091,49.987
2020-12-30,1094,-6,-11,晴,4,1106,878.05,2826,3,1092,32.642
2020-12-31,1095,1,-10,晴,2,1103,924.97,2819,4,1093,39.122
2021-01-01,1096,0,-11,晴,2,1101,355.75,2816,5,1094,59.214
2021-01-02,1097,0,-9,晴,2,1100,353.02,2814,6,1095,73.508
2021-01-03,1098,0,-7,多云,2,1097,376.01,2811,7,1096,36.673
2021-01-04,1099,-1,-11,晴,3,1095,907.54,2809,1,1097,41.51
2021-01-05,1100,-2,-11,晴,3,1094,896.25,2806,2,1098,32.999
2021-01-06,1101,0,-19,多云,4,1093,842.79,2805,3,1099,66.763
2021-01-07,1102,-7,-14,晴,3,1092,841.41,2803,4,1100,31.314
2021-01-08,1103,-2,-10,晴,3,1089,873.11,2801,5,1101,31.584
2021-01-09,1104,1,-8,晴,2,1088,380.93,2799,6,1102,38.181
2021-01-10,1105,1,-7,多云,2,1087,333.58,2798,7,1103,27.746
2021-01-11,1106,2,-8,多云,2,1086,857.37,2796,1,1104,54.891
2021-01-12,1107,4,-6,晴,1,1085,836.13,2794,2,1105,103.391
2021-01-13,1108,9,-6,晴,2,1084,823.44,2792,3,1106,161.047
2021-01-14,1109,2,-4,阴,2,1082,815.81,2789,4,1107,82.923
2021-01-15,1110,3,-8,晴,3,1081,842.77,2786,5,1108,103.804
2021-01-16,1111,0,-8,晴,3,1080,377.66,2784,6,1109,32.255
2021-01-17,1112,3,-7,晴,2,1079,318.6,2782,7,1110,49.943
2021-01-18,1113,4,-6,晴,2,1078,819.36,2779,1,1111,59.556
2021-01-23,1118,3,-6,多云,1,1073,310.43,2768,6,1112,118.6
2021-01-24,1119,5,-5,晴,1,1072,256.7,2766,7,1113,138.206
2021-01-25,1120,1,-6,雨夹雪,1,1071,738.16,2764,1,1114,176.838
2021-01-26,1121,6,-7,阴,2,1070,735.6,2762,2,1115,118.059
2021-01-27,1122,3,-6,阴,2,1069,738.84,2760,3,1116,58.538
2021-01-28,1123,-1,-9,晴,4,1067,718.9,2757,4,1117,44.867
2021-01-29,1124,0,-8,晴,1,1065,746.43,2755,5,1118,50.556
2021-01-30,1125,7,-7,晴,3,1064,334.51,2754,6,1119,69.867
2021-01-31,1126,0,-5,多云,1,1063,282.8,2752,7,1120,87.216
2021-02-01,1127,3,-8,晴,3,1062,739.98,2750,1,1121,53.72
2021-02-02,1128,0,-9,晴,3,1061,739.93,2747,2,1122,36.264
2021-02-03,1129,7,-6,晴,3,1060,738.83,2745,3,1123,48.28
2021-02-04,1130,10,-5,晴,2,1059,732.81,2743,4,1124,54.827
2021-02-05,1131,15,-1,晴,1,1058,738.56,2740,5,1125,67.399
2021-02-06,1132,16,-1,多云,2,1057,347.91,2739,6,1126,82.366
2021-02-07,1133,7,-4,晴,2,1056,618.17,2737,7,1127,47.848
2021-02-08,1134,8,-5,晴,1,1055,627.41,2735,1,1128,46.586
2021-02-09,1135,10,-3,晴,1,1054,557.06,2734,2,1129,86.028
2021-02-10,1136,15,-3,晴,1,1053,444.11,2732,3,1130,102.929
2021-02-11,1137,10,0,霾,1,1052,180.21,2727,4,1131,205.335
2021-02-12,1138,14,1,霾,2,1051,221.91,2725,5,1132,255.567
2021-02-13,1139,8,2,霾,1,1050,250.29,2723,6,1133,253.662
2021-02-14,1140,4,-4,晴,2,1048,256.39,2720,7,1134,139.194
2021-02-15,1141,5,-2,晴,3,1047,313.46,2717,1,1135,33.532
2021-02-16,1142,0,-6,晴,4,1046,263.96,2714,2,1136,34.382
2021-02-17,1143,2,-6,晴,3,1044,316.21,2710,3,1137,23.87
2021-02-18,1144,6,-4,晴,1,1043,645.64,2709,4,1138,39.078
2021-02-19,1145,16,-2,晴,1,1042,700.76,2707,5,1139,69.723
2021-02-20,1146,20,4,多云,1,1041,695.04,2704,6,1140,72.94
2021-02-21,1147,25,4,晴,2,1040,397.79,2702,7,1141,121.849
2021-02-22,1148,12,1,多云,3,1039,846.35,2700,1,1142,59.011
2021-02-23,1149,3,-2,阴,3,1038,845.49,2699,2,1143,49.07
2021-02-24,1150,4,-2,多云,1,1037,860.0,2697,3,1144,60.305
2021-02-25,1151,7,-2,晴,1,1036,869.29,2695,4,1145,105.506
2021-02-26,1152,11,-2,晴,1,1035,902.27,2691,5,1146,172.586
2021-02-27,1153,11,2,阴,2,1034,481.54,2689,6,1147,162.741
2021-02-28,1154,5,1,小雪,2,1033,376.22,2687,7,1148,132.515
2021-03-01,1155,5,-6,小雪,2,1032,946.19,2684,1,1149,32.837
2021-03-02,1156,4,-2,多云,2,1031,934.66,2683,2,1150,82.101
2021-03-06,1160,4,-5,阴,2,1026,507.3,2673,6,1154,48.949
2021-03-07,1161,8,-2,多云,2,1025,463.2,2670,7,1155,79.069
2021-03-09,1163,15,3,多云,1,1023,959.24,2664,2,1157,186.11
2021-03-10,1164,16,8,雾,2,1022,964.03,2661,3,1158,239.121
2021-03-11,1165,17,7,阴,2,1021,957.57,2659,4,1159,157.938
2021-03-12,1166,10,6,小雨,2,1019,977.19,2652,5,1160,138.897
2021-03-13,1167,14,8,多云,1,1018,544.39,2648,6,1161,138.75
2021-03-14,1168,13,9,阴,2,1017,464.85,2643,7,1162,171.764
2021-03-15,1169,12,2,扬沙,3,1016,929.71,2641,1,1163,357.3
2021-03-16,1170,15,3,浮尘,2,1015,1010.99,2637,2,1164,126.16
2021-03-17,1171,13,6,小雨,2,1014,1016.6,2635,3,1165,199.63
2021-03-18,1172,8,3,阴,2,1013,1016.07,2633,4,1166,99.106
2021-03-19,1173,10,5,阴,2,1012,1093.34,2628,5,1167,98.456
2021-03-20,1174,13,3,浮尘,3,1011,615.5,2625,6,1168,86.96
2021-03-21,1175,12,1,晴,3,1008,573.62,2619,7,1169,32.925
2021-03-22,1176,19,5,晴,2,1009,1043.97,2619,1,1170,135.553
2021-03-23,1177,23,8,晴,2,1007,1043.1,2617,2,1171,85.789
2021-03-24,1178,21,6,阴,2,1006,1051.47,2615,3,1172,108.023
2021-03-25,1179,21,11,多云,2,1005,1054.69,2612,4,1173,88.907
2021-03-26,1180,14,10,小雨,2,1004,1091.75,2608,5,1174,173.04
2021-03-27,1181,18,10,雾,2,1001,668.97,2602,6,1175,175.313
2021-03-28,1182,18,8,扬沙,4,1000,514.87,2599,7,1176,285.882
2021-03-29,1183,19,6,多云,2,998,1057.9,2596,1,1177,88.508
2021-03-30,1184,21,9,多云,2,997,1059.92,2594,2,1178,144.134
2021-03-31,1185,24,10,多云,2,996,1071.86,2592,3,1179,118.415
2021-04-01,1186,18,13,阴,2,995,1061.49,2589,4,1180,116.347
2021-04-02,1187,16,10,阴,2,994,1138.46,2581,5,1181,62.065
2021-04-03,1188,18,7,阴,3,992,738.63,2575,6,1182,40.157
2021-04-04,1189,20,7,晴,2,991,689.28,2570,7,1183,34.881
2021-04-05,1190,18,7,多云,3,990,646.42,2566,1,1184,60.515
2021-04-06,1191,21,10,晴,2,989,1064.07,2563,2,1185,55.951
2021-04-07,1192,19,5,晴,3,988,1063.97,2561,3,1186,69.631
2021-04-08,1193,19,10,晴,2,987,1068.27,2558,4,1187,64.585
2021-04-09,1194,17,6,晴,2,985,1123.3,2553,5,1188,65.55
2021-04-10,1195,19,13,多云,2,983,672.19,2550,6,1189,90.193
2021-04-11,1196,20,8,阴,3,982,605.65,2548,7,1190,83.813
2021-04-12,1197,17,8,晴,3,980,1065.11,2542,1,1191,76.106
2021-04-13,1198,16,8,晴,3,979,1079.21,2542,2,1192,31.923
2021-04-14,1199,21,10,晴,2,978,1077.56,2540,3,1193,66.129
2021-04-15,1200,20,9,晴,3,977,1058.07,2537,4,1194,172.607
2021-04-16,1201,16,9,晴,3,971,1138.7,2528,5,1195,123.541
2021-04-17,1202,20,5,晴,3,970,693.84,2528,6,1196,37.452
2021-04-18,1203,24,10,晴,2,969,645.76,2526,7,1197,64.798
2021-04-19,1204,28,15,多云,2,968,1077.07,2524,1,1198,92.789
2021-04-20,1205,26,13,多云,3,967,1077.07,2523,2,1199,88.679
2021-04-21,1206,21,12,阴,3,966,1060.38,2521,3,1200,67.328
2021-04-22,1207,16,9,晴,2,965,1072.21,2520,4,1201,48.917
2021-04-23,1208,21,13,多云,2,964,1129.68,2517,5,1202,45.5
2021-04-24,1209,19,14,多云,2,963,664.71,2515,6,1203,41.966
2021-04-25,1210,20,10,多云,2,962,1008.5,2512,7,1204,59.28
2021-04-26,1211,21,9,阴,3,961,1063.84,2510,1,1205,65.657
2021-04-27,1212,21,11,晴,3,960,1063.68,2507,2,1206,88.736
2021-04-28,1213,22,11,多云,3,959,1089.27,2503,3,1207,56.653
2021-04-29,1214,13,8,晴,3,958,1095.33,2499,4,1208,57.713
2021-04-30,1215,14,7,晴,2,448,1177.19,1348,5,1209,34.269
2021-05-01,1216,20,8,晴,3,950,756.19,2468,6,1210,31.74
2021-05-02,1217,20,12,晴,3,954,744.34,2480,7,1211,41.99
2021-05-03,1218,24,12,多云,3,953,678.06,2476,1,1212,65.64
2021-05-04,1219,21,10,晴,3,952,633.88,2473,2,1213,55.476
2021-05-05,1220,27,15,多云,3,951,632.61,2468,3,1214,74.718
2021-05-06,1221,19,14,霾,4,949,1018.78,2466,4,1215,193.837
2021-05-07,1222,25,16,多云,4,948,1043.95,2464,5,1216,141.036
2021-05-08,1223,25,12,多云,3,947,1033.8,2461,6,1217,102.939
2021-05-09,1224,25,13,多云,2,946,603.44,2460,7,1218,50.984
2021-05-10,1225,23,14,多云,3,945,1076.59,2458,1,1219,52.237
2021-05-11,1226,24,13,阴,3,944,1075.72,2457,2,1220,51.625
2021-05-12,1227,26,16,晴,2,943,1076.92,2456,3,1221,48.406
2021-05-13,1228,22,17,多云,2,942,1067.45,2453,4,1222,65.794
2021-05-14,1229,20,18,阴,3,940,1135.97,2448,5,1223,66.234
2021-05-15,1230,21,16,阴,3,938,619.8,2446,6,1224,36.31
2021-05-16,1231,25,14,多云,3,937,629.59,2444,7,1225,27.806
2021-05-17,1232,30,16,多云,2,936,1070.25,2442,1,1226,44.078
2021-05-18,1233,32,19,多云,2,935,1062.37,2439,2,1227,57.746
2021-05-19,1234,30,20,阴,3,934,1058.33,2437,3,1228,71.21
2021-05-20,1235,27,16,多云,2,933,1076.49,2434,4,1229,65.036
2021-05-21,1236,30,19,小雨,2,932,1128.7,2431,5,1230,73.547
2021-05-22,1237,32,18,小雨转阴,3,931,648.91,2428,6,1231,75.761
2021-05-23,1238,26,15,多云,4,930,602.55,2425,7,1232,141.258
2021-05-24,1239,24,13,多云转小雨,3,929,1059.73,2423,1,1233,53.054
2021-05-25,1240,27,16,多云,3,928,1058.73,2421,2,1234,65.661
2021-05-26,1241,26,15,多云转小雨,2,927,1051.46,2418,3,1235,54.085
2021-05-27,1242,28,17,多云转小雨,3,926,1049.11,2416,4,1236,39.819
2021-05-28,1243,27,17,多云,3,924,1127.43,2413,5,1237,29.173
2021-05-29,1244,27,16,多云,3,922,662.78,2411,6,1238,39.606
2021-05-30,1245,27,15,多云,2,921,602.3,2407,7,1239,46.352
2021-05-31,1246,20,16,小雨,2,920,1046.41,2404,1,1240,45.183
2021-06-01,1247,28,17,多云,3,916,1061.21,2402,2,1241,39.55
2021-06-02,1248,26,15,多云,2,915,1043.89,2399,3,1242,42.699
2021-06-03,1249,29,14,晴,3,913,1049.27,2396,4,1243,29.494
2021-06-05,1251,33,17,晴,2,910,643.63,2391,6,1245,33.218
2021-06-06,1252,33,20,阴,2,909,576.31,2389,7,1246,46.749
2021-06-07,1253,28,20,阴,3,908,1051.98,2386,1,1247,50.381
2021-06-08,1254,28,21,多云,2,907,1046.18,2384,2,1248,66.394
2021-06-09,1255,25,19,阴,3,906,1031.69,2382,3,1249,52.692
2021-06-10,1256,32,18,晴,2,905,1073.9,2379,4,1250,35.782
2021-06-11,1257,35,19,阴,2,432,1163.26,1242,5,1251,53.035
2021-06-12,1258,35,23,阴,2,900,642.32,2370,6,1252,89.088
2021-06-13,1259,34,23,阴,2,899,557.01,2368,7,1253,86.493
2021-06-14,1260,28,22,多云,2,898,555.54,2365,1,1254,37.899
2021-06-15,1261,32,20,阴,2,897,1073.18,2363,2,1255,55.315
2021-06-16,1262,20,20,小雨,2,896,1069.49,2361,3,1256,35.671
2021-06-17,1263,32,19,晴,3,895,1069.8,2358,4,1257,29.443
2021-06-18,1264,34,19,晴,3,894,1124.69,2354,5,1258,30.623
2021-06-19,1265,35,20,晴,3,893,637.98,2351,6,1259,36.792
2021-06-20,1266,34,23,多云,2,892,571.8,2348,7,1260,39.697
2021-06-21,1267,35,22,晴,3,891,1072.83,2345,1,1261,66.383
2021-06-22,1268,32,21,多云,2,890,1066.8,2343,2,1262,53.275
2021-06-23,1269,23,22,阴,2,889,1076.95,2340,3,1263,40.062
2021-06-24,1270,27,20,小雨转阴,2,888,1062.42,2336,4,1264,46.76
2021-06-25,1271,28,22,小雨,2,886,1128.51,2331,5,1265,53.92
2021-06-26,1272,27,22,晴,2,884,622.16,2329,6,1266,43.711
2021-06-27,1273,33,22,晴,2,883,580.1,2326,7,1267,62.21
2021-06-28,1274,30,22,多云,2,882,1077.31,2323,1,1268,63.781
2021-06-29,1275,27,22,小雨到中雨,2,880,1054.45,2320,2,1269,45.199
2021-06-30,1276,29,23,晴,1,878,1044.12,2314,3,1270,38.707
2021-07-01,1277,29,19,阴,2,877,948.48,2311,4,1271,36.669
2021-07-02,1278,30,19,阴,2,876,1152.83,2307,5,1272,37.838
2021-07-03,1279,25,17,多云,2,875,661.39,2304,6,1273,38.728
2021-07-04,1280,35,23,多云,2,873,643.82,2299,7,1274,34.204
2021-07-05,1281,31,20,小雨到中雨,2,871,1122.82,2297,1,1275,38.259
2021-07-06,1282,29,22,阴,2,870,1143.41,2296,2,1276,39.819
2021-07-07,1283,32,23,晴,2,867,1146.68,2292,3,1277,53.081
2021-07-08,1284,34,22,晴,2,866,1148.47,2289,4,1278,42.177
2021-07-09,1285,32,23,晴,2,864,1218.0,2284,5,1279,51.822
2021-07-10,1286,31,23,阴,2,863,770.14,2283,6,1280,64.421
2021-07-11,1287,26,23,小雨到中雨,2,862,631.63,2279,7,1281,51.991
2021-07-12,1288,25,22,阴,3,861,882.68,2276,1,1282,17.34
2021-07-13,1289,31,24,多云,2,859,1168.53,2272,2,1283,23.354
2021-07-14,1290,30,24,多云,2,858,1180.05,2270,3,1284,40.886
2021-07-15,1291,32,24,多云,2,857,1162.63,2267,4,1285,47.26
2021-07-16,1292,30,24,阴,2,856,1202.41,2263,5,1286,37.075
2021-07-17,1293,29,23,阴,2,855,702.84,2260,6,1287,26.621
2021-07-18,1294,29,22,晴,3,854,615.98,2257,7,1288,29.595
2021-07-19,1295,30,24,阴,2,853,1139.6,2254,1,1289,32.246
2021-07-20,1296,30,23,多云,2,851,1147.97,2250,2,1290,37.46
2021-07-21,1297,28,23,阴,2,850,1122.68,2247,3,1291,34.517
2021-07-22,1298,28,23,阴,1,848,1103.19,2243,4,1292,27.08
2021-07-23,1299,32,27,多云转小雨,4,847,1165.83,2241,5,1293,34.981
2021-07-24,1300,32,24,晴,2,846,718.57,2236,6,1294,50.662
2021-07-25,1301,33,24,多云,3,845,639.05,2233,7,1295,56.767
2021-07-26,1302,31,25,阴,2,844,1099.4,2230,1,1296,55.052
2021-07-27,1303,36,23,晴,3,843,1090.03,2226,2,1297,27.287
2021-07-28,1304,32,23,晴,3,841,1098.3,2222,3,1298,22.998
2021-07-29,1305,26,22,小雨,2,839,1008.22,2218,4,1299,21.518
2021-07-30,1306,30,22,多云,2,838,1004.73,2215,5,1300,20.263
2021-07-31,1307,34,23,多云转小雨,2,837,540.76,2212,6,1301,45.548
2021-08-01,1308,32,22,晴,3,836,474.85,2209,7,1302,25.289
2021-08-02,1309,32,23,多云,2,833,940.43,2206,1,1303,26.342
2021-08-03,1310,31,24,阴,2,830,903.7,2201,2,1304,41.311
2021-08-04,1311,34,26,多云,2,829,880.6,2199,3,1305,52.331
2021-08-05,1312,32,23,多云,2,828,844.3,2196,4,1306,46.298
2021-08-06,1313,33,22,多云,2,827,852.37,2193,5,1307,43.831
2021-08-07,1314,33,23,晴,2,826,393.93,2190,6,1308,70.01
2021-08-08,1315,32,23,多云,2,825,348.53,2188,7,1309,67.731
2021-08-09,1316,30,22,晴,2,824,846.11,2185,1,1310,41.523
2021-08-10,1317,33,23,晴,2,823,854.65,2183,2,1311,37.941
2021-08-11,1318,30,23,阴,2,822,855.27,2180,3,1312,53.473
2021-08-12,1319,29,22,多云,2,820,848.01,2178,4,1313,48.904
2021-08-13,1320,29,22,多云,2,819,884.9,2177,5,1314,43.489
2021-08-14,1321,27,18,小雨,3,818,462.21,2175,6,1315,39.586
2021-08-15,1322,28,22,小雨,2,817,374.24,2173,7,1316,36.486
2021-08-16,1323,28,22,小雨转多云,1,815,894.0,2171,1,1317,38.025
2021-08-17,1324,30,21,多云,2,814,904.8,2169,2,1318,28.825
2021-08-18,1325,28,23,多云,2,813,903.93,2167,3,1319,35.428
2021-08-19,1326,24,20,阴,2,812,857.13,2164,4,1320,29.643
2021-08-20,1327,28,21,多云,2,811,944.49,2160,5,1321,27.964
2021-08-21,1328,31,22,晴,2,810,498.72,2159,6,1322,32.836
2021-08-22,1329,30,23,多云,2,809,416.39,2157,7,1323,58.655
2021-08-23,1330,30,20,中雨,2,807,930.74,2154,1,1324,51.82
2021-08-24,1331,28,19,晴,2,806,946.14,2151,2,1325,27.325
2021-08-25,1332,28,18,晴,2,805,953.54,2148,3,1326,22.865
2021-08-26,1333,26,17,晴,3,804,953.55,2145,4,1327,22.312
2021-08-27,1334,33,22,晴,2,802,991.21,2141,5,1328,26.593
2021-08-28,1335,28,18,多云,2,801,533.67,2139,6,1329,28.106
2021-08-29,1336,29,19,多云,2,799,476.66,2136,7,1330,39.456
2021-08-30,1337,28,20,多云,2,798,957.53,2134,1,1331,50.175
2021-08-31,1338,27,17,晴,2,796,959.64,2131,2,1332,43.269
2021-09-01,1339,29,18,晴,2,795,976.8,2128,3,1333,41.818
2021-09-02,1340,29,18,阴,1,793,976.7,2126,4,1334,47.514
2021-09-03,1341,30,22,多云,1,792,1042.92,2124,5,1335,55.086
2021-09-04,1342,23,20,阴到小雨,1,790,501.62,2121,6,1336,39.252
2021-09-05,1343,24,20,小雨,1,789,510.82,2119,7,1337,29.096
2021-09-06,1344,23,14,晴,1,787,1016.47,2117,1,1338,19.71
2021-09-07,1345,27,17,晴,2,785,1017.22,2115,2,1339,30.04
2021-09-08,1346,29,19,多云,2,784,1013.92,2113,3,1340,41.781
2021-09-09,1347,26,18,阴,1,783,1000.95,2111,4,1341,50.123
2021-09-10,1348,24,16,多云,1,780,1084.34,2108,5,1342,56.968
2021-09-11,1349,31,22,多云,1,779,626.36,2106,6,1343,69.379
2021-09-12,1350,23,20,多云,2,778,535.09,2103,7,1344,51.467
2021-09-13,1351,29,20,多云,1,777,1023.35,2100,1,1345,37.07
2021-09-14,1352,25,17,多云,1,776,1016.21,2098,2,1346,39.064
2021-09-15,1353,25,19,多云,1,775,1024.63,2095,3,1347,44.031
2021-09-16,1354,24,17,多云,1,774,1025.04,2092,4,1348,33.21
2021-09-17,1355,27,17,晴,1,773,1046.15,2089,5,1349,28.37
2021-09-18,1356,24,18,阴,1,771,1087.88,2083,6,1350,43.158
2021-09-19,1357,19,16,小雨,2,769,559.02,2079,7,1351,33.837
2021-09-20,1358,33,26,多云,2,767,489.77,2075,1,1352,22.153
2021-09-21,1359,27,11,晴,1,764,665.57,2070,2,1353,22.677
2021-09-22,1360,29,17,多云,1,763,1049.48,2068,3,1354,31.12
2021-09-23,1361,27,17,多云,2,760,1025.23,2064,4,1355,47.974
2021-09-24,1362,19,18,阴,1,759,1062.4,2063,5,1356,27.761
2021-09-25,1363,24,19,小雨到中雨,1,758,553.14,2061,6,1357,29.185
2021-09-26,1364,19,17,多云,1,756,981.64,2058,7,1358,23.16
2021-09-27,1365,28,17,多云,1,754,1036.96,2052,1,1359,29.817
2021-09-28,1366,23,17,多云,1,752,1044.21,2051,2,1360,48.532
2021-09-29,1367,23,15,阴,3,751,1057.3,2047,3,1361,44.376
2021-09-30,1368,22,16,晴,1,747,1115.19,2035,4,1362,55.607
2021-10-01,1369,23,16,多云,2,745,689.87,2029,5,1363,31.858
2021-10-02,1370,27,18,多云,1,744,573.42,2029,6,1364,57.435
2021-10-03,1371,21,16,多云,2,742,494.69,2025,7,1365,52.421
2021-10-04,1372,18,12,小雨,1,741,470.42,2024,1,1366,20.717
2021-10-05,1373,15,12,小雨,1,739,498.16,2020,2,1367,15.33
2021-10-06,1374,12,7,多云,1,738,477.03,2017,3,1368,12.271
2021-10-07,1375,19,7,晴,2,736,614.72,2015,4,1369,20.616
2021-10-08,1376,20,9,多云,1,733,1008.43,2011,5,1370,33.879
2021-10-09,1377,14,12,阴,1,732,995.31,2010,6,1371,33.706
2021-10-10,1378,19,5,晴,0,730,573.63,2007,7,1372,24.805
2021-10-11,1379,19,5,晴,0,729,1070.88,2006,1,1373,28.186
2021-10-12,1380,19,8,晴,1,727,1066.0,2002,2,1374,33.444
2021-10-13,1381,18,12,多云,0,726,1057.46,2000,3,1375,48.561
2021-10-14,1382,19,11,多云,1,725,1056.55,1998,4,1376,41.877
2021-10-15,1383,20,5,多云,2,723,1134.8,1995,5,1377,29.723
2021-10-16,1384,12,1,晴,1,722,661.65,1992,6,1378,23.015
2021-10-17,1385,15,2,晴,1,721,622.5,1989,7,1379,37.444
2021-10-18,1386,8,-5,晴,3,719,1083.45,1986,1,1380,59.959
2021-10-19,1387,14,1,晴,1,718,1073.16,1983,2,1381,24.682
2021-10-20,1388,14,3,晴,0,717,1052.75,1980,3,1382,44.931
2021-10-21,1389,19,5,晴,0,716,1038.58,1978,4,1383,37.157
2021-10-22,1390,18,3,晴,1,713,1081.44,1974,5,1384,31.515
2021-10-23,1391,17,4,晴,0,712,550.22,1970,6,1385,52.653
2021-10-24,1392,17,5,晴,1,710,482.81,1966,7,1386,89.33
2021-10-25,1393,18,6,阴,2,708,960.4,1963,1,1387,156.09
2021-10-26,1394,22,5,晴,1,707,944.16,1962,2,1388,86.997
2021-10-27,1395,21,7,多云,2,705,939.42,1958,3,1389,32.232
2021-10-28,1396,19,7,晴,1,704,927.76,1956,4,1390,47.9
2021-10-29,1397,19,6,晴,1,702,953.61,1950,5,1391,95.077
2021-10-30,1398,20,8,阴,1,700,457.43,1948,6,1392,128.951
2021-10-31,1399,18,5,晴,1,699,413.91,1945,7,1393,53.842
2021-11-01,1400,13,6,多云,2,698,922.96,1941,1,1394,77.722
2021-11-02,1401,12,4,晴,1,696,903.54,1936,2,1395,89.132
2021-11-03,1402,11,5,晴,1,694,902.52,1934,3,1396,119.938
2021-11-04,1403,13,7,晴,2,693,899.52,1932,4,1397,166.053
2021-11-05,1404,12,10,霾,1,691,940.6,1927,5,1398,190.01
2021-11-06,1405,13,2,小雨到中雨,3,689,363.02,1924,6,1399,118.408
2021-11-07,1406,1,-4,多云,3,687,383.1,1920,7,1400,17.468
2021-11-08,1407,6,0,晴,2,685,946.03,1917,1,1401,19.777
2021-11-09,1408,10,2,多云,2,683,939.38,1914,2,1402,20.272
2021-11-10,1409,13,3,晴,3,682,939.89,1912,3,1403,21.583
2021-11-11,1410,13,0,晴,1,681,921.22,1909,4,1404,20.605
2021-11-12,1411,9,6,小雨,1,679,936.71,1905,5,1405,37.285
2021-11-13,1412,18,1,晴,2,678,425.63,1904,6,1406,54.709
2021-11-14,1413,16,2,晴,2,677,382.15,1902,7,1407,59.503
2021-11-15,1414,10,0,晴,2,676,919.73,1899,1,1408,74.982
2021-11-16,1415,11,2,晴,1,673,922.1,1897,2,1409,75.845
2021-11-17,1416,13,2,晴,1,670,918.27,1893,3,1410,108.223
2021-11-18,1417,9,2,阴,2,668,925.03,1889,4,1411,133.043
2021-11-19,1418,9,3,多云,1,666,969.54,1885,5,1412,40.297
2021-11-20,1419,8,0,多云,1,662,463.57,1881,6,1413,58.183
2021-11-21,1420,6,-1,晴,4,663,394.28,1881,7,1414,100.711
2021-11-22,1421,3,-5,晴,1,660,941.8,1878,1,1415,30.855
2021-11-23,1422,-7,-14,多云,3,659,953.62,1876,2,1416,43.651
2021-11-24,1423,12,-2,晴,1,657,958.75,1871,3,1417,64.221
2021-11-25,1424,13,-2,多云,1,656,959.14,1870,4,1418,69.869
2021-11-26,1425,14,-2,晴,1,655,1010.96,1865,5,1419,49.728
2021-11-27,1426,8,0,多云,1,654,514.51,1861,6,1420,80.998
2021-11-28,1427,9,1,晴,1,652,459.05,1857,7,1421,135.468
2021-11-29,1428,7,-1,多云,1,651,970.07,1855,1,1422,88.494
2021-11-30,1429,6,-5,晴,3,650,970.86,1853,2,1423,22.575
2021-12-01,1430,9,-5,多云,2,647,979.37,1846,3,1424,29.482
2021-12-02,1431,13,0,多云,2,648,977.98,1847,4,1425,38.581
2021-12-03,1432,2,-8,多云,1,646,1022.72,1843,5,1426,40.282
2021-12-04,1433,13,-2,晴,1,644,525.96,1839,6,1427,50.52
2021-12-05,1434,10,1,多云,1,642,467.95,1835,7,1428,83.166
2021-12-06,1435,12,-3,多云,1,641,982.05,1832,1,1429,47.95
2021-12-07,1436,9,0,多云,2,640,981.0,1830,2,1430,40.603
2021-12-08,1437,6,1,小雨,2,639,977.5,1827,3,1431,65.248
2021-12-09,1438,3,1,晴,1,638,971.28,1824,4,1432,121.953
2021-12-10,1439,9,-1,多云,1,637,1030.59,1820,5,1433,82.375
2021-12-11,1440,10,-2,多云,2,636,540.75,1817,6,1434,46.958
2021-12-12,1441,3,-6,晴,1,634,474.78,1813,7,1435,21.667
2021-12-13,1442,4,-5,晴,0,633,989.7,1811,1,1436,45.623
2021-12-14,1443,2,-14,晴,1,632,988.89,1809,2,1437,70.083
2021-12-15,1444,3,-4,多云,1,630,990.24,1805,3,1438,89.909
2021-12-16,1445,4,-7,晴,3,629,984.93,1802,4,1439,53.902
2021-12-17,1446,0,-8,晴,2,628,1036.17,1798,5,1440,25.509
2021-12-18,1447,3,0,阴,0,626,532.08,1794,6,1441,43.438
2021-12-19,1448,8,-5,晴,1,625,483.42,1793,7,1442,66.03
2021-12-20,1449,14,-2,晴,1,624,996.9,1790,1,1443,76.476
2021-12-21,1450,8,-2,多云,3,623,999.14,1788,2,1444,60.404
2021-12-22,1451,13,0,晴,2,621,996.58,1784,3,1445,50.787
2021-12-23,1452,-1,-5,多云,2,620,987.35,1781,4,1446,66.693
2021-12-24,1453,-3,-9,晴,2,616,1071.54,1767,5,1447,25.672
2021-12-25,1454,-4,-11,晴,2,617,544.16,1769,6,1448,18.865
2021-12-26,1455,-1,-8,晴,3,615,468.97,1766,7,1449,27.836
2021-12-27,1456,6,-8,晴,1,614,1001.65,1761,1,1450,48.113
2021-12-28,1457,6,-5,多云,1,612,1004.83,1757,2,1451,58.621
2021-12-29,1458,5,-5,晴,2,611,1006.81,1751,3,1452,42.185
2021-12-30,1459,5,-7,晴,3,610,1009.09,1740,4,1453,37.933
2021-12-31,1460,4,-6,晴,2,606,1130.13,1734,5,1454,44.175
2022-01-01,1461,6,-7,晴,1,435,694.2,1307,6,1455,52.046
2022-01-02,1462,2,-7,多云,1,604,516.33,1729,7,1456,28.265
2022-01-03,1463,6,-7,晴,2,602,513.88,1727,1,1457,48.426
2022-01-04,1464,3,-6,晴,1,601,1014.02,1724,2,1458,53.215
2022-01-05,1465,2,-6,晴,1,600,1009.04,1722,3,1459,81.745
2022-01-06,1466,6,-7,晴,1,599,1007.41,1719,4,1460,78.922
2022-01-07,1467,3,-10,晴,1,598,1045.0,1714,5,1461,114.253
2022-01-08,1468,8,-5,多云,1,597,540.1,1712,6,1462,82.032
2022-01-09,1469,0,-13,阴,1,596,452.22,1708,7,1463,67.358
2022-01-10,1470,14,6,多云,1,595,987.21,1705,1,1464,38.126
2022-01-11,1471,0,-7,多云,1,594,981.45,1702,2,1465,26.057
2022-01-12,1472,2,-7,晴,2,593,977.14,1700,3,1466,38.588
2022-01-13,1473,3,-6,晴,2,592,975.41,1696,4,1467,24.827
2022-01-14,1474,2,-6,多云,1,591,1008.49,1694,5,1468,92.119
2022-01-15,1475,3,-8,晴,2,590,530.25,1691,6,1469,74.601
2022-01-16,1476,0,-9,晴,1,589,392.47,1687,7,1470,25.287
2022-01-17,1477,6,-8,多云,2,588,909.59,1683,1,1471,36.327
2022-01-18,1478,3,-9,多云,2,587,908.33,1681,2,1472,68.101
2022-01-19,1479,-2,-7,多云,2,586,885.64,1678,3,1473,80.629
2022-01-20,1480,-2,-5,多云,1,584,889.33,1672,4,1474,53.752
2022-01-21,1481,0,-4,小雪,2,583,892.62,1670,5,1475,78.475
2022-01-22,1482,1,-4,多云,1,581,421.82,1666,6,1476,132.408
2022-01-23,1483,1,-4,阴,2,580,325.1,1664,7,1477,161.149
2022-01-24,1484,7,-5,阴,1,579,777.04,1659,1,1478,198.735
2022-01-25,1485,5,-4,晴,4,578,759.55,1656,2,1479,104.446
2022-01-26,1486,3,-5,多云,1,576,724.13,1653,3,1480,20.223
2022-01-27,1487,3,-5,多云,3,575,680.32,1651,4,1481,23.577
2022-01-28,1488,4,-2,阴,1,573,622.68,1648,5,1482,25.32
2022-01-29,1489,-1,-9,晴,1,572,488.18,1646,6,1483,31.434
2022-01-30,1490,3,-3,霾,2,570,373.74,1642,7,1484,119.178
2022-01-31,1491,3,-5,晴,4,568,159.25,1638,1,1485,31.518
2022-02-01,1492,2,-7,晴,2,567,192.33,1636,2,1486,22.276
2022-02-02,1493,4,-7,晴,2,566,242.05,1634,3,1487,23.676
2022-02-03,1494,3,-6,多云,3,565,258.68,1632,4,1488,22.787
2022-02-04,1495,0,-6,晴,1,564,246.18,1629,5,1489,23.46
2022-02-05,1496,3,-5,晴,2,563,284.93,1626,6,1490,23.31
2022-02-06,1497,6,-5,多云,1,561,331.47,1623,7,1491,24.057
2022-02-07,1498,6,-5,多云,1,560,683.97,1620,1,1492,24.228
2022-02-08,1499,8,-5,晴,1,559,763.27,1618,2,1493,28.116
2022-02-09,1500,7,-5,多云,2,558,807.33,1616,3,1494,55.238
2022-02-10,1501,10,-3,阴,1,557,839.3,1613,4,1495,76.434
2022-02-11,1502,8,-3,多云,2,556,869.09,1610,5,1496,71.038
2022-02-12,1503,1,-2,多云,2,555,431.48,1608,6,1497,55.612
2022-02-13,1504,-3,-6,中雪,1,554,423.22,1603,7,1498,68.296
2022-02-14,1505,-1,-10,多云,2,552,947.52,1600,1,1499,28.493
2022-02-15,1506,-2,-10,多云,2,551,925.4,1594,2,1500,24.165
2022-02-16,1507,0,-9,晴,2,550,949.26,1591,3,1501,25.511
2022-02-17,1508,0,-7,多云,1,549,943.17,1587,4,1502,37.855
2022-02-18,1509,4,-6,多云,3,543,980.52,1584,5,1503,52.358
2022-02-19,1510,1,-9,晴,3,542,508.7,1582,6,1504,23.446
2022-02-20,1511,4,-7,晴,2,541,451.15,1579,7,1505,24.53
2022-02-21,1512,4,-8,多云,3,540,993.69,1576,1,1506,23.252
2022-02-22,1513,4,-7,晴,3,539,996.16,1572,2,1507,23.788
2022-02-23,1514,7,-6,晴,1,538,978.63,1568,3,1508,28.65
2022-02-24,1515,11,-5,晴,1,537,962.32,1565,4,1509,41.865
2022-02-25,1516,14,0,多云,2,533,1003.44,1560,5,1510,88.491
2022-02-26,1517,12,-2,晴,2,532,528.16,1558,6,1511,32.74
2022-02-27,1518,16,-2,晴,1,531,466.69,1555,7,1512,48.017
2022-02-28,1519,12,-1,阴,3,529,971.82,1550,1,1513,82.146
2022-03-01,1520,11,-1,晴,2,528,983.57,1548,2,1514,26.23
2022-03-02,1521,16,0,晴,1,527,987.06,1546,3,1515,43.247
2022-03-03,1522,11,0,多云,1,525,983.32,1542,4,1516,56.763
2022-03-04,1523,11,-1,扬沙,1,522,1019.96,1536,5,1517,81.447
2022-03-05,1524,10,-2,晴,1,520,555.45,1533,6,1518,33.547
2022-03-06,1525,11,-1,多云,2,518,485.59,1529,7,1519,47.345
2022-03-07,1526,18,2,晴,2,516,1000.09,1526,1,1520,49.958
2022-03-08,1527,16,2,晴,1,513,1029.4,1522,2,1521,78.943
2022-03-09,1528,17,4,多云,2,511,974.15,1520,3,1522,133.736
2022-03-10,1529,19,7,晴,1,510,974.15,1517,4,1523,203.352
2022-03-11,1530,12,5,多云,1,507,979.98,1512,5,1524,130.568
2022-03-12,1531,13,5,多云,1,506,473.25,1509,6,1525,63.169
2022-03-13,1532,11,4,多云,2,504,406.41,1504,7,1526,82.067
2022-03-14,1533,20,5,多云,2,503,898.44,1500,1,1527,50.84
2022-03-15,1534,15,6,多云,1,502,877.08,1496,2,1528,69.113
2022-03-16,1535,12,2,多云,2,501,871.1,1492,3,1529,79.082
2022-03-17,1536,3,-2,小雪,2,500,845.45,1488,4,1530,39.361
2022-03-18,1537,2,-2,大雪,1,499,879.22,1484,5,1531,61.251
2022-03-19,1538,6,-1,雨夹雪,2,498,387.45,1482,6,1532,40.371
2022-03-20,1539,10,1,多云,2,497,350.6,1477,7,1533,55.529
2022-03-21,1540,12,1,多云,2,495,863.2,1474,1,1534,27.01
2022-03-22,1541,9,1,多云,1,493,856.68,1472,2,1535,30.635
2022-03-23,1542,12,3,多云,1,492,863.69,1470,3,1536,73.374
2022-03-24,1543,9,7,多云,1,491,851.9,1467,4,1537,126.166
2022-03-25,1544,14,6,多云,1,490,877.07,1463,5,1538,120.055
2022-03-26,1545,20,3,多云,4,489,440.58,1461,6,1539,70.344
2022-03-27,1546,16,6,晴,1,487,393.35,1458,7,1540,32.194
2022-03-28,1547,18,9,多云,1,486,887.57,1454,1,1541,68.652
2022-03-29,1548,12,6,小雨,1,484,876.81,1450,2,1542,78.211
2022-03-30,1549,10,3,多云,2,483,898.45,1446,3,1543,43.528
2022-03-31,1550,15,2,多云,1,482,905.8,1442,4,1544,30.671
2022-04-01,1551,15,4,多云,2,481,907.0,1439,5,1545,32.354
2022-04-02,1552,19,4,晴,2,479,898.92,1434,6,1546,35.893
2022-04-03,1553,20,9,多云,3,478,535.11,1430,7,1547,52.492
2022-04-04,1554,22,10,多云,2,477,508.54,1428,1,1548,92.945
2022-04-05,1555,24,7,多云,2,476,402.84,1423,2,1549,93.36
2022-04-06,1556,14,4,晴,3,475,907.87,1421,3,1550,58.913
2022-04-07,1557,24,9,晴,1,474,906.7,1418,4,1551,62.813
2022-04-08,1558,25,12,晴,1,471,926.0,1415,5,1552,116.174
2022-04-09,1559,26,11,多云,1,470,439.06,1413,6,1553,124.382
2022-04-10,1560,26,14,多云,2,469,373.4,1409,7,1554,127.935
2022-04-11,1561,28,14,多云,2,468,892.25,1407,1,1555,134.249
2022-04-12,1562,23,14,阴,1,467,894.17,1403,2,1556,68.975
2022-04-13,1563,16,3,晴,1,466,905.96,1399,3,1557,55.21
2022-04-14,1564,21,8,晴,2,465,906.97,1395,4,1558,36.139
2022-04-15,1565,19,6,晴,2,463,942.67,1392,5,1559,30.804
2022-04-16,1566,23,11,晴,2,462,497.26,1390,6,1560,39.439
2022-04-17,1567,21,9,多云,2,461,416.61,1386,7,1561,71.92
2022-04-18,1568,23,10,晴,2,460,928.89,1383,1,1562,82.489
2022-04-19,1569,24,8,晴,1,459,930.31,1381,2,1563,77.437
2022-04-20,1570,29,17,多云,3,458,940.49,1377,3,1564,72.366
2022-04-21,1571,31,16,多云,2,457,919.21,1374,4,1565,87.181
2022-04-22,1572,25,10,多云,1,455,970.13,1369,5,1566,39.983
2022-04-23,1573,29,15,晴,1,454,410.57,1366,6,1567,74.829
2022-04-24,1574,27,14,多云,2,453,800.51,1364,7,1568,94.446
2022-04-25,1575,29,18,晴,2,452,801.45,1362,1,1569,100.236
2022-04-26,1576,15,2,晴,2,451,741.2,1359,2,1570,77.637
2022-04-27,1577,13,8,小雨,1,450,719.86,1356,3,1571,29.923
2022-04-28,1578,14,8,晴,2,449,671.99,1352,4,1572,25.195
2022-04-29,1579,20,11,阴,1,447,632.72,1345,5,1573,58.739
2022-04-30,1580,22,9,晴,3,446,235.12,1341,6,1574,28.527
2022-05-01,1581,26,11,多云,1,224,196.3,603,7,1575,35.03
2022-05-02,1582,26,12,多云,2,444,191.13,1334,1,1576,47.814
2022-05-03,1583,31,16,晴,1,443,184.16,1330,2,1577,62.496
2022-05-04,1584,33,19,多云,3,442,160.69,1326,3,1578,74.765
2022-05-05,1585,30,15,多云,1,441,386.71,1324,4,1579,75.012
2022-05-06,1586,21,9,多云,1,440,364.49,1321,5,1580,50.428
2022-05-07,1587,19,9,多云,1,439,349.17,1318,6,1581,36.839
2022-05-09,1589,18,8,晴,2,438,368.98,1312,1,1583,32.798
2022-05-10,1590,25,13,小雨,2,437,338.58,1309,2,1584,71.086
2022-05-11,1591,21,12,多云,2,434,332.16,1306,3,1585,43.375
2022-05-12,1592,19,14,阴,2,433,303.9,1304,4,1586,31.454
2022-06-06,1617,28,16,晴,2,431,451.31,1227,1,1611,25.918
2022-06-07,1618,27,17,多云,1,430,507.95,1223,2,1612,32.761
2022-06-08,1619,26,15,多云,2,429,531.68,1220,3,1613,45.498
2022-06-09,1620,25,18,多云,1,428,609.45,1218,4,1614,46.573
2022-06-10,1621,27,18,阴,2,427,610.14,1215,5,1615,60.743
2022-06-13,1624,27,18,多云,1,426,582.96,1205,1,1618,31.769
2022-06-14,1625,10,4,阴,4,425,577.35,1203,2,1619,36.258
2022-06-15,1626,27,18,多云,2,424,588.82,1200,3,1620,43.421
2022-06-16,1627,29,20,多云,1,423,593.66,1195,4,1621,63.87
2022-06-17,1628,9,3,阴,4,422,607.86,1191,5,1622,78.979
2022-06-20,1631,35,24,多云,2,421,673.59,1178,1,1625,83.9
2022-06-21,1632,35,24,多云,2,420,676.58,1176,2,1626,98.228
2022-06-22,1633,28,18,多云,4,419,675.94,1171,3,1627,66.704
2022-06-23,1634,36,23,晴,2,418,673.92,1167,4,1628,40.958
2022-06-24,1635,35,22,晴,2,416,690.75,1159,5,1629,31.663
2022-06-25,1636,22,11,晴,2,415,295.99,1158,6,1630,87.791
2022-06-27,1638,31,21,多云,2,414,745.62,1150,1,1632,43.067
2022-06-28,1639,30,17,多云,1,413,765.86,1146,2,1633,29.426
2022-06-29,1640,22,10,多云,2,412,787.15,1140,3,1634,23.624
2022-06-30,1641,30,22,多云,1,411,795.24,1136,4,1635,32.307
2022-07-01,1642,30,22,多云,2,408,841.79,1125,5,1636,37.23
2022-07-02,1643,31,23,多云,1,409,391.5,1127,6,1637,57.9
2022-07-03,1644,25,22,大雨,2,406,311.02,1121,7,1638,42.318
2022-07-04,1645,29,23,多云,2,403,844.46,1116,1,1639,33.451
2022-07-05,1646,32,23,小雨,2,402,850.73,1114,2,1640,54.989
2022-07-06,1647,30,22,多云,3,401,853.75,1110,3,1641,25.608
2022-07-07,1648,36,24,晴,2,398,859.04,1106,4,1642,38.78
2022-07-08,1649,34,24,多云,1,396,890.72,1100,5,1643,46.93
2022-07-09,1650,35,22,多云,1,395,445.96,1098,6,1644,33.044
2022-07-10,1651,27,20,小雨,3,394,405.23,1094,7,1645,28.864
2022-07-11,1652,27,23,多云,1,391,876.52,1089,1,1646,38.012
2022-07-12,1653,25,22,中雨,4,389,887.56,1087,2,1647,34.267
2022-07-13,1654,33,23,晴,2,388,898.1,1084,3,1648,33.662
2022-07-14,1655,35,21,晴,2,387,894.03,1079,4,1649,36.007
2022-07-15,1656,36,24,多云,1,386,917.56,1076,5,1650,39.016
2022-07-16,1657,33,23,多云,2,385,487.85,1073,6,1651,66.44
2022-07-17,1658,36,23,多云,2,384,437.81,1069,7,1652,47.037
2022-07-18,1659,35,22,晴,2,383,891.29,1065,1,1653,36.277
2022-07-19,1660,32,24,多云,2,382,901.05,1062,2,1654,52.531
2022-07-20,1661,32,22,多云,2,381,899.69,1059,3,1655,58.982
2022-07-21,1662,33,24,多云,2,380,896.68,1056,4,1656,58.729
2022-07-22,1663,31,23,多云,1,377,928.97,1050,5,1657,56.546
2022-07-23,1664,33,23,多云,3,376,506.13,1048,6,1658,32.821
2022-07-24,1665,33,25,多云,2,374,455.84,1044,7,1659,60.577
2022-07-25,1666,32,24,多云,2,373,899.69,1041,1,1660,47.842
2022-07-26,1667,33,23,阴,3,372,913.73,1038,2,1661,53.505
2022-07-27,1668,26,21,暴雨,2,370,908.01,1035,3,1662,37.412
2022-07-28,1669,29,21,多云,5,369,921.91,1032,4,1663,25.359
2022-07-29,1670,31,23,多云,4,368,961.25,1026,5,1664,36.521
2022-07-30,1671,31,24,多云,2,367,547.55,1022,6,1665,59.248
2022-07-31,1672,33,25,多云,2,366,501.31,1017,7,1666,46.515
2022-08-01,1673,34,25,多云,1,365,925.52,1013,1,1667,62.768
2022-08-02,1674,34,26,多云,2,364,927.68,1010,2,1668,63.928
2022-08-03,1675,35,26,多云,2,363,919.89,1006,3,1669,64.496
2022-08-04,1676,35,26,多云,1,362,943.1,1001,4,1670,58.464
2022-08-05,1677,36,27,晴,2,361,944.03,996,5,1671,44.487
2022-08-06,1678,33,25,雾,1,360,496.92,993,6,1672,40.399
2022-08-07,1679,32,25,雾,4,359,465.06,989,7,1673,44.506
2022-08-08,1680,27,22,多云,1,358,914.07,985,1,1674,24.141
2022-08-09,1681,24,20,小雨,2,357,942.68,982,2,1675,21.326
2022-08-10,1682,30,20,晴,3,356,943.55,979,3,1676,34.1
2022-08-11,1683,31,24,雾,2,355,938.27,976,4,1677,45.064
2022-08-12,1684,31,25,多云,2,354,953.43,972,5,1678,59.306
2022-08-13,1685,32,24,多云,1,353,557.46,969,6,1679,67.565
2022-08-14,1686,24,23,中雨,1,352,443.03,965,7,1680,42.586
2022-08-15,1687,35,21,雾,3,351,945.41,962,1,1681,25.45
2022-08-16,1688,31,22,多云,1,350,958.75,959,2,1682,28.49
2022-08-17,1689,30,24,多云,3,349,950.77,956,3,1683,48.1
2022-08-18,1690,25,24,中雨,1,348,904.62,952,4,1684,44.395
2022-08-19,1691,31,21,多云,2,347,973.09,948,5,1685,27.92
2022-08-20,1692,30,23,多云,2,346,559.56,946,6,1686,32.5
2022-08-21,1693,31,24,多云,2,345,482.28,943,7,1687,51.673
2022-08-22,1694,33,19,雾,1,344,928.36,939,1,1688,30.467
2022-08-23,1695,28,21,多云,2,343,941.11,936,2,1689,17.483
2022-08-24,1696,27,19,多云,1,342,934.45,933,3,1690,27.342
2022-08-25,1697,32,19,晴,1,341,933.26,930,4,1691,30.016
2022-08-26,1698,27,14,多云,1,340,958.12,926,5,1692,25.349
2022-08-27,1699,27,18,多云,1,339,565.71,923,6,1693,22.961
2022-08-28,1700,23,16,多云,2,338,474.27,918,7,1694,36.596
2022-08-29,1701,22,18,多云,1,337,916.71,915,1,1695,30.864
2022-08-30,1702,27,18,多云,1,336,926.33,913,2,1696,42.246
2022-08-31,1703,31,18,晴,2,335,915.72,909,3,1697,24.541
2022-09-01,1704,28,15,晴,2,334,916.63,906,4,1698,33.378
2022-09-02,1705,28,18,晴,1,332,940.65,903,5,1699,47.932
2022-09-03,1706,27,19,多云,1,331,503.35,901,6,1700,54.202
2022-09-04,1707,28,20,多云,2,330,448.12,897,7,1701,54.945
2022-09-05,1708,28,14,晴,3,329,917.44,895,1,1702,23.471
2022-09-06,1709,29,15,晴,1,328,922.48,893,2,1703,28.403
2022-09-07,1710,32,17,晴,2,327,922.48,890,3,1704,33.625
2022-09-08,1711,32,19,晴,1,326,920.97,887,4,1705,55.16
2022-09-09,1712,31,20,多云,1,325,995.55,881,5,1706,76.332
2022-09-10,1713,31,19,多云,2,324,495.58,878,6,1707,87.036
2022-09-11,1714,28,20,多云,1,323,465.02,875,7,1708,50.361
2022-09-12,1715,30,20,多云,1,322,445.78,872,1,1709,75.757
2022-09-13,1716,30,20,多云,4,321,887.77,869,2,1710,81.763
2022-09-14,1717,30,20,多云,2,320,902.62,866,3,1711,58.886
2022-09-15,1718,30,19,多云,2,319,900.57,864,4,1712,47.517
2022-09-16,1719,30,20,多云,1,318,939.2,861,5,1713,54.385
2022-09-17,1720,30,20,多云,2,317,502.49,858,6,1714,72.895
2022-09-18,1721,29,17,晴,1,316,438.74,855,7,1715,35.251
2022-09-19,1722,26,13,多云,2,315,907.81,852,1,1716,29.385
2022-09-20,1723,26,14,晴,1,314,929.37,850,2,1717,28.043
2022-09-21,1724,26,16,多云,3,313,930.48,847,3,1718,49.87
2022-09-22,1725,27,13,多云,4,312,930.3,845,4,1719,48.639
2022-09-23,1726,25,10,晴,2,311,983.44,841,5,1720,25.323
2022-09-24,1727,26,11,多云,3,310,553.79,839,6,1721,42.239
2022-09-25,1728,26,13,多云,1,308,489.29,836,7,1722,76.8
2022-09-26,1729,28,15,多云,1,307,941.21,834,1,1723,95.159
2022-09-27,1730,29,16,多云,2,306,952.48,831,2,1724,98.533
2022-09-28,1731,28,16,多云,1,305,947.5,828,3,1725,93.71
2022-09-29,1732,29,18,多云,2,302,937.24,822,4,1726,100.936
2022-09-30,1733,29,19,多云,1,301,979.97,813,5,1727,117.302
2022-10-01,1734,24,19,多云,1,300,557.11,809,6,1728,94.602
2022-10-02,1735,19,17,小雨,1,299,492.43,806,7,1729,28.317
2022-10-03,1736,20,8,小雨,3,298,397.02,804,1,1730,17.449
2022-10-04,1737,16,4,晴,1,297,493.82,801,2,1731,19.088
2022-10-05,1738,15,6,多云,2,296,466.78,800,3,1732,25.824
2022-10-06,1739,18,4,多云,2,295,461.97,797,4,1733,42.225
2022-10-07,1740,19,9,多云,2,294,426.98,794,5,1734,71.214
2022-10-08,1741,12,9,多云,2,293,816.03,791,6,1735,88.977
2022-10-09,1742,15,6,晴,3,292,795.43,789,7,1736,22.27
2022-10-10,1743,18,3,晴,1,291,843.68,787,1,1737,22.029
2022-10-11,1744,20,5,晴,3,290,844.61,785,2,1738,33.293
2022-10-12,1745,20,8,多云,1,289,844.06,783,3,1739,71.846
2022-10-13,1746,19,12,多云,1,288,826.64,781,4,1740,113.443
2022-10-14,1747,22,10,多云,1,286,857.45,778,5,1741,141.475
2022-10-15,1748,24,11,多云,1,285,419.8,776,6,1742,147.5
2022-10-16,1749,19,5,晴,1,284,373.98,774,7,1743,27.47
2022-10-17,1750,17,2,晴,2,283,823.34,771,1,1744,18.587
2022-10-18,1751,19,2,晴,1,282,825.03,769,2,1745,29.896
2022-10-19,1752,21,7,晴,3,280,822.08,767,3,1746,60.392
2022-10-20,1753,18,7,多云,3,279,822.08,764,4,1747,102.443
2022-10-21,1754,22,10,多云,1,278,855.92,761,5,1748,126.278
2022-10-22,1755,21,5,晴,1,277,438.8,758,6,1749,47.383
2022-10-23,1756,22,4,晴,1,276,395.11,755,7,1750,27.149
2022-10-24,1757,20,6,晴,1,275,852.93,753,1,1751,53.912
2022-10-25,1758,19,10,多云,1,274,858.73,751,2,1752,116.429
2022-10-26,1759,18,10,多云,3,272,853.66,748,3,1753,138.166
2022-10-27,1760,12,9,多云,0,271,841.0,745,4,1754,25.435
2022-10-28,1761,13,9,多云,2,270,882.59,741,5,1755,53.123
2022-10-29,1762,14,8,多云,1,268,433.56,738,6,1756,63.302
2022-10-30,1763,15,8,多云,1,267,365.71,736,7,1757,92.876
2022-10-31,1764,17,2,晴,2,266,829.2,734,1,1758,46.62
2022-11-01,1765,15,4,晴,1,265,832.77,732,2,1759,29.235
2022-11-02,1766,16,3,多云,2,263,829.24,729,3,1760,57.865
2022-11-03,1767,13,0,多云,1,261,829.24,728,4,1761,43.843
2022-11-04,1768,14,-1,晴,2,260,859.91,725,5,1762,30.369
2022-11-05,1769,16,4,晴,2,259,415.3,721,6,1763,51.596
2022-11-06,1770,12,4,多云,1,258,339.12,719,7,1764,110.336
2022-11-07,1771,16,1,晴,1,257,789.12,717,1,1765,53.543
2022-11-08,1772,16,3,多云,2,256,762.21,713,2,1766,58.17
2022-11-09,1773,13,5,多云,1,255,744.52,710,3,1767,103.295
2022-11-10,1774,16,8,多云,1,254,722.16,708,4,1768,117.041
2022-11-11,1775,12,10,小雨,1,252,711.1,703,5,1769,137.621
2022-11-12,1776,11,0,多云,3,251,280.58,701,6,1770,16.875
2022-11-13,1777,9,-1,晴,2,250,265.78,698,7,1771,19.25
2022-11-14,1778,12,0,晴,1,249,736.63,695,1,1772,48.69
2022-11-15,1779,17,0,雾,2,248,722.94,692,2,1773,38.744
2022-11-16,1780,15,0,多云,1,247,719.69,690,3,1774,42.244
2022-11-17,1781,15,4,多云,1,246,697.28,687,4,1775,85.287
2022-11-18,1782,11,4,多云,5,245,690.04,683,5,1776,112.431
2022-11-19,1783,14,5,多云,2,244,252.14,681,6,1777,129.953
2022-11-20,1784,9,4,多云,2,243,189.06,677,7,1778,152.885
2022-11-21,1785,13,2,多云,2,242,408.89,674,1,1779,58.176
2022-11-22,1786,11,0,多云,1,241,310.96,672,2,1780,60.32
2022-11-23,1787,13,2,多云,1,240,241.3,670,3,1781,93.787
2022-11-24,1788,8,4,多云,1,237,177.31,667,4,1782,154.528
2022-11-25,1789,13,-2,雾,2,236,138.74,663,5,1783,96.208
2022-11-28,1792,13,-5,多云,3,235,174.18,653,1,1786,79.036
2022-11-29,1793,-5,-9,多云,4,234,187.05,651,2,1787,42.407
2022-11-30,1794,-1,-9,晴,4,233,197.05,647,3,1788,29.956
2022-12-01,1795,0,-8,晴,1,232,202.74,643,4,1789,32.722
2022-12-03,1797,2,-9,多云,1,231,124.38,637,6,1791,32.814
2022-12-04,1798,2,-8,晴,1,230,113.88,632,7,1792,31.273
2022-12-05,1799,5,-8,多云,2,229,285.65,630,1,1793,42.903
2022-12-06,1800,6,-6,晴,1,228,287.15,627,2,1794,48.243
2022-12-07,1801,8,-5,多云,1,227,330.27,623,3,1795,42.61
2022-12-08,1802,9,-5,多云,1,226,329.04,620,4,1796,43.477
2022-12-09,1803,7,-3,多云,2,225,301.94,617,5,1797,64.911
2022-12-17,1811,-2,-11,多云,1,223,110.65,602,6,1805,31.701
2022-12-19,1813,2,-9,晴,1,222,278.62,598,1,1807,46.832
2022-12-20,1814,2,-7,多云,4,221,309.11,597,2,1808,58.606
2022-12-21,1815,0,-7,多云,4,220,349.06,595,3,1809,31.675
2022-12-22,1816,-1,-8,多云,2,219,372.54,592,4,1810,19.529
2022-12-23,1817,0,-7,晴,3,218,409.21,591,5,1811,21.304
2022-12-24,1818,4,-7,晴,3,217,261.07,590,6,1812,28.038
2022-12-25,1819,1,-7,多云,1,216,240.44,587,7,1813,41.346
2022-12-26,1820,3,-7,晴,1,215,566.02,585,1,1814,45.812
2022-12-27,1821,1,-8,晴,2,214,577.3,583,2,1815,29.295
2022-12-28,1822,3,-8,晴,5,213,592.35,580,3,1816,35.032
2022-12-29,1823,3,-9,晴,1,212,603.15,577,4,1817,24.011
2022-12-30,1824,4,-8,晴,1,211,641.28,575,5,1818,38.776
2022-12-31,1825,6,-7,晴,1,210,372.37,567,6,1819,45.943
2023-01-01,1826,4,-7,多云,1,209,340.48,566,7,1820,38.868
2023-01-02,1827,3,-8,多云,1,208,334.75,562,1,1821,24.505
2023-01-03,1828,3,-8,多云,1,207,718.6,559,2,1822,36.676
2023-01-04,1829,5,-8,晴,1,206,727.48,555,3,1823,62.544
2023-01-05,1830,4,-6,多云,1,205,736.05,553,4,1824,109.338
2023-01-06,1831,9,-7,多云,1,204,769.14,551,5,1825,110.161
2023-01-07,1832,7,-6,多云,1,203,414.71,548,6,1826,66.007
2023-01-08,1833,12,-5,晴,3,202,383.17,544,7,1827,59.122
2023-01-09,1834,8,-6,多云,5,201,790.45,541,1,1828,36.271
2023-01-10,1835,7,-6,晴,4,200,799.49,538,2,1829,57.988
2023-01-11,1836,2,-4,多云,1,198,796.71,534,3,1830,83.627
2023-01-12,1837,3,0,多云,1,197,795.93,530,4,1831,117.105
2023-01-13,1838,7,-4,多云,2,196,818.37,528,5,1832,102.911
2023-01-14,1839,-2,-10,阴,4,195,426.72,525,6,1833,20.986
2023-01-15,1840,0,-10,晴,2,194,382.8,522,7,1834,24.14
2023-01-16,1841,1,-8,晴,3,193,714.72,520,1,1835,40.004
2023-01-17,1842,3,-9,晴,2,192,685.16,517,2,1836,80.024
2023-01-18,1843,3,-6,晴,1,191,602.8,513,3,1837,67.845
2023-01-19,1844,4,-9,晴,1,190,469.81,510,4,1838,73.646
2023-01-20,1845,-1,-9,晴,1,189,329.86,507,5,1839,38.76
2023-01-21,1846,1,-9,晴,1,188,124.41,503,6,1840,58.225
2023-01-22,1847,4,-8,多云,2,187,195.48,499,7,1841,98.721
2023-01-23,1848,-3,-14,多云,3,186,228.2,497,1,1842,63.223
2023-01-24,1849,-6,-13,晴,1,185,256.95,494,2,1843,36.514
2023-01-25,1850,-4,-10,多云,2,184,313.09,490,3,1844,42.349
2023-01-26,1851,1,-9,多云,2,183,352.38,487,4,1845,46.682
2023-01-27,1852,2,-9,晴,3,182,396.06,480,5,1846,25.44
2023-01-28,1853,6,-5,晴,1,181,634.71,478,6,1847,61.479
2023-01-29,1854,10,-6,晴,1,180,697.74,470,7,1848,64.306
2023-01-30,1855,8,-5,晴,2,179,820.83,465,1,1849,62.802
2023-01-31,1856,14,-3,晴,3,177,883.51,463,2,1850,76.766
2023-02-01,1857,4,-8,多云,2,176,903.3,460,3,1851,32.486
2023-02-02,1858,2,-7,多云,1,175,916.39,455,4,1852,23.215
2023-02-03,1859,5,-5,多云,1,174,963.53,449,5,1853,43.571
2023-02-04,1860,9,-6,晴,2,172,574.67,443,6,1854,48.046
2023-02-05,1861,6,-4,多云,1,171,551.63,436,7,1855,104.088
2023-02-06,1862,8,-5,多云,2,169,970.71,433,1,1856,133.215
2023-02-07,1863,6,-5,晴,1,167,997.2,430,2,1857,67.44
2023-02-08,1864,7,-2,多云,2,166,1013.75,426,3,1858,35.99
2023-02-09,1865,1,-5,多云,2,165,1008.15,422,4,1859,68.645
2023-02-10,1866,3,-3,多云,2,163,1087.18,414,5,1860,113.888
2023-02-11,1867,3,0,多云,2,162,682.72,410,6,1861,187.179
2023-02-12,1868,2,-4,大雪,1,161,543.27,402,7,1862,111.93
2023-02-13,1869,6,-2,多云,3,160,1079.13,398,1,1863,23.526
2023-02-14,1870,4,-5,多云,1,158,1120.61,391,2,1864,22.899
2023-02-15,1871,4,-6,多云,2,157,1084.96,388,3,1865,50.214
2023-02-16,1872,6,-4,多云,1,155,1082.14,382,4,1866,107.692
2023-02-17,1873,5,-1,多云,1,151,1142.14,370,5,1867,177.679
2023-02-18,1874,4,-5,多云,3,149,666.42,363,6,1868,167.551
2023-02-19,1875,11,-3,晴,2,148,683.51,359,7,1869,34.754
2023-02-20,1876,6,-5,晴,2,147,1078.1,356,1,1870,27.288
2023-02-21,1877,5,-3,多云,1,146,1076.31,353,2,1871,43.783
2023-02-22,1878,9,-2,多云,2,145,1082.41,350,3,1872,77.168
2023-02-23,1879,10,0,多云,2,144,1085.26,346,4,1873,122.669
2023-02-24,1880,7,-5,多云,2,143,1178.1,332,5,1874,50.754
2023-02-25,1881,10,-4,晴,2,142,777.16,324,6,1875,26.394
2023-02-26,1882,11,-1,晴,1,141,679.86,320,7,1876,93.384
2023-02-27,1883,12,1,多云,1,140,1059.37,318,1,1877,173.063
2023-02-28,1884,14,-1,多云,2,139,1059.66,316,2,1878,88.409
2023-03-01,1885,10,-3,晴,2,138,1058.78,313,3,1879,26.864
2023-03-02,1886,14,0,晴,2,137,1045.69,310,4,1880,51.603
2023-03-03,1887,20,0,晴,1,135,1121.76,299,5,1881,64.168
2023-03-04,1888,16,0,多云~晴,1,134,712.65,294,6,1882,143.165
2023-03-05,1889,11,2,多云~晴,1,133,624.37,292,7,1883,211.663
2023-03-06,1890,23,3,多云~晴,1,132,1033.05,289,1,1884,171.567
2023-03-07,1891,21,7,多云,1,131,1031.28,287,2,1885,193.647
2023-03-08,1892,19,2,多云~晴,2,130,1071.84,284,3,1886,114.945
2023-03-09,1893,19,6,多云~晴,1,129,1016.48,280,4,1887,77.105
2023-03-10,1894,27,8,多云,3,128,1093.7,276,5,1888,240.738
2023-03-11,1895,14,1,多云~小雨,4,127,650.7,274,6,1889,127.42
2023-03-12,1896,11,-1,多云,2,126,605.02,270,7,1890,52.982
2023-03-13,1897,15,3,多云,1,125,1024.28,268,1,1891,72.821
2023-03-14,1898,21,1,扬沙~晴,3,124,1031.88,266,2,1892,140.922
2023-03-15,1899,11,-1,多云~晴,1,123,1039.56,264,3,1893,98.974
2023-03-16,1900,11,1,多云,1,122,1045.78,262,4,1894,44.942
2023-03-17,1901,10,1,多云,1,120,1124.75,251,5,1895,87.809
2023-03-18,1902,17,1,多云~晴,2,119,774.25,250,6,1896,45.907
2023-03-19,1903,14,5,多云,1,118,679.77,245,7,1897,81.072
2023-03-20,1904,16,7,多云,1,116,1062.92,242,1,1898,148.574
2023-03-21,1905,18,10,多云,1,115,1059.52,241,2,1899,161.395
2023-03-22,1906,15,4,多云,2,114,1036.96,239,3,1900,338.165
2023-03-23,1907,12,4,多云,2,113,1062.67,236,4,1901,101.652
2023-03-24,1908,13,3,多云~阴,1,111,1152.63,230,5,1902,61.107
2023-03-25,1909,15,-1,多云~晴,1,110,761.41,227,6,1903,58.063
2023-03-26,1910,16,3,多云~晴,3,109,719.1,222,7,1904,53.305
2023-03-27,1911,20,5,多云~晴,3,108,1084.71,220,1,1905,54.927
2023-03-28,1912,21,7,多云,4,106,1084.03,216,2,1906,92.969
2023-03-29,1913,25,10,多云~晴,4,105,1088.82,213,3,1907,122.567
2023-03-30,1914,25,11,多云~晴,1,104,1086.06,212,4,1908,109.408
2023-03-31,1915,23,10,多云,2,103,1187.77,204,5,1909,86.537
2023-04-01,1916,22,12,多云,3,102,822.27,197,6,1910,79.368
2023-04-02,1917,20,13,多云~阴,4,100,688.26,192,7,1911,100.703
2023-04-03,1918,18,9,多云~小雨,2,99,1060.12,190,1,1912,71.524
2023-04-04,1919,12,6,小雨,2,98,1078.84,186,2,1913,41.002
2023-04-05,1920,17,9,多云~小雨,0,97,639.26,183,3,1914,35.406
2023-04-06,1921,18,5,多云~晴,3,96,1090.2,181,4,1915,43.152
2023-04-07,1922,16,4,晴,3,95,1187.59,175,5,1916,34.432
2023-04-08,1923,22,8,晴~多云,4,94,807.71,169,6,1917,47.514
2023-04-09,1924,22,10,多云,2,93,721.17,166,7,1918,87.53
2023-04-10,1925,28,11,多云,1,92,1100.77,164,1,1919,177.62
2023-04-11,1926,18,5,多云~晴,5,90,1079.83,161,2,1920,309.072
2023-04-12,1927,22,11,多云~晴,2,89,1117.09,160,3,1921,287.312
2023-04-13,1928,22,13,多云,5,88,1106.71,158,4,1922,458.624
2023-04-14,1929,20,8,多云~晴,3,87,1198.97,154,5,1923,189.451
2023-04-15,1930,20,7,多云~晴,3,86,826.74,146,6,1924,72.675
2023-04-16,1931,21,10,多云,3,85,751.19,144,7,1925,51.439
2023-04-17,1932,21,10,多云,2,83,1096.87,142,1,1926,78.925
2023-04-18,1933,27,9,多云~晴,3,82,1112.46,141,2,1927,71.404
2023-04-19,1934,26,16,多云~扬沙,1,81,1108.06,139,3,1928,77.76
2023-04-20,1935,18,12,多云~阴,2,80,1096.68,137,4,1929,79.508
2023-04-21,1936,14,8,多云~小雨,3,78,1171.96,130,5,1930,37.605
2023-04-22,1937,14,7,多云,1,77,711.06,129,6,1931,32.415
2023-04-23,1938,16,6,多云,4,76,1052.39,127,7,1932,53.017
2023-04-24,1939,17,8,多云~阴,3,75,1084.21,125,1,1933,55.814
2023-04-25,1940,20,5,多云~晴,3,74,1111.91,122,2,1934,74.063
2023-04-26,1941,19,10,多云,1,72,1130.22,117,3,1935,48.44
2023-04-27,1942,20,12,多云~小雨,3,71,1131.97,114,4,1936,81.519
2023-04-28,1943,21,11,雾~多云,2,67,1236.33,99,5,1937,67.436
2023-04-29,1944,24,9,多云~晴,3,66,872.19,87,6,1938,42.2
2023-04-30,1945,24,11,多云~晴,2,32,844.27,77,7,1939,41.352
2023-05-01,1946,25,16,多云~小雨,3,31,781.65,70,1,1940,69.45
2023-05-02,1947,28,16,多云~晴,3,30,731.88,66,2,1941,77.699
2023-05-03,1948,27,15,多云,2,29,682.5,63,3,1942,80.728
2023-05-04,1949,20,15,多云~小雨,2,27,1036.22,59,4,1943,53.21
2023-05-05,1950,19,14,多云,2,25,1048.85,56,5,1944,26.411
2023-05-06,1951,24,12,多云~晴,1,24,1045.64,56,6,1945,29.946
2023-05-07,1952,26,11,晴,1,23,637.12,53,7,1946,36.792
2023-05-08,1953,28,13,多云,2,22,1074.33,51,1,1947,48.553
2023-05-09,1954,27,14,多云,3,21,1078.69,48,2,1948,58.849
2023-05-10,1955,27,14,多云,6,20,1092.35,45,3,1949,55.788
2023-05-11,1956,27,13,多云,2,18,1081.65,42,4,1950,71.562
2023-05-12,1957,25,15,小雨~晴,2,17,1155.8,40,5,1951,60.189
2023-05-13,1958,28,16,多云~晴,4,16,772.16,35,6,1952,35.236
2023-05-14,1959,30,16,晴,2,15,672.43,33,7,1953,68.875
2023-05-15,1960,34,22,多云~晴,3,14,1070.88,30,1,1954,99.833
2023-05-16,1961,19,9,多云,1,13,1053.45,29,2,1955,84.165
2023-05-17,1962,8,3,阴,3,12,1064.5,27,3,1956,54.487
2023-05-18,1963,23,14,多云,2,11,1066.37,25,4,1957,47.632
2023-05-19,1964,18,17,晴,5,10,1134.92,23,5,1958,63.58
2023-05-21,1966,22,16,多云,3,8,660.18,16,7,1960,90.161
2023-05-22,1967,15,9,小雨到大雨,1,7,1056.39,14,1,1961,37.837
2023-05-23,1968,21,16,晴,2,6,1054.17,12,2,1962,42.944
2023-05-24,1969,22,16,晴,2,5,1054.17,10,3,1963,69.649
2023-05-25,1970,19,13,多云,2,4,1034.95,9,4,1964,61.955
2023-05-26,1971,24,12,多云,2,3,1129.95,7,5,1965,76.941
2023-05-27,1972,22,11,多云,2,1,640.15,4,6,1966,84.098
